country_code,country_name_tourism,year,value,indicator,country_name_wdi,EN.POP.DNST,IS.AIR.PSGR,IT.NET.USER.ZS,NY.GDP.MKTP.CD,NY.GDP.MKTP.KD.ZG,NY.GDP.PCAP.CD,SH.MED.BEDS.ZS,SH.XPD.CHEX.PC.CD,SP.DYN.LE00.IN,SP.POP.TOTL,shock_2020
AD,Andorra,2018,8328000.0,ST.INT.ARVL,Andorra,159.91914893617,4090437.5,90.7187,3218419896.9641,1.58876549046354,42819.7745797624,2.543968558429645,3158.13647461,84.242,75162.0,-0.367698846387371
AD,Andorra,2019,8235000.0,ST.INT.ARVL,Andorra,162.710638297872,3884311.4244999997,90.7187,3155149347.80639,2.01554763848308,41257.8045846483,2.54568504009664,3021.43261719,84.098,76474.0,-0.367698846387371
AD,Andorra,2020,5207000.0,ST.INT.ARVL,Andorra,164.63829787234,1187021.2719999999,93.2056,2891001149.3611,-11.1839399355384,37361.0900666982,2.61,3282.81738281,79.418,77380.0,-0.367698846387371
AE,United Arab Emirates,2018,23092000.0,ST.INT.ARVL,United Arab Emirates,131.606603773585,95758342.0,98.45,427049432157.931,1.31391388153578,45689.8570049401,1.63,1872.58422852,82.449,9346701.0,-0.6802468159164623
AE,United Arab Emirates,2019,25282000.0,ST.INT.ARVL,United Arab Emirates,133.001760067587,93995208.09,99.15,417989721742.682,1.10834813453296,44251.4541398817,1.87,1962.46728516,82.596,9445785.0,-0.6802468159164623
AE,United Arab Emirates,2020,8084000.0,ST.INT.ARVL,United Arab Emirates,132.371698113208,26116897.0,100.0,349473015330.157,-4.95705243303316,37173.8754093066,1.94,2154.41113281,81.936,9401038.0,-0.6802468159164623
AF,Afghanistan,2018,,ST.INT.ARVL,Afghanistan,56.3344817012404,1125367.0,16.8,18053222687.4126,1.18922812944517,491.337221382603,0.4,71.22509003,62.443,36743039.0,
AF,Afghanistan,2019,,ST.INT.ARVL,Afghanistan,58.0410606687825,1066747.35619248,17.6,18799444490.1128,3.91160341625552,496.6025042585,0.38,74.0642395,62.941,37856121.0,
AF,Afghanistan,2020,,ST.INT.ARVL,Afghanistan,59.9006163469942,449041.025,17.0485,19955929052.1496,-2.35110067203466,510.787063366811,0.34,80.0892334,61.454,39068979.0,
AG,Antigua and Barbuda,2018,1064000.0,ST.INT.ARVL,Antigua and Barbuda,206.65,580174.156834825,72.9637,1661529629.62963,6.71200487159726,18273.4270684912,3.29,856.37127686,77.132,90926.0,-0.6285024154589371
AG,Antigua and Barbuda,2019,1035000.0,ST.INT.ARVL,Antigua and Barbuda,207.645454545455,526333.995080553,73.9792,1726448148.14815,3.1722219373937,18896.3721832248,3.29,808.14996338,77.168,91364.0,-0.6285024154589371
AG,Antigua and Barbuda,2020,384500.0,ST.INT.ARVL,Antigua and Barbuda,208.740909090909,356.0,75.0089,1411637037.03704,-18.8687765208148,15369.6082250401,3.29,883.50018311,77.161,91846.0,-0.6285024154589371
AL,Albania,2018,5927000.0,ST.INT.ARVL,Albania,104.612262773723,303137.0,65.4,15379508329.7568,3.67141928098908,5365.48880180298,2.84,349.21127319,79.238,2866376.0,-0.5850764907898844
AL,Albania,2019,6406000.0,ST.INT.ARVL,Albania,104.167554744526,307741.0,68.5504,15585111614.0376,2.06257790176122,5460.4305086932,2.85,366.34014893,79.467,2854191.0,-0.5850764907898844
AL,Albania,2020,2658000.0,ST.INT.ARVL,Albania,103.571131386861,124714.0,72.2377,15241455556.3737,-3.31375636888916,5370.77749956875,2.91,396.17477417,77.824,2837849.0,-0.5850764907898844
AM,Armenia,2018,1652000.0,ST.INT.ARVL,Armenia,104.285212504391,53259.0,68.2451,12457940694.7395,5.19999999965324,4196.00562301769,4.28,428.34570313,75.619512195122,2969000.0,-0.8020063357972544
AM,Armenia,2019,1894000.0,ST.INT.ARVL,Armenia,104.056902002107,193668.0,66.5439,13619290539.2116,7.59999999853918,4597.22887399548,4.18,533.69952393,76.2219512195122,2962500.0,-0.8020063357972544
AM,Armenia,2020,375000.0,ST.INT.ARVL,Armenia,105.027376627853,54940.0,76.5077,12641698583.2152,-7.19999999920631,4268.68093304583,4.59,535.2723999,73.3756097560976,2961500.0,-0.8020063357972544
AO,Angola,2018,218000.0,ST.INT.ARVL,Angola,25.1039985561883,1516628.0,29.0,79450688259.3664,-1.31636168896895,2538.59139143371,0.75,84.03104401,62.622,31297155.0,
AO,Angola,2019,218000.0,ST.INT.ARVL,Angola,25.969063928772,1436959.0,32.1294,70897962732.0277,-0.702272957616017,2189.85571407618,0.75,64.61397552,63.051,32375632.0,
AO,Angola,2020,,ST.INT.ARVL,Angola,26.8317413972888,356695.0,36.6347,48501561203.5686,-5.63821471714934,1449.92286669308,0.75,55.93916321,63.116,33451132.0,
AR,Argentina,2018,6942000.0,ST.INT.ARVL,Argentina,16.3171137395905,18084553.0,77.7,524819892360.176,-2.61739646282038,11752.7998922979,3.71,1209.5357666,76.77,44654882.0,
AR,Argentina,2019,7399000.0,ST.INT.ARVL,Argentina,16.4335255363231,19461377.0,79.947,447754683615.225,-2.00086100285785,9955.97478680428,3.71,1011.08013916,76.847,44973465.0,
AR,Argentina,2020,,ST.INT.ARVL,Argentina,16.5133665121004,3680874.0,85.5144,385740508436.965,-9.9004848136464,8535.59938004389,3.2,891.99621582,75.878,45191965.0,
AS,American Samoa,2018,20200.0007629395,ST.INT.ARVL,American Samoa,254.54,4090437.5,59.5,639000000.0,2.6711185308848,12552.0546868861,2.543968558429645,325.71012878500005,72.794,50908.0,-0.9531250031044086
AS,American Samoa,2019,19200.0007629395,ST.INT.ARVL,American Samoa,251.045,3884311.4244999997,64.3128,647000000.0,-0.487804878048777,12886.1359517218,2.54568504009664,318.75045776499996,72.751,50209.0,-0.9531250031044086
AS,American Samoa,2020,899.999976158142,ST.INT.ARVL,American Samoa,248.805,1187021.2719999999,70.1625,721000000.0,4.41176470588236,14489.2586563775,2.61,340.75711060000003,72.672,49761.0,-0.9531250031044086
AT,Austria,2018,30816000.0,ST.INT.ARVL,Austria,107.131858943286,12935505.0,87.4791,452582294972.775,2.48422114080024,51194.0749841299,7.27,5337.21826172,81.6926829268293,8840521.0,-0.526690503073642
AT,Austria,2019,31884000.0,ST.INT.ARVL,Austria,107.609306834707,46476602.0,87.7522,442983642371.842,1.75497619649288,49885.9947355204,7.19,5263.390625,81.8951219512195,8879920.0,-0.526690503073642
AT,Austria,2020,15091000.0,ST.INT.ARVL,Austria,108.057004362579,13285414.0,87.5294,434397601557.696,-6.31825509209936,48716.4098900349,7.06,5531.0234375,81.1926829268293,8916864.0,-0.526690503073642
AU,Australia,2018,9246000.0,ST.INT.ARVL,Australia,3.24534491589985,75667645.0347507,90.0,1427809041019.44,2.87846971467883,57196.4220783778,2.543968558429645,5830.1015625,82.7487804878049,24963258.0,-0.8068878090006338
AU,Australia,2019,9466000.0,ST.INT.ARVL,Australia,3.29365056253104,76850596.719,93.6099,1392723834562.64,2.17154505737176,54972.7017885437,2.54568504009664,5529.19482422,82.9,25334826.0,-0.8068878090006338
AU,Australia,2020,1828000.0,ST.INT.ARVL,Australia,3.33452695130798,23346254.0,94.6935,1328414058378.38,-0.119590735829973,51791.540179984,2.61,5952.890625,83.2,25649248.0,-0.8068878090006338
AW,Aruba,2018,1897000.0,ST.INT.ARVL,Aruba,605.044444444444,274280.0,59.5,3276184357.5419,2.39708619981323,30082.1276448186,2.543968558429645,325.71012878500005,75.88,108908.0,
AW,Aruba,2019,1951000.0,ST.INT.ARVL,Aruba,606.683333333333,274280.0,64.3128,3395798882.68156,-2.23244202651868,31096.2050738676,2.54568504009664,318.75045776499996,76.019,109203.0,
AW,Aruba,2020,,ST.INT.ARVL,Aruba,603.261111111111,274280.0,70.1625,2481857122.8401,-26.2118202145169,22855.9323200761,2.61,340.75711060000003,75.406,108587.0,
AZ,Azerbaijan,2018,2850000.0,ST.INT.ARVL,Azerbaijan,120.25759188908,2279546.0,79.8,47112470051.7701,1.5004017069941,4739.7943123408,3.9,180.03610229,73.016,9939771.0,-0.7488958990536277
AZ,Azerbaijan,2019,3170000.0,ST.INT.ARVL,Azerbaijan,121.280071139933,2585280.0,81.1,48174235294.1176,2.47980893443938,4805.75371765917,3.9,199.25746155,73.29,10024283.0,-0.7488958990536277
AZ,Azerbaijan,2020,796000.0,ST.INT.ARVL,Azerbaijan,122.124736829369,545265.0,84.6,42693000000.0,-4.19896079231232,4229.91064904503,3.9,245.21949768,70.312,10093121.0,-0.7488958990536277
BA,Bosnia and Herzegovina,2018,1053000.0,ST.INT.ARVL,Bosnia and Herzegovina,66.15234375,5375.0,70.1201,20484053868.9246,3.82749920546897,6047.84584261133,2.38,529.85546875,77.942,3387000.0,-0.835559265442404
BA,Bosnia and Herzegovina,2019,1198000.0,ST.INT.ARVL,Bosnia and Herzegovina,65.34244140625,5375.0,69.9463,20482608755.379,2.88734334414875,6122.3753450882,2.34,546.4508667,77.394,3345533.0,-0.835559265442404
BA,Bosnia and Herzegovina,2020,197000.0,ST.INT.ARVL,Bosnia and Herzegovina,64.44041015625,1593.0,73.2118,20226036564.4129,-3.01509514759861,6130.31133245161,2.34,594.8225708,76.04,3299349.0,-0.835559265442404
BB,Barbados,2018,1356000.0,ST.INT.ARVL,Barbados,652.816279069767,4090437.5,72.4,5629916200.0,-1.17406509373819,20055.915870771,6.06,1169.35559082,76.378,280711.0,
BB,Barbados,2019,966000.0,ST.INT.ARVL,Barbados,653.96976744186,3884311.4244999997,74.1791,5788288000.0,0.652585417698418,20583.7265786414,5.74,1168.11938477,76.495,281207.0,
BB,Barbados,2020,,ST.INT.ARVL,Barbados,655.111627906977,1187021.2719999999,76.002,5168344450.0,-15.0543629495892,18347.1109131055,5.66,1234.30041504,76.647,281698.0,
BD,Bangladesh,2018,267000.0,ST.INT.ARVL,Bangladesh,1256.22726434662,5677396.0,25.6,321362752441.78,7.31941263014136,1965.24372731467,0.88,44.78892899,72.122,163523103.0,
BD,Bangladesh,2019,323000.0,ST.INT.ARVL,Bangladesh,1266.90523930245,6260241.0,30.4,351231654603.692,7.88191515117722,2129.79896954606,0.88,47.84217072,72.625,164913055.0,
BD,Bangladesh,2020,,ST.INT.ARVL,Bangladesh,1277.54493354844,2984121.694,36.1091,373979442362.193,3.44801755122445,2248.85078828233,0.88,51.00624084,71.421,166298024.0,
BE,Belgium,2018,9119000.0,ST.INT.ARVL,Belgium,374.74351490506,13639487.0,88.6473,542638913427.921,1.87796847383565,47487.2100392561,5.61,5176.85498047,81.5951219512195,11427054.0,-0.7234293053623033
BE,Belgium,2019,9343000.0,ST.INT.ARVL,Belgium,376.761985964452,14279187.0,90.2754,536726344405.489,2.4428900448156,46716.6227467964,5.56,5033.16601563,81.9951219512195,11488980.0,-0.7234293053623033
BE,Belgium,2020,2584000.0,ST.INT.ARVL,Belgium,378.38932248967,3520849.848,91.5264,529694473501.791,-4.7929839083518,45906.2875805246,5.52,5144.98144531,80.6951219512195,11538604.0,-0.7234293053623033
BF,Burkina Faso,2018,144000.0,ST.INT.ARVL,Burkina Faso,74.7013450292398,189545.336876033,8.5,15890066221.2882,6.60456906812341,777.465618514048,0.2,38.91588593,59.972,20438288.0,-0.5314685314685315
BF,Burkina Faso,2019,143000.0,ST.INT.ARVL,Burkina Faso,76.6153216374269,185841.0,9.27181,16032813503.3707,5.88920497068135,764.853077774946,0.2,41.05052185,60.184,20961952.0,-0.5314685314685315
BF,Burkina Faso,2020,67000.0,ST.INT.ARVL,Burkina Faso,78.5039839181287,70228.0,10.7927,17725010532.5268,2.01077262406221,825.237038782475,0.2,54.28778839,60.454,21478690.0,-0.5314685314685315
BG,Bulgaria,2018,12368000.0,ST.INT.ARVL,Bulgaria,61.816488577745,1022645.0,64.782,66251582035.9412,2.5494643471818,9872.38507789106,7.47,689.90539551,74.9634146341464,6710798.0,-0.6038081580624601
BG,Bulgaria,2019,12552000.0,ST.INT.ARVL,Bulgaria,60.9499447310243,832828.0,67.947,68634004792.1,3.78885036478003,10372.8044341114,7.66,697.8961792,75.1121951219512,6616726.0,-0.6038081580624601
BG,Bulgaria,2020,4973000.0,ST.INT.ARVL,Bulgaria,60.3417096536478,443067.0,70.1625,70550652466.6251,-3.21573743445016,10769.9475699414,7.77,856.70440674,73.3560975609756,6550696.0,-0.6038081580624601
BH,Bahrain,2018,12045000.0,ST.INT.ARVL,Bahrain,1931.99357326478,5877003.0,98.6447,39567978723.4043,2.05258864979861,26324.4066549559,1.8,1041.8560791,80.412,1503091.0,-0.8274116264352228
BH,Bahrain,2019,11061000.0,ST.INT.ARVL,Bahrain,1902.25128205128,6440562.0,99.7015,40446808510.6383,2.05287774418655,27259.7438599327,1.74,1030.26379395,80.471,1483756.0,-0.8274116264352228
BH,Bahrain,2020,1909000.0,ST.INT.ARVL,Bahrain,1875.41910828025,1451359.0,99.671,35837632978.7234,-5.9113629524152,24342.8444554718,1.74,1101.79211426,78.683,1472204.0,-0.8274116264352228
BI,Burundi,2018,,ST.INT.ARVL,Burundi,461.816433021807,4090437.5,4.0,2667182199.51333,1.60993542127714,224.89939239264,2.543968558429645,18.67819214,61.806,11859446.0,
BI,Burundi,2019,,ST.INT.ARVL,Burundi,477.232710280374,3884311.4244999997,6.1,2576518879.82353,1.81256532401552,210.236494521532,2.54568504009664,22.24477386,62.18,12255336.0,
BI,Burundi,2020,,ST.INT.ARVL,Burundi,491.317601246106,1187021.2719999999,9.17302,2649680261.44299,0.327156892638385,210.008139902508,2.61,26.21934319,62.569,12617036.0,
BJ,Benin,2018,322000.0,ST.INT.ARVL,Benin,109.820388435615,4090437.5,19.0,14262408089.9261,6.69725362180888,1151.7409703472,0.46,33.21631241,59.71,12383347.0,
BJ,Benin,2019,337000.0,ST.INT.ARVL,Benin,112.865865555161,3884311.4244999997,20.5,14391686313.4641,6.86568662848335,1130.82135339795,0.42,28.372015,59.888,12726755.0,
BJ,Benin,2020,,ST.INT.ARVL,Benin,115.911395885066,1187021.2719999999,22.1206,15686741893.5187,3.84879240030133,1200.19426631122,0.47,32.55360031,60.154,13070169.0,
BM,Bermuda,2018,766000.0,ST.INT.ARVL,Bermuda,1182.05555555556,4090437.5,59.5,7225977000.0,-0.432801300339307,113204.82210838,2.543968558429645,325.71012878500005,80.986,63831.0,-0.9361490664274796
BM,Bermuda,2019,805000.0,ST.INT.ARVL,Bermuda,1187.16666666667,3884311.4244999997,64.3128,7423465000.0,0.307106461240664,115798.040775578,2.54568504009664,318.75045776499996,81.251,64107.0,-0.9361490664274796
BM,Bermuda,2020,51400.0015258789,ST.INT.ARVL,Bermuda,1192.25925925926,1187021.2719999999,70.1625,6887364000.0,-6.82757303480177,106976.546239632,2.61,340.75711060000003,81.456,64382.0,-0.9361490664274796
BN,Brunei Darussalam,2018,4521000.0,ST.INT.ARVL,Brunei Darussalam,83.0759013282732,1234455.0,95.0,13566908401.1864,0.0523710544736673,30988.1190497851,3.45,747.7253418,74.992,437810.0,-0.7592717464598786
BN,Brunei Darussalam,2019,4449000.0,ST.INT.ARVL,Brunei Darussalam,84.0,1421313.0,95.0,13469235348.2211,3.86884416432889,30426.5730284202,3.7,677.82629395,75.049,442680.0,-0.7592717464598786
BN,Brunei Darussalam,2020,1071000.0,ST.INT.ARVL,Brunei Darussalam,84.896394686907,280622.0,96.3055,12005799664.2691,1.13357340605403,26834.3592463839,3.88,657.90374756,75.114,447404.0,-0.7592717464598786
BO,Bolivia,2018,1142000.0,ST.INT.ARVL,Bolivia,10.6234357980246,4122113.0,44.2861,40287647930.5355,4.22362365271844,3500.72642189887,1.25,231.18806458,67.699,11508368.0,-0.7390637709499847
BO,Bolivia,2019,1239000.0,ST.INT.ARVL,Bolivia,10.7739185821102,4066959.0,47.4748,40895322850.9407,2.21670563961031,3503.89601123129,1.26,241.34619141,67.82,11671386.0,-0.7390637709499847
BO,Bolivia,2020,323299.987792969,ST.INT.ARVL,Bolivia,10.9076885442629,2627202.201,59.9401,36629843806.0781,-8.7378843576993,3099.94219053514,1.36,248.69514465,62.906,11816299.0,-0.7390637709499847
BR,Brazil,2018,6621000.0,ST.INT.ARVL,Brazil,24.659465024515,102109977.0,70.4343,1916933898010.99,1.783666761634,9300.66164923219,2.26,880.28430176,75.633,206107261.0,
BR,Brazil,2019,6353000.0,ST.INT.ARVL,Brazil,24.8207686159839,102917546.0,73.9124,1873288205059.69,1.22077782360842,9029.83326681073,2.24,868.17248535,75.809,207455459.0,
BR,Brazil,2020,,ST.INT.ARVL,Brazil,24.9649852718428,45405756.0,81.3427,1476107231310.49,-3.2767587964736,7074.19378337644,2.43,680.76843262,74.506,208660842.0,
BS,"Bahamas, The",2018,6622000.0,ST.INT.ARVL,"Bahamas, The",39.2324675324675,1830394.86207463,83.0,12819200000.0,2.39852000603884,32642.3353203452,2.72,1941.9576416,74.062,392717.0,-0.7524827586206897
BS,"Bahamas, The",2019,7250000.0,ST.INT.ARVL,"Bahamas, The",39.4280719280719,1856546.0,90.6933,13277000000.0,-0.839051301013157,33640.3369861278,2.7,1941.60742188,71.408,394675.0,-0.7524827586206897
BS,"Bahamas, The",2020,1794500.0,ST.INT.ARVL,"Bahamas, The",39.5467532467532,1272798.762,92.4437,10363200000.0,-20.0895554324841,26178.7537607708,2.69,1871.10473633,72.994,395863.0,-0.7524827586206897
BT,Bhutan,2018,274000.0,ST.INT.ARVL,Bhutan,19.920267435763,275849.0,63.5,2583335721.85904,3.50187185732737,3400.20417245342,1.72,102.01222992,71.711,759759.0,-0.9056962049460111
BT,Bhutan,2019,316000.0,ST.INT.ARVL,Bhutan,20.0530676455165,276092.0,74.1794,2735683570.46155,5.75514851246506,3576.87987100503,2.08,115.71811676,72.005,764824.0,-0.9056962049460111
BT,Bhutan,2020,29799.9992370605,ST.INT.ARVL,Bhutan,20.1889355007866,48825.0,76.8508,2457604333.90927,-10.2183974208569,3191.66906999331,2.12,134.13723755,72.253,770006.0,-0.9056962049460111
BW,Botswana,2018,1830000.0,ST.INT.ARVL,Botswana,4.05685423393856,253417.0,54.2022,17031943186.1353,4.1886923900019,7407.95940141786,2.35,447.4473877,66.371,2299141.0,
BW,Botswana,2019,,ST.INT.ARVL,Botswana,4.11498067863004,254439.0,61.3865,16725908148.5481,3.03177337082403,7172.08956480028,2.3,438.28546143,67.167,2332083.0,
BW,Botswana,2020,,ST.INT.ARVL,Botswana,4.17464048135797,254439.0,69.523,14960251610.8975,-8.72888241149465,6323.29749806946,2.26,386.28860474,67.643,2365894.0,
BY,Belarus,2018,11502000.0,ST.INT.ARVL,Belarus,46.5010592176569,2760168.0,79.1299,60031026576.26,3.14919759374968,6360.037502312,9.71,349.99176025,74.1756097560976,9438785.0,-0.6959093982420554
BY,Belarus,2019,11832000.0,ST.INT.ARVL,Belarus,46.4107506220284,3208254.0,82.7892,64410170653.4569,1.4464554769185,6837.77339645635,9.69,400.11621094,74.2268292682927,9419758.0,-0.6959093982420554
BY,Belarus,2020,3598000.0,ST.INT.ARVL,Belarus,46.211212927382,1227674.0,85.0879,61371673344.7424,-0.67274295062424,6542.85579976768,9.69,420.43655396,72.1385609756098,9379952.0,-0.6959093982420554
BZ,Belize,2018,1697000.0,ST.INT.ARVL,Belize,16.6692678649715,1297533.22307894,53.5936,2293250000.0,1.11057125008675,6031.28139580144,1.03,287.49368286,72.322,380226.0,-0.7090800477897252
BZ,Belize,2019,1674000.0,ST.INT.ARVL,Belize,16.9149057430951,1278187.556,58.7652,2388300000.0,4.26763689618086,6190.04792278445,1.03,299.69824219,72.577,385829.0,-0.7090800477897252
BZ,Belize,2020,487000.0,ST.INT.ARVL,Belize,17.1333625602806,971426.138,64.4359,2042850000.0,-13.9029100645218,5227.19363786168,1.03,280.52630615,71.58,390812.0,-0.7090800477897252
CA,Canada,2018,31274000.0,ST.INT.ARVL,Canada,4.13498944297029,91504000.0,94.64,1725329192783.02,2.74296344906655,46539.1761570405,2.56,5062.38476563,81.8087804878049,37072620.0,
CA,Canada,2019,32430000.0,ST.INT.ARVL,Canada,4.19587500655283,93352000.0,91.9129,1743725183672.52,1.90843194590616,46352.8693445211,2.53,5103.84130859,82.1636585365854,37618495.0,
CA,Canada,2020,,ST.INT.ARVL,Canada,4.24162135453439,27620000.0,92.3,1655684730000.19,-5.03823343468899,43537.839298904,2.56,5649.16943359,81.5351219512195,38028638.0,
CD,"Congo, Dem. Rep.",2018,,ST.INT.ARVL,"Congo, Dem. Rep.",39.7201843805827,587653.030752826,11.7,47568210009.8172,5.82112109969025,528.256019777898,2.543968558429645,17.29077148,59.926,90047644.0,
CD,"Congo, Dem. Rep.",2019,,ST.INT.ARVL,"Congo, Dem. Rep.",40.9992907081891,550457.892628576,16.4812,51775829877.2088,4.38452887429834,557.044161335917,2.54568504009664,19.20812035,60.242,92947442.0,
CD,"Congo, Dem. Rep.",2020,,ST.INT.ARVL,"Congo, Dem. Rep.",42.3413678569066,277588.159,21.6422,48716961860.1325,1.73542276681493,507.521230077872,2.61,20.5593071,60.428,95989998.0,
CF,Central African Republic,2018,109000.0,ST.INT.ARVL,Central African Republic,7.83116151401329,4090437.5,5.1,2220979146.11241,3.78944359275462,455.243962859534,2.543968558429645,51.3541069,52.297,4878657.0,
CF,Central African Republic,2019,87000.0,ST.INT.ARVL,Central African Republic,7.93717775851552,3884311.4244999997,7.50916,2221301351.43918,3.09999999999999,449.228467602439,2.54568504009664,35.76098633,31.53,4944703.0,
CF,Central African Republic,2020,,ST.INT.ARVL,Central African Republic,8.06868278275386,1187021.2719999999,7.50916,2326720900.38047,0.899999996857062,462.879071294011,2.61,42.634758,50.596,5026628.0,
CG,"Congo, Rep.",2018,158000.0,ST.INT.ARVL,"Congo, Rep.",16.0559824304539,508978.939934003,24.8206,14773900288.5135,-2.30431780125842,2694.43413191427,2.543968558429645,47.310215,64.472,5483118.0,
CG,"Congo, Rep.",2019,,ST.INT.ARVL,"Congo, Rep.",16.4470307467057,541787.136860717,24.8206,13976637779.9763,1.12447391976529,2488.42466724916,2.54568504009664,58.42106628,63.152,5616661.0,
CG,"Congo, Rep.",2020,,ST.INT.ARVL,"Congo, Rep.",16.845654465593,79620.0,24.8206,11468687464.0046,-6.26777227963225,1993.586671931,2.61,80.09735107,64.391,5752791.0,
CH,Switzerland,2018,11715000.0,ST.INT.ARVL,Switzerland,215.500094533915,28857994.0,91.8,725568717468.001,2.86044579439036,85217.3691512274,4.63,9577.30273438,83.7536585365854,8514329.0,
CH,Switzerland,2019,11818000.0,ST.INT.ARVL,Switzerland,217.042781721823,30339654.0,93.1461,721369112726.724,1.14198218965691,84121.9310304414,4.59,9646.91308594,83.9048780487805,8575280.0,
CH,Switzerland,2020,,ST.INT.ARVL,Switzerland,218.63446962171,9009607.2,94.3499,741999406005.627,-2.14173712008038,85897.7843338323,4.48,10348.34667969,83.0,8638167.0,
CI,Cote d'Ivoire,2018,1965000.0,ST.INT.ARVL,Cote d'Ivoire,86.3653238993711,825257.0,37.5465,58522477786.6889,4.84314605889178,2130.86619381144,2.543968558429645,65.87952423,59.795,27464173.0,-0.6772946859903382
CI,Cote d'Ivoire,2019,2070000.0,ST.INT.ARVL,Cote d'Ivoire,88.6572610062893,748540.0,36.289,60382894697.3557,6.72137167584978,2141.76836170115,2.54568504009664,68.30471039,60.274,28193009.0,-0.6772946859903382
CI,Cote d'Ivoire,2020,668000.0,ST.INT.ARVL,Cote d'Ivoire,90.9290849056604,322841.0,36.0166,63027852805.4204,0.699728593494228,2179.72934832935,2.61,78.97766876,60.14,28915449.0,-0.6772946859903382
CL,Chile,2018,6603000.0,ST.INT.ARVL,Chile,25.4526848895971,19517185.0,84.9,295857562991.709,3.99002947789977,15659.4808675628,2.07,1430.70263672,80.559,18893191.0,
CL,Chile,2019,5431000.0,ST.INT.ARVL,Chile,25.84400416762,21197759.0,85.0176,278285058719.466,0.634367533828438,14495.716721687,2.04,1348.99401855,80.324,19197744.0,
CL,Chile,2020,,ST.INT.ARVL,Chile,26.0767352343796,8019753.0,87.4593,254042159309.311,-6.14347479224092,13114.815470545,2.03,1270.97814941,79.349,19370624.0,
CM,Cameroon,2018,997000.0,ST.INT.ARVL,Cameroon,52.4769583888642,265136.0,29.7,39955552189.795,3.95551423892049,1610.69641591017,2.543968558429645,58.32909393,61.189,24806383.0,
CM,Cameroon,2019,1021000.0,ST.INT.ARVL,Cameroon,53.9571724736096,83882.0,36.5392,39667757527.6578,3.47505998194981,1555.22660476477,2.54568504009664,56.79493713,61.695,25506095.0,
CM,Cameroon,2020,,ST.INT.ARVL,Cameroon,55.4474371178947,40884.0,41.2264,40773241177.0505,0.259932915907115,1555.60370660749,2.61,66.17185211,61.674,26210558.0,
CN,China,2018,158606000.0,ST.INT.ARVL,China,149.417194545073,611439830.0,59.2,14147765772963.8,6.75671800166833,10085.6638148819,4.6,504.10980225,77.709,1402760000.0,-0.8129545090994106
CN,China,2019,162538000.0,ST.INT.ARVL,China,149.948179684945,659629070.0,64.0809,14560167101283.4,6.06850235053705,10342.9009524335,4.83,538.99157715,77.94,1407745000.0,-0.8129545090994106
CN,China,2020,30402000.0,ST.INT.ARVL,China,150.305542803154,417255845.0,70.0528,14996414166715.1,2.34018843078414,10627.4637989619,5.0,582.95092773,78.019,1411100000.0,-0.8129545090994106
CO,Colombia,2018,4397000.0,ST.INT.ARVL,Colombia,44.1860883280757,33704037.0,64.1264,334198218098.276,2.56432428277704,6816.96818309544,1.73,519.82202148,76.579,49024465.0,-0.691900242772015
CO,Colombia,2019,4531000.0,ST.INT.ARVL,Colombia,44.9824109959441,37031843.0,65.0069,323031701192.84,3.18685539245533,6472.54544924705,1.74,503.53485107,76.793,49907985.0,-0.691900242772015
CO,Colombia,2020,1396000.0,ST.INT.ARVL,Colombia,45.6331653898152,12273939.724,69.7953,270348342541.465,-7.18591413760859,5339.68711357943,1.69,464.9777832,74.757,50629997.0,-0.691900242772015
CR,Costa Rica,2018,3313000.0,ST.INT.ARVL,Costa Rica,97.0978848413631,1950049.0,73.4797,62420164991.5444,2.6159044043379,12590.2493781628,1.11,917.31018066,80.09,4957818.0,-0.6593879976232917
CR,Costa Rica,2019,3366000.0,ST.INT.ARVL,Costa Rica,97.9152565609087,2033146.0,81.2026,64417670521.3339,2.41751181762513,12884.6859951947,1.09,930.43511963,80.296,4999553.0,-0.6593879976232917
CR,Costa Rica,2020,1146500.0,ST.INT.ARVL,Costa Rica,98.5961613787701,455830.6,80.5302,62395610759.9798,-4.27335432161462,12394.0493969354,1.15,969.89099121,79.725,5034320.0,-0.6593879976232917
CU,Cuba,2018,4712000.0,ST.INT.ARVL,Cuba,108.16105973025,563540.0,62.6789,100050036096.123,2.24794854086232,8911.46205964193,4.15,981.90283203,77.426,11227118.0,-0.7460243217960711
CU,Cuba,2019,4276000.0,ST.INT.ARVL,Cuba,107.927225433526,457130.0,67.9708,103427600000.0,-0.163087223606624,9232.26115935183,4.17,1023.39715576,77.413,11202846.0,-0.7460243217960711
CU,Cuba,2020,1086000.0,ST.INT.ARVL,Cuba,107.672003853565,99838.0,71.1191,107351800000.0,-10.9490846048862,9605.26125067263,4.19,1199.35327148,77.407,11176354.0,-0.7460243217960711
CV,Cabo Verde,2018,710000.0,ST.INT.ARVL,Cabo Verde,127.398263027295,561944.0,59.5,2205099506.99994,3.70696458310842,4294.96510035729,1.97,204.45397949,74.84,513415.0,-0.762532981530343
CV,Cabo Verde,2019,758000.0,ST.INT.ARVL,Cabo Verde,127.569230769231,675482.0,61.9434,2252177124.32402,6.94782634051859,4380.78117331128,1.97,195.76327515,75.449,514104.0,-0.762532981530343
CV,Cabo Verde,2020,180000.0,ST.INT.ARVL,Cabo Verde,127.711910669975,226645.666,69.3734,1821565613.68613,-20.8052758990735,3539.22661248299,1.97,235.4349823,73.818,514679.0,-0.762532981530343
CW,Curacao,2018,1210000.0,ST.INT.ARVL,Curacao,358.864864864865,4090437.5,59.5,3046364804.46927,-2.10411133101029,19119.1243941688,2.543968558429645,325.71012878500005,76.493,159336.0,
CW,Curacao,2019,1293000.0,ST.INT.ARVL,Curacao,354.596846846847,3884311.4244999997,64.3128,3026124115.73275,-3.20613171902535,19220.6865793075,2.54568504009664,318.75045776499996,76.492,157441.0,
CW,Curacao,2020,,ST.INT.ARVL,Curacao,348.97972972973,1187021.2719999999,70.1625,2534327592.49914,-18.4384703505394,16356.0933254541,2.61,340.75711060000003,76.501,154947.0,
CY,Cyprus,2018,4024000.0,ST.INT.ARVL,Cyprus,137.525649350649,401408.0,84.4336,25754001367.5448,6.27166360056404,29599.986328125,2.27,2020.73339844,81.556,1270737.0,
CY,Cyprus,2019,4117000.0,ST.INT.ARVL,Cyprus,139.250108225108,395436.0,86.0636,26196667099.5303,5.87559583386607,29703.052734375,2.24,2093.0612793,81.454,1286671.0,
CY,Cyprus,2020,,ST.INT.ARVL,Cyprus,140.935822510823,104559.0,90.8019,25555093854.2968,-3.22063018637567,28649.015625,2.24,2483.06005859,81.23,1302247.0,
CZ,Czechia,2018,36268000.0,ST.INT.ARVL,Czechia,137.675534257221,8851291.0,80.6882,251992360762.236,2.83030588267866,23705.9329811299,6.68,1750.81188965,79.0292682926829,10629928.0,
CZ,Czechia,2019,37202000.0,ST.INT.ARVL,Czechia,138.226810266108,5446163.2,80.8669,256794209028.77,3.56577658128261,24062.7190013343,6.66,1805.44030762,79.2292682926829,10671870.0,
CZ,Czechia,2020,,ST.INT.ARVL,Czechia,138.575928842168,929888.181,81.3389,251109660602.536,-5.30487955463876,23472.8915454417,6.6,2106.28027344,78.2268292682927,10697858.0,
DE,Germany,2018,38881000.0,ST.INT.ARVL,Germany,237.294012250272,109796202.17431,87.0371,4052008447223.53,1.11644310902427,48874.8595028454,7.98,5507.67675781,80.8926829268293,82905782.0,-0.6853373101129844
DE,Germany,2019,39563000.0,ST.INT.ARVL,Germany,237.822954291766,109633750.727,88.1345,3957208055215.68,0.987893350164853,47623.8656074829,7.91,5488.53955078,81.2926829268293,83092962.0,-0.6853373101129844
DE,Germany,2020,12449000.0,ST.INT.ARVL,Germany,238.017318755545,25758450.0,89.8129,3940142541354.1,-4.09513751682526,47379.765194548,7.8,5932.20019531,81.0414634146342,83160871.0,-0.6853373101129844
DJ,Djibouti,2018,,ST.INT.ARVL,Djibouti,46.2416738567731,4090437.5,57.0617,2913464658.08768,4.77433934943193,2718.08338799203,1.42,68.46080017,64.105,1071882.0,
DJ,Djibouti,2019,,ST.INT.ARVL,Djibouti,46.9676013805004,3884311.4244999997,58.4762,3088851450.30694,5.54508081154978,2837.16902340932,1.42,68.27401733,64.381,1088709.0,
DJ,Djibouti,2020,,ST.INT.ARVL,Djibouti,47.6785159620362,1187021.2719999999,59.9257,3144136196.6228,1.2021151728969,2844.88810647853,1.42,66.92816925,64.2,1105188.0,
DK,Denmark,2018,30801000.0,ST.INT.ARVL,Denmark,144.8409,4090437.5,97.3192,355293374912.393,1.8600074900921,61324.7665045565,2.62,6232.72167969,80.9536585365854,5793636.0,-0.5287523041126522
DK,Denmark,2019,33093000.0,ST.INT.ARVL,Denmark,145.36055,3884311.4244999997,98.0464,345401473012.615,1.71140093932736,59404.2663247723,2.6,6058.83007813,81.4512195121951,5814422.0,-0.5287523041126522
DK,Denmark,2020,15595000.0,ST.INT.ARVL,Denmark,145.7851,1187021.2719999999,96.5491,355631021931.621,-1.78010601831291,60985.4885601514,2.59,6530.47509766,81.6024390243903,5831404.0,-0.5287523041126522
DM,Dominica,2018,199000.0,ST.INT.ARVL,Dominica,90.8986666666667,4090437.5,73.3819,628244444.444444,2.964010610466,9215.3085405645,3.11,503.34179688,71.378,68174.0,-0.5652173913043478
DM,Dominica,2019,322000.0,ST.INT.ARVL,Dominica,90.5066666666667,3884311.4244999997,73.3819,644259259.259259,3.94809757938053,9491.14995962374,3.02,465.63766479,71.305,67880.0,-0.5652173913043478
DM,Dominica,2020,140000.0,ST.INT.ARVL,Dominica,90.0973333333333,1187021.2719999999,75.6567,528944444.444444,-15.7064024545862,7827.74842680426,3.0,457.01919556,71.269,67573.0,-0.5652173913043478
DO,Dominican Republic,2018,7551000.0,ST.INT.ARVL,Dominican Republic,223.18470296005,113752.0,74.822,84994732049.3461,7.09751640210159,7882.98221584944,1.24,327.39859009,73.555,10782053.0,-0.6360264900662251
DO,Dominican Republic,2019,7550000.0,ST.INT.ARVL,Dominican Republic,226.026774543851,113752.0,79.7155,89146130744.723,4.8940301149584,8183.01623600375,1.25,346.12109375,73.112,10894043.0,-0.6360264900662251
DO,Dominican Republic,2020,2748000.0,ST.INT.ARVL,Dominican Republic,228.397349102723,31391.0,81.6173,78546672406.8291,-7.92905234231061,7135.22273255899,1.42,353.79364014,72.636,11008300.0,-0.6360264900662251
DZ,Algeria,2018,2657000.0,ST.INT.ARVL,Algeria,17.846203680417,6442442.0,49.0385,194554483655.528,1.40000000088281,4577.21029180491,2.543968558429645,271.53778076,75.555,42505035.0,-0.7507380851961197
DZ,Algeria,2019,2371000.0,ST.INT.ARVL,Algeria,18.1776961381175,6752002.0,55.7907,193459662090.677,0.899999999219148,4468.45341883656,2.54568504009664,242.07002258,75.682,43294546.0,-0.7507380851961197
DZ,Algeria,2020,591000.0,ST.INT.ARVL,Algeria,18.4915612115512,1460077.0,63.4727,164873415325.201,-4.99999999908597,3743.5419522929,2.61,211.07276917,73.257,44042091.0,-0.7507380851961197
EC,Ecuador,2018,2535000.0,ST.INT.ARVL,Ecuador,68.6485223063295,5365261.0,57.5,107478961000.0,1.04429460679607,6303.91886658338,1.4,493.73196411,77.248,17049547.0,
EC,Ecuador,2019,2108000.0,ST.INT.ARVL,Ecuador,69.8180906748269,4827978.0,59.2,107595830000.0,0.1654044646003,6205.05765246766,1.39,484.47195435,77.286,17340021.0,
EC,Ecuador,2020,,ST.INT.ARVL,Ecuador,70.6477089708488,1146368.544,70.7,95865473000.0,-9.24509619165865,5463.64515348598,1.32,473.01956177,72.004,17546065.0,
EE,Estonia,2018,6033000.0,ST.INT.ARVL,Estonia,30.9234385964912,62802.0,89.357,31222632740.7247,3.69969756161726,23618.1361254581,4.53,1553.43347168,78.2439024390244,1321977.0,-0.7222677371784368
EE,Estonia,2019,6103000.0,ST.INT.ARVL,Estonia,31.0385497076023,857.0,90.2289,31873748770.0313,3.72664943466884,24021.2501413306,4.53,1599.3503418,78.6463414634147,1326898.0,-0.7222677371784368
EE,Estonia,2020,1695000.0,ST.INT.ARVL,Estonia,31.0999298245614,857.0,89.0583,31820771493.8974,-2.88380751483778,23933.9939421065,4.46,1789.03417969,78.5951219512195,1329522.0,-0.7222677371784368
EG,"Egypt, Arab Rep.",2018,11346000.0,ST.INT.ARVL,"Egypt, Arab Rep.",106.165145411623,12386010.0,46.9243,262588632526.73,5.3311086189448,2484.70315630508,1.26,118.01481628,70.974,105682094.0,
EG,"Egypt, Arab Rep.",2019,13026000.0,ST.INT.ARVL,"Egypt, Arab Rep.",108.044761665578,13206889.61,57.2829,318678815489.749,5.55209307156956,2962.98892023003,1.22,142.69670105,71.213,107553158.0,
EG,"Egypt, Arab Rep.",2020,,ST.INT.ARVL,"Egypt, Arab Rep.",109.814781254709,4638192.256,71.9142,383817841547.099,3.55016483786838,3511.11381026379,1.13,148.35269165,69.79,109315124.0,
ER,Eritrea,2018,,ST.INT.ARVL,Eritrea,26.3695100817645,89136.8159108722,5.3,40765428571.4286,2.9652578398159797,6713.98925398989,1.08,26.68201065,66.979,3192760.0,
ER,Eritrea,2019,,ST.INT.ARVL,Eritrea,26.7606490641362,101357.3758656,11.2,41905642418.825,2.828245466719815,6648.0348960628,1.01,28.42930794,67.306,3240194.0,
ER,Eritrea,2020,,ST.INT.ARVL,Eritrea,27.1914115855899,45104.031,14.3494,37600368239.8824,-3.512474720935515,6133.32552410183,1.0,27.66241646,66.98,3291271.0,
ES,Spain,2018,124456000.0,ST.INT.ARVL,Spain,93.638281089712,80706703.0,86.1072,1431642809327.06,2.39541124478878,30602.4212881113,2.97,2741.90600586,83.4317073170732,46782011.0,-0.7114210985178727
ES,Spain,2019,126170000.0,ST.INT.ARVL,Spain,94.3181087826492,88237165.272,90.7187,1403496387686.27,1.96117850841711,29786.5245689007,2.95,2713.62255859,83.8317073170732,47118501.0,-0.7114210985178727
ES,Spain,2020,36410000.0,ST.INT.ARVL,Spain,94.802910688937,26557077.999,93.2056,1289783836971.21,-10.9400706350371,27233.9426461608,2.95,2898.00537109,82.2317073170732,47359424.0,-0.7114210985178727
ET,Ethiopia,2018,849000.0,ST.INT.ARVL,Ethiopia,99.8298825389562,11501244.0,15.9,84269180856.9147,6.81614778557282,747.968003672674,2.543968558429645,23.5205574,65.257,112664152.0,-0.3620689655172414
ET,Ethiopia,2019,812000.0,ST.INT.ARVL,Ethiopia,102.552159549746,12631216.0,16.0,95912620248.0592,8.36408573314054,828.709080522921,2.54568504009664,25.93511963,65.741,115737383.0,-0.3620689655172414
ET,Ethiopia,2020,518000.0,ST.INT.ARVL,Ethiopia,105.370090895445,4940183.0,16.0696,107657732424.155,6.05953089054807,905.313159254148,2.61,28.28001595,65.969,118917671.0,-0.3620689655172414
EU,European Union,2018,938485601.5625,ST.INT.ARVL,European Union,111.672659926438,691558405.268714,59.5,16092154353714.7,2.0540414117159,36054.3954466385,5.40453793851897,3540.14525940428,81.0317510064821,446329890.0,
EU,European Union,2019,968873375.260994,ST.INT.ARVL,European Union,111.821235691404,752764693.96,64.3128,15809298345792.2,1.87715856708597,35374.6443827131,5.34035281260248,3496.99676183149,81.3194524901834,446910453.0,
EU,European Union,2020,,ST.INT.ARVL,European Union,111.811112231477,224581685.7655,70.1625,15505708717748.9,-5.57343288385174,34698.4032089427,5.32343294782826,3742.85591172145,80.4414754678551,446870959.0,
FI,Finland,2018,3224000.0,ST.INT.ARVL,Finland,18.1479501184522,13364839.0,88.89,273869255596.078,1.19297759742292,49654.2497035329,3.61,4521.27636719,81.7341463414634,5515525.0,-0.7276595744680852
FI,Finland,2019,3290000.0,ST.INT.ARVL,Finland,18.1673609054717,14610547.0,89.6074,267014821129.411,1.34973845741737,48358.1807773701,3.35,4459.9296875,81.9829268292683,5521606.0,-0.7276595744680852
FI,Finland,2020,896000.0,ST.INT.ARVL,Finland,18.1928768835954,3500299.0,92.1703,270000311606.226,-2.49103605535707,48828.6846862799,2.83,4736.21435547,81.9317073170732,5529543.0,-0.7276595744680852
FJ,Fiji,2018,1058000.0,ST.INT.ARVL,Fiji,50.2014230979748,1670216.0,58.2364,5581425327.44397,3.81235122208518,6085.41979485376,2.543968558429645,249.86022949,66.965,917180.0,-0.826625386996904
FJ,Fiji,2019,969000.0,ST.INT.ARVL,Fiji,50.0765736179529,1700293.0,63.2179,5444407198.13478,-0.581946709343811,5950.82866866702,2.54568504009664,254.83047485,67.009,914899.0,-0.826625386996904
FJ,Fiji,2020,168000.0,ST.INT.ARVL,Fiji,50.0800766283525,409104.0,68.6256,4432466219.87685,-17.0386673704039,4844.42127154524,2.61,256.25967407,66.924,914963.0,-0.826625386996904
FM,"Micronesia, Fed. Sts.",2018,19200.0007629395,ST.INT.ARVL,"Micronesia, Fed. Sts.",157.012857142857,4090437.5,36.6,392000000.0,0.0,3566.58690371125,2.543968558429645,426.75872803,65.943,109909.0,
FM,"Micronesia, Fed. Sts.",2019,18000.0,ST.INT.ARVL,"Micronesia, Fed. Sts.",157.545714285714,3884311.4244999997,38.0,394000000.0,4.08163265306123,3572.65918282222,2.54568504009664,424.89938354,66.196,110282.0,
FM,"Micronesia, Fed. Sts.",2020,,ST.INT.ARVL,"Micronesia, Fed. Sts.",158.451428571429,1187021.2719999999,39.3833,372902690.041619,-1.67295417145529,3362.02793142215,2.61,402.98059082,65.878,110916.0,
FO,Faroe Islands,2018,,ST.INT.ARVL,Faroe Islands,36.5300859598854,4090437.5,59.5,3188600927.46688,2.76370952267429,62526.4908515743,2.543968558429645,325.71012878500005,82.2926829268293,50996.0,
FO,Faroe Islands,2019,,ST.INT.ARVL,Faroe Islands,37.1010028653295,3884311.4244999997,64.3128,3266432734.22819,4.53851028676189,63067.0695697911,2.54568504009664,318.75045776499996,82.4439024390244,51793.0,
FO,Faroe Islands,2020,,ST.INT.ARVL,Faroe Islands,38.4824304538799,1187021.2719999999,70.1625,3271813311.5831,-1.63732118017028,62240.822409175,2.61,340.75711060000003,82.6439024390244,52567.0,
FR,France,2018,211998000.0,ST.INT.ARVL,France,124.609607570276,70188028.0,82.0432,2781576320884.39,1.64590872395887,41418.1766484844,6.16,4667.95751953,82.6756097560976,67158348.0,-0.4624994836536211
FR,France,2019,217877000.0,ST.INT.ARVL,France,125.024698023935,71289277.0,83.3397,2722793515171.76,2.02744646419237,40408.2848574751,6.1,4508.76074219,82.8268292682927,67382061.0,-0.4624994836536211
FR,France,2020,117109000.0,ST.INT.ARVL,France,125.431134613601,24956343.0,84.7064,2647926055110.05,-7.44064589948231,39169.8606000707,6.0,4747.51367188,82.1756097560976,67601110.0,-0.4624994836536211
GA,Gabon,2018,,ST.INT.ARVL,Gabon,8.58585788023441,4090437.5,55.4202,16867326401.9626,0.83791658082157,7624.2775233771,2.543968558429645,209.28697205,67.043,2212318.0,
GA,Gabon,2019,,ST.INT.ARVL,Gabon,8.80081499592502,3884311.4244999997,59.5176,16874405465.391,3.92080879452831,7441.1786472281,2.54568504009664,205.99945068,67.337,2267706.0,
GA,Gabon,2020,,ST.INT.ARVL,Gabon,9.01361819381379,1187021.2719999999,63.9179,15342236163.9943,-1.8377610635094,6605.80346077904,2.61,225.32466125,67.073,2322539.0,
GB,United Kingdom,2018,40283000.0,ST.INT.ARVL,United Kingdom,274.000744016864,165388610.0,90.692,2871340347581.79,1.40519025981538,43315.4874501318,2.5,4219.48632813,81.2560975609756,66289000.0,-0.7282962527841006
GB,United Kingdom,2019,40857000.0,ST.INT.ARVL,United Kingdom,275.414376059191,142392528.0,92.5166,2851407164907.81,1.62447518038404,42794.0022648288,2.45,4258.63476563,81.3691219512195,66631000.0,-0.7282962527841006
GB,United Kingdom,2020,11101000.0,ST.INT.ARVL,United Kingdom,275.881453312942,30237827.0,94.8182,2696778386607.65,-10.296918859171,40404.8062238951,2.43,4816.15283203,80.331756097561,66744000.0,-0.7282962527841006
GD,Grenada,2018,529000.0,ST.INT.ARVL,Grenada,340.267647058824,4090437.5,61.4,1166514814.81481,4.36144039364797,10083.021279225,3.18,462.2394104,74.957,115691.0,-0.5874524714828897
GD,Grenada,2019,526000.0,ST.INT.ARVL,Grenada,341.120588235294,3884311.4244999997,64.3128,1213485185.18519,0.676511738873756,10462.7929159533,3.18,515.94726563,74.971,115981.0,-0.5874524714828897
GD,Grenada,2020,217000.0,ST.INT.ARVL,Grenada,342.179411764706,1187021.2719999999,67.3637,1043411111.11111,-13.7566222572107,8968.55890108484,3.18,477.34429932,75.019,116341.0,-0.5874524714828897
GE,Georgia,2018,7203000.0,ST.INT.ARVL,Georgia,65.197330207495,516034.0,62.7179,17902544880.6471,6.062036412677,4804.0546040444,4.24,329.89413452,73.985,3726549.0,-0.8041677452756925
GE,Georgia,2019,7726000.0,ST.INT.ARVL,Georgia,65.0855698239966,509913.0,68.8467,17638337116.9126,5.38071926589951,4741.2832715876,4.64,306.46075439,74.165,3720161.0,-0.8041677452756925
GE,Georgia,2020,1513000.0,ST.INT.ARVL,Georgia,65.1302704783232,72906.0,72.5316,16010869215.68,-6.2904717853839,4300.85701291207,4.94,351.94335938,73.509,3722716.0,-0.8041677452756925
GH,Ghana,2018,,ST.INT.ARVL,Ghana,134.647029093786,467624.0,43.0,67259353965.6087,6.20007768127284,2195.32166016377,2.543968558429645,53.37788773,64.138,30637585.0,
GH,Ghana,2019,,ST.INT.ARVL,Ghana,137.382028101418,597343.0,22.0732,68352629246.1555,6.5077747939152,2186.65822682613,2.54568504009664,71.14958191,64.455,31258945.0,
GH,Ghana,2020,,ST.INT.ARVL,Ghana,140.147712389575,321437.0,62.5176,70008243859.8666,0.513941670628171,2195.45481659987,2.61,97.37677765,64.309,31887809.0,
GI,Gibraltar,2018,,ST.INT.ARVL,Gibraltar,3485.4,4090437.5,59.5,40765428571.4286,2.9652578398159797,6713.98925398989,2.543968558429645,325.71012878500005,83.028,34854.0,
GI,Gibraltar,2019,,ST.INT.ARVL,Gibraltar,3549.4,3884311.4244999997,64.3128,41905642418.825,2.828245466719815,6648.0348960628,2.54568504009664,318.75045776499996,83.183,35494.0,
GI,Gibraltar,2020,,ST.INT.ARVL,Gibraltar,3617.3,1187021.2719999999,70.1625,37600368239.8824,-3.512474720935515,6133.32552410183,2.61,340.75711060000003,83.07,36173.0,
GL,Greenland,2018,,ST.INT.ARVL,Greenland,0.136491655500061,4090437.5,59.5,3055782146.15957,0.62306542854094,54545.135857765,2.543968558429645,325.71012878500005,71.9675609756098,56023.0,
GL,Greenland,2019,,ST.INT.ARVL,Greenland,0.136983798270191,3884311.4244999997,64.3128,2997309971.87623,2.83217756798683,53309.2035905065,2.54568504009664,318.75045776499996,71.9443902439024,56225.0,
GL,Greenland,2020,,ST.INT.ARVL,Greenland,0.137329760019491,1187021.2719999999,70.1625,3089625554.40473,0.250789762104304,54812.6661771023,2.61,340.75711060000003,71.8507317073171,56367.0,
GM,"Gambia, The",2018,552000.0,ST.INT.ARVL,"Gambia, The",237.117786561265,104891.39475506,28.3,1670671327.81651,7.23489033258579,696.219806960615,0.94,22.5376339,64.034,2399632.0,-0.603225806451613
GM,"Gambia, The",2019,620000.0,ST.INT.ARVL,"Gambia, The",242.771146245059,109542.145080475,31.1183,1813609692.49994,6.22205315994859,738.186751987483,0.94,23.21861267,64.427,2456844.0,-0.603225806451613
GM,"Gambia, The",2020,246000.0,ST.INT.ARVL,"Gambia, The",248.590217391304,109542.145080475,34.2172,1812170891.19069,0.591487287873974,720.335143352133,1.11,26.85589027,64.418,2515733.0,-0.603225806451613
GN,Guinea,2018,,ST.INT.ARVL,Guinea,51.7042731564382,4090437.5,21.83,11857030366.7891,6.35849192736715,933.273615633705,2.543968558429645,34.88978195,59.043,12704774.0,
GN,Guinea,2019,,ST.INT.ARVL,Guinea,53.0455233599219,3884311.4244999997,22.6255,13442861496.4454,5.61691446889876,1031.34146480732,2.54568504009664,42.16910172,59.379,13034346.0,
GN,Guinea,2020,,ST.INT.ARVL,Guinea,54.4163397362852,1187021.2719999999,23.4499,14088693742.9464,4.70459096113575,1053.66097696415,2.61,41.1027565,59.35,13371183.0,
GQ,Equatorial Guinea,2018,,ST.INT.ARVL,Equatorial Guinea,57.6264527629233,404301.328013225,49.1337,13097012133.6159,-6.23654406734575,8102.47084834031,2.543968558429645,231.10166931,61.915,1616422.0,
GQ,Equatorial Guinea,2019,,ST.INT.ARVL,Equatorial Guinea,59.5428520499109,425475.0,49.1337,11364133549.7478,-5.48182537893445,6804.14923073888,2.54568504009664,215.54243469,62.297,1670177.0,
GQ,Equatorial Guinea,2020,,ST.INT.ARVL,Equatorial Guinea,61.1931550802139,138898.0,55.0013,9893816007.7398,-4.79108083383294,5764.05502912947,2.61,230.32144165,62.141,1716468.0,
GR,Greece,2018,33072000.0,ST.INT.ARVL,Greece,83.2651823118697,15125933.5152598,72.2384,213298873494.394,2.06467207892409,19873.4015238771,4.24,1603.07788086,81.7878048780488,10732882.0,-0.7822084987501838
GR,Greece,2019,34005000.0,ST.INT.ARVL,Greece,83.1775174553918,16124738.33,75.6712,207305649887.019,2.27718065334808,19335.3602002969,4.24,1569.02905273,81.6390243902439,10721582.0,-0.7822084987501838
GR,Greece,2020,7406000.0,ST.INT.ARVL,Greece,82.999216446858,5647917.0,78.1158,191362985554.861,-9.19623149726978,17886.733165236,4.24,1674.78417969,81.2878048780488,10698599.0,-0.7822084987501838
GT,Guatemala,2018,2406000.0,ST.INT.ARVL,Guatemala,157.201241134752,145795.0,41.5,73328365862.4329,3.40687346472738,4352.94651790253,0.44,265.81820679,71.496,16845685.0,-0.76796875
GT,Guatemala,2019,2560000.0,ST.INT.ARVL,Guatemala,159.609957073535,107350.0,44.401,77172317258.6478,4.0178979343828,4511.99755157656,0.47,278.59024048,71.639,17103803.0,-0.76796875
GT,Guatemala,2020,594000.0,ST.INT.ARVL,Guatemala,161.97578387458,25217.454,47.5123,77719464220.73,-1.78555194467604,4477.61761796418,0.43,289.21640015,69.971,17357325.0,-0.76796875
GU,Guam,2018,1549000.0,ST.INT.ARVL,Guam,301.257407407407,4090437.5,59.5,6051000000.0,-0.828231904933389,37195.9503070464,2.543968558429645,325.71012878500005,76.561,162679.0,-0.8032393521295741
GU,Guam,2019,1667000.0,ST.INT.ARVL,Guam,299.644444444444,3884311.4244999997,64.3128,6355000000.0,2.52360203340596,39274.9431424899,2.54568504009664,318.75045776499996,76.645,161808.0,-0.8032393521295741
GU,Guam,2020,328000.0,ST.INT.ARVL,Guam,300.292592592593,1187021.2719999999,70.1625,5916000000.0,-10.5188595714539,36482.9363953675,2.61,340.75711060000003,75.529,162158.0,-0.8032393521295741
GW,Guinea-Bissau,2018,55000.0,ST.INT.ARVL,Guinea-Bissau,68.3559032716927,4090437.5,15.7,1554133593.91699,3.76145359637003,808.531613218504,2.543968558429645,58.8792572,61.652,1922168.0,
GW,Guinea-Bissau,2019,52400.0015258789,ST.INT.ARVL,Guinea-Bissau,69.9749644381223,3884311.4244999997,17.9215,1588767975.59018,5.56574533585568,807.425524872835,2.54568504009664,54.16643524,62.161,1967696.0,
GW,Guinea-Bissau,2020,,ST.INT.ARVL,Guinea-Bissau,71.5951280227596,1187021.2719999999,20.4573,1683619351.72486,2.12811490126288,836.26731423732,2.61,68.1931076,61.343,2013255.0,
GY,Guyana,2018,287000.0,ST.INT.ARVL,Guyana,4.02111252222504,26069.0,48.5989,4787636997.85343,4.44091288475967,6048.38697180418,1.69,296.66903687,68.829,791556.0,-0.7257142808702257
GY,Guyana,2019,315000.0,ST.INT.ARVL,Guyana,4.10294640589281,28697.0,55.3127,5173760191.84652,5.35284003535665,6405.82443444562,2.18,314.0977478,69.067,807665.0,-0.7257142808702257
GY,Guyana,2020,86400.0015258789,ST.INT.ARVL,Guyana,3.82438666287771,17990.0,62.954,5471256594.72422,43.479651716849,6775.70939096303,2.25,367.11260986,67.751,807481.0,-0.7257142808702257
HK,"Hong Kong SAR, China",2018,65148000.0,ST.INT.ARVL,"Hong Kong SAR, China",7097.71428571429,47101822.0,90.5074,361731070995.726,2.84693457597662,48537.5668888343,2.543968558429645,325.71012878500005,84.869756097561,7452600.0,-0.936168690644394
HK,"Hong Kong SAR, China",2019,55913000.0,ST.INT.ARVL,"Hong Kong SAR, China",7150.38095238095,46469864.0,91.7434,363074545072.389,-1.67239516545338,48359.0011950597,2.54568504009664,318.75045776499996,85.1558536585366,7507900.0,-0.936168690644394
HK,"Hong Kong SAR, China",2020,3569000.0,ST.INT.ARVL,"Hong Kong SAR, China",7124.7619047619,5878548.0,92.4131,344943149590.058,-6.54478320166854,46109.2299946609,2.61,340.75711060000003,85.4963414634146,7481000.0,-0.936168690644394
HN,Honduras,2018,2323000.0,ST.INT.ARVL,Honduras,87.2750916078291,411989.0,36.0401,24067750760.499,3.84499476966735,2464.64241531918,0.64,178.1494751,72.001,9765210.0,-0.7110151187904967
HN,Honduras,2019,2315000.0,ST.INT.ARVL,Honduras,88.8697202609706,321243.0,39.3884,24882225741.8119,2.55963434592314,2502.32744328073,0.65,183.75006104,72.124,9943633.0,-0.7110151187904967
HN,Honduras,2020,669000.0,ST.INT.ARVL,Honduras,90.4427562784878,321243.0,45.2483,23352232483.755,-8.96508223267296,2307.61494319511,0.71,212.7419281,70.864,10119640.0,-0.7110151187904967
HR,Croatia,2018,57668000.0,ST.INT.ARVL,Croatia,71.2739439639768,2093577.0,75.2946,61668130122.5878,2.90468149344008,15460.4183295843,5.52,1024.62414551,77.919512195122,3988775.0,-0.6399926692324354
HR,Croatia,2019,60021000.0,ST.INT.ARVL,Croatia,70.5701879779859,2108591.0,79.0798,61467582193.6824,3.10043911443758,15563.8167397199,5.58,1040.08569336,78.2243902439024,3949390.0,-0.6399926692324354
HR,Croatia,2020,21608000.0,ST.INT.ARVL,Croatia,69.946497498213,608458.0,78.3209,57963370885.0798,-8.31164257884687,14808.4620188819,5.6,1094.53283691,77.5243902439024,3914206.0,-0.6399926692324354
HT,Haiti,2018,1333000.0,ST.INT.ARVL,Haiti,397.763497822932,23119.0,32.4736,16403864617.8458,1.66781095484656,1496.38048970156,5.26,62.30102539,64.077,10962362.0,
HT,Haiti,2019,938000.0,ST.INT.ARVL,Haiti,402.944956458636,23119.0,39.262,15016090929.5125,-1.72309699839232,1352.17204191532,4.87,49.32995987,64.328,11105163.0,
HT,Haiti,2020,,ST.INT.ARVL,Haiti,407.977068214804,23119.0,39.262,14508222518.3018,-3.30550546965893,1290.32538667383,5.03,44.4271965,63.773,11243848.0,
HU,Hungary,2018,57667000.0,ST.INT.ARVL,Hungary,106.366031119877,31226848.0,76.0744,161184691013.835,5.60613813768876,16605.0570511887,6.95,1080.44775391,76.0658536585366,9706964.0,-0.4846490870889457
HU,Hungary,2019,61397000.0,ST.INT.ARVL,Hungary,106.233004602235,39803373.0,80.3717,164936682033.992,5.07718495088933,17012.8598553199,6.91,1054.28076172,76.3195121951219,9694824.0,-0.4846490870889457
HU,Hungary,2020,31641000.0,ST.INT.ARVL,Hungary,105.965581854043,14597294.0,84.7712,158468487754.196,-4.33872540024058,16386.9308821258,6.76,1172.83972168,75.419512195122,9670419.0,-0.4846490870889457
ID,Indonesia,2018,15810000.0,ST.INT.ARVL,Indonesia,143.781152680745,115154100.909,39.9046,1042271532988.63,5.17429153955024,3860.95353090726,1.16,110.71585846,70.08,269951846.0,-0.7483702737940026
ID,Indonesia,2019,16107000.0,ST.INT.ARVL,Indonesia,145.132688936836,91323153.0,47.6906,1119099871350.2,5.01928768046282,4106.94856160358,1.18,118.22380829,70.349,272489381.0,-0.7483702737940026
ID,Indonesia,2020,4053000.0,ST.INT.ARVL,Indonesia,146.371283592869,37523686.817,53.7265,1059054842698.48,-2.06551182934165,3853.70288774146,1.4,131.8225708,68.817,274814866.0,-0.7483702737940026
IE,Ireland,2018,10926000.0,ST.INT.ARVL,Ireland,71.0991725939904,167598633.0,87.0001,395461216460.418,7.5443421414267,80738.9628834696,2.99,5187.05761719,82.2048780487805,4898022.0,
IE,Ireland,2019,10951000.0,ST.INT.ARVL,Ireland,72.237712294963,170161848.0,87.0001,407124824064.995,5.04054996161159,81810.1926481407,2.9,5462.73095703,82.7024390243903,4976456.0,
IE,Ireland,2020,,ST.INT.ARVL,Ireland,73.1564377993903,54582262.0,91.9999,436555518400.451,7.1578988000836,86622.5067251295,2.91,6098.26660156,82.4560975609756,5039747.0,
IL,Israel,2018,4389000.0,ST.INT.ARVL,Israel,410.480591497227,7404373.0,83.7332,376299083108.497,4.00389862187025,42362.6652754196,3.12,3199.41625977,82.8024390243903,8882800.0,
IL,Israel,2019,4905000.0,ST.INT.ARVL,Israel,418.391866913124,7068458.0,86.7879,400645216358.857,3.71049632750405,44250.6313628073,3.12,3335.24511719,82.8048780487805,9054000.0,
IL,Israel,2020,,ST.INT.ARVL,Israel,425.836414048059,1249361.0,90.1273,410768352657.612,-2.02161548237589,44575.5719045492,3.07,3616.50219727,82.6487804878049,9215100.0,
IM,Isle of Man,2018,,ST.INT.ARVL,Isle of Man,147.026315789474,4090437.5,59.5,7491649455.92717,2.2133975392251,89393.8244248812,2.543968558429645,325.71012878500005,80.614,83805.0,
IM,Isle of Man,2019,,ST.INT.ARVL,Isle of Man,147.29298245614,3884311.4244999997,64.3128,7314967866.28289,0.254877847398262,87127.5517977404,2.54568504009664,318.75045776499996,80.74,83957.0,
IM,Isle of Man,2020,,ST.INT.ARVL,Isle of Man,147.480701754386,1187021.2719999999,70.1625,6684225641.02564,-8.83681697473475,79513.5330346598,2.61,340.75711060000003,80.591,84064.0,
IN,India,2018,17423000.0,ST.INT.ARVL,India,462.351569862673,164035637.545,20.0813,2702929641648.74,6.45385134497769,1966.25455171679,1.65,57.46551132,70.415,1374659064.0,
IN,India,2019,17914000.0,ST.INT.ARVL,India,467.185182245332,167499116.0,29.5235,2835606256558.19,3.87143694070356,2041.42863698585,1.63,60.6913681,70.746,1389030312.0,
IN,India,2020,,ST.INT.ARVL,India,471.755150192218,68959633.0,43.4054,2674851578587.27,-5.77772470686801,1907.04251637669,1.62,63.83099747,70.156,1402617695.0,
IQ,Iraq,2018,,ST.INT.ARVL,Iraq,92.7505804739616,4812610.0,33.9,227367469034.031,2.63385099105624,5646.68932074742,1.05,232.86825562,71.116,40265624.0,
IQ,Iraq,2019,,ST.INT.ARVL,Iraq,94.8844148066247,5434292.0,44.3263,233636097800.338,5.51379057542323,5671.8568632942,1.2,241.73873901,71.245,41192171.0,
IQ,Iraq,2020,,ST.INT.ARVL,Iraq,97.0138092276507,764661.0,53.6778,180898797516.874,-12.0367930931152,4295.18945121228,1.2,248.04725647,69.651,42116605.0,
IR,"Iran, Islamic Rep.",2018,7295000.0,ST.INT.ARVL,"Iran, Islamic Rep.",53.0773485362096,23029380.0,70.2006,398880231367.268,-1.83800757093036,4631.78709016514,1.95,284.95181274,76.621,86117998.0,-0.8298012517843417
IR,"Iran, Islamic Rep.",2019,9107000.0,ST.INT.ARVL,"Iran, Islamic Rep.",53.6527876733436,21641449.393,72.4509,333519146339.191,-3.0705879849703,3831.27894763337,1.86,225.23252869,76.855,87051648.0,-0.8298012517843417
IR,"Iran, Islamic Rep.",2020,1550000.0,ST.INT.ARVL,"Iran, Islamic Rep.",54.0668369799692,12744853.781,75.5699,262186179355.944,3.33028845926594,2988.78122414716,1.86,201.4589386,74.141,87723443.0,-0.8298012517843417
IS,Iceland,2018,2488000.0,ST.INT.ARVL,Iceland,3.49817514628583,7819740.55998243,99.011,26260850582.0687,4.88917300218223,74452.1890731447,2.87,6280.03857422,82.8609756097561,352721.0,-0.7783832879200726
IS,Iceland,2019,2202000.0,ST.INT.ARVL,Iceland,3.5759496181692,4656017.0,99.5049,24681343649.2952,1.8611779461166,68452.23622306,2.8,5912.00976563,83.1634146341463,360563.0,-0.7783832879200726
IS,Iceland,2020,488000.0,ST.INT.ARVL,Iceland,3.63446394922146,903927.0,99.5328,21629953194.0659,-6.94045306829003,59023.5663465778,2.83,5692.89111328,83.0634146341463,366463.0,-0.7783832879200726
IT,Italy,2018,93228601.5625,ST.INT.ARVL,Italy,203.398704170865,27243741.0,74.3872,2099435266458.67,0.826646712344115,34904.1081923834,3.17,3002.76123047,83.3463414634146,60148658.0,-0.5972808939297057
IT,Italy,2019,95399000.0,ST.INT.ARVL,Italy,201.980545589195,27760301.0,67.8507,2019606796583.53,0.429162533780342,33812.788724868,3.16,2910.64672852,83.4975609756098,59729081.0,-0.5972808939297057
IT,Italy,2020,38419000.0,ST.INT.ARVL,Italy,200.999100491348,7801490.0,70.4834,1907481094079.23,-8.86822122185345,32091.4866621366,3.18,3062.09838867,82.1951219512195,59438851.0,-0.5972808939297057
JG,Channel Islands,2018,,ST.INT.ARVL,Channel Islands,833.075757575758,4090437.5,59.5,10026153281.7503,1.1222435658518,60783.3529257544,2.543968558429645,325.71012878500005,81.1,164949.0,
JG,Channel Islands,2019,,ST.INT.ARVL,Channel Islands,836.560606060606,3884311.4244999997,64.3128,10032440898.6469,1.57335596156342,60568.108347955,2.54568504009664,318.75045776499996,81.2,165639.0,
JG,Channel Islands,2020,,ST.INT.ARVL,Channel Islands,839.570707070707,1187021.2719999999,70.1625,9439810769.23077,-8.89677926591959,56785.9402005039,2.61,340.75711060000003,80.9,166235.0,
JM,Jamaica,2018,4319000.0,ST.INT.ARVL,Jamaica,260.39676823638,180951.272,68.2145,15730792876.2656,1.88992368121086,5578.10347525832,1.7,332.90045166,71.606,2820097.0,-0.6858729149133287
JM,Jamaica,2019,4233000.0,ST.INT.ARVL,Jamaica,260.689843028624,180951.272,70.841,15830766531.1474,0.892291653822227,5607.24299266608,1.73,341.90777588,71.532,2823271.0,-0.6858729149133287
JM,Jamaica,2020,1329699.95117188,ST.INT.ARVL,Jamaica,261.379409048938,180951.272,76.384,13812421835.7369,-9.92032245054413,4879.44025773374,1.71,323.30215454,71.452,2830739.0,-0.6858729149133287
JO,Jordan,2018,4922000.0,ST.INT.ARVL,Jordan,117.84530299617,3383805.0,65.2,43370860704.2254,1.91907091341564,4145.43989673265,1.41,289.47106934,76.491,10462306.0,-0.7686998694273457
JO,Jordan,2019,5361000.0,ST.INT.ARVL,Jordan,120.187073450909,3478444.0,70.0847,44503006338.0282,1.75124077866225,4170.1144003465,1.36,294.92785645,76.865,10671891.0,-0.7686998694273457
JO,Jordan,2020,1240000.0,ST.INT.ARVL,Jordan,122.364439038674,816253.0,78.4178,43700383098.5916,-1.10275188309046,4022.0401356135,1.37,286.19711304,75.583,10865228.0,-0.7686998694273457
JP,Japan,2018,31191000.0,ST.INT.ARVL,Japan,347.903978052126,126387527.0,88.7464,5040880939324.86,0.643391023533141,39751.1330982711,13.0,4265.77929688,84.2109756097561,126811000.0,-0.8709011698288165
JP,Japan,2019,31881000.0,ST.INT.ARVL,Japan,347.415637860082,130233352.0,92.7304,5117993853016.51,-0.402169200894946,40415.9567649547,12.88,4431.29980469,84.3563414634146,126633000.0,-0.8709011698288165
JP,Japan,2020,4115799.8046875,ST.INT.ARVL,Japan,346.395061728395,51131122.0,90.2195,5054068005376.28,-4.16876457146743,40028.7341726762,12.72,4486.63671875,84.56,126261000.0,-0.8709011698288165
KE,Kenya,2018,2025000.0,ST.INT.ARVL,Kenya,87.019449386981,5905365.1234425,19.5,92202979985.2863,5.64794640709219,1836.45275528993,1.33,75.27681732,62.825,50207107.0,
KE,Kenya,2019,2049000.0,ST.INT.ARVL,Kenya,88.4453894988127,6417534.056,22.6688,100378436207.371,5.11415885767801,1960.40808854893,1.33,85.64528656,62.939,51202827.0,
KE,Kenya,2020,,ST.INT.ARVL,Kenya,89.8940686683206,1865768.0,22.6688,100657505750.545,-0.272766327438816,1927.66459027849,1.33,86.59217834,61.596,52217334.0,
KG,Kyrgyz Republic,2018,6947000.0,ST.INT.ARVL,Kyrgyz Republic,33.5979092805005,1175000.704,62.8,8271106235.41552,3.75791013557165,1283.5203037417,4.28,65.34625244,71.4,6444079.0,
KG,Kyrgyz Republic,2019,8508000.0,ST.INT.ARVL,Kyrgyz Republic,34.3598070907195,867935.0,64.1,9371275264.36735,4.60062565707598,1421.99927504102,4.2,61.39657974,71.6,6590211.0,
KG,Kyrgyz Republic,2020,,ST.INT.ARVL,Kyrgyz Republic,35.0708863399374,191774.0,72.0,8270468614.24051,-7.14897757727955,1229.51766602907,4.19,61.40720367,71.8,6726596.0,
KH,Cambodia,2018,6201000.0,ST.INT.ARVL,Cambodia,92.1964763199638,1411059.0,52.3059,33145892168.8958,8.77622376224463,2036.67377566578,0.74,91.59080505,69.993,16274522.0,-0.8024504613522916
KH,Cambodia,2019,6611000.0,ST.INT.ARVL,Cambodia,93.3679129843644,1429503.73046387,52.3059,36685356407.7206,7.93695013588524,2225.87705485686,0.74,112.5851059,70.127,16481304.0,-0.8024504613522916
KH,Cambodia,2020,1306000.0,ST.INT.ARVL,Cambodia,94.7511556764106,609564.382,53.6508,34818073901.4851,-3.55572193406549,2081.73914242939,0.74,110.01118469,70.059,16725474.0,-0.8024504613522916
KI,Kiribati,2018,9000.0,ST.INT.ARVL,Kiribati,150.720987654321,66567.0,32.9864,233514717.441266,3.47943972105872,1912.73809378187,2.543968558429645,208.73831177,65.807,122084.0,
KI,Kiribati,2019,12000.0,ST.INT.ARVL,Kiribati,152.988888888889,65846.852,39.5737,216985388.322754,3.26428756458257,1750.9977188915,2.54568504009664,177.93025208,65.866,123921.0,
KI,Kiribati,2020,,ST.INT.ARVL,Kiribati,155.677777777778,56299.058,39.5737,220897998.732518,-1.46806718078108,1751.7823197053,2.61,239.24353027,65.205,126099.0,
KM,Comoros,2018,35900.0015258789,ST.INT.ARVL,Comoros,414.610424502955,4090437.5,16.3838,1188797449.96029,4.05960593662805,1540.71132331975,2.543968558429645,74.89152527,65.401,771590.0,-0.8447893517332006
KM,Comoros,2019,45099.9984741211,ST.INT.ARVL,Comoros,422.664159054272,3884311.4244999997,16.3838,1195019531.03664,3.62877024437186,1519.26386326167,2.54568504009664,78.23674774,65.662,786578.0,-0.8447893517332006
KM,Comoros,2020,7000.0,ST.INT.ARVL,Comoros,431.038688876948,1187021.2719999999,22.4204,1225039195.93742,4.00531793513311,1527.16990927956,2.61,89.67817688,65.756,802163.0,-0.8447893517332006
KN,St. Kitts and Nevis,2018,1278000.0,ST.INT.ARVL,St. Kitts and Nevis,180.8,4090437.5,68.6,1076548148.14815,2.00352549800972,22901.3816403197,5.0,1120.83300781,71.336,47008.0,-0.7277326161730044
KN,St. Kitts and Nevis,2019,1107000.0,ST.INT.ARVL,St. Kitts and Nevis,180.584615384615,3884311.4244999997,69.4,1107855555.55556,2.93824658056356,23595.4923231291,4.32,1223.83544922,71.54,46952.0,-0.7277326161730044
KN,St. Kitts and Nevis,2020,301399.993896484,ST.INT.ARVL,St. Kitts and Nevis,180.269230769231,1187021.2719999999,70.2753,883922222.222222,-15.3018891740649,18859.0190361046,4.32,1067.96020508,71.181,46870.0,-0.7277326161730044
KP,"Korea, Dem. People's Rep.",2018,,ST.INT.ARVL,"Korea, Dem. People's Rep.",215.357088281704,94245.0,59.5,40765428571.4286,2.9652578398159797,6713.98925398989,2.543968558429645,325.71012878500005,73.02,25931147.0,
KP,"Korea, Dem. People's Rep.",2019,,ST.INT.ARVL,"Korea, Dem. People's Rep.",216.241441740719,109095.0,64.3128,41905642418.825,2.828245466719815,6648.0348960628,2.54568504009664,318.75045776499996,72.928,26037632.0,
KP,"Korea, Dem. People's Rep.",2020,,ST.INT.ARVL,"Korea, Dem. People's Rep.",217.060975002076,3563.0,70.1625,37600368239.8824,-3.512474720935515,6133.32552410183,2.61,340.75711060000003,72.783,26136312.0,
KR,"Korea, Rep.",2018,15347000.0,ST.INT.ARVL,"Korea, Rep.",528.969011484824,88157579.0,96.0229,1725373496825.43,2.90740377377135,33447.1562836166,12.42,2493.33569336,82.6268292682927,51585058.0,-0.8560818145460778
KR,"Korea, Rep.",2019,17503000.0,ST.INT.ARVL,"Korea, Rep.",530.377274590164,92434079.0,96.1576,1651422932447.77,2.24397786011012,31902.4169048194,12.42,2592.47851563,83.2268292682927,51764822.0,-0.8560818145460778
KR,"Korea, Rep.",2020,2519000.0,ST.INT.ARVL,"Korea, Rep.",531.109006147541,30033310.0,96.5051,1644312831906.17,-0.709415359397681,31721.2989141857,12.65,2649.33422852,83.4268292682927,51836239.0,-0.8560818145460778
KW,Kuwait,2018,8508000.0,ST.INT.ARVL,Kuwait,242.621492704826,6464847.0,99.5988,138646316321.596,2.74333053861294,32067.9623689512,2.01,1658.60375977,80.1063658536585,4323515.0,-0.7476941039112668
KW,Kuwait,2019,8565000.0,ST.INT.ARVL,Kuwait,249.288215488215,7385299.0,99.5427,140856394870.02,2.26381690553512,31707.8737464917,2.0,1643.16491699,81.969756097561,4442316.0,-0.7476941039112668
KW,Kuwait,2020,2161000.0,ST.INT.ARVL,Kuwait,246.928563411897,1823594.0,99.1059,111045470461.207,-4.81778982257279,25236.0755520534,2.35,1523.4276123,78.7609756097561,4400267.0,-0.7476941039112668
KY,Cayman Islands,2018,2384000.0,ST.INT.ARVL,Cayman Islands,274.754166666667,4090437.5,59.5,5530178440.71376,4.26726745249641,83865.5531568184,2.543968558429645,325.71012878500005,78.835,65941.0,-0.7172236503856041
KY,Cayman Islands,2019,2334000.0,ST.INT.ARVL,Cayman Islands,280.529166666667,3884311.4244999997,64.3128,5941896607.58643,3.91563534249416,88254.2903677044,2.54568504009664,318.75045776499996,79.052,67327.0,-0.7172236503856041
KY,Cayman Islands,2020,660000.0,ST.INT.ARVL,Cayman Islands,286.183333333333,1187021.2719999999,70.1625,5655358021.43209,-4.95480640759244,82338.7982853661,2.61,340.75711060000003,79.23,68684.0,-0.7172236503856041
KZ,Kazakhstan,2018,8789000.0,ST.INT.ARVL,Kazakhstan,7.01290032225803,5920110.0,78.9039,179339977690.485,4.09999999309841,9472.48527327758,5.31,266.92147827,73.369,18932727.0,-0.7610099823840282
KZ,Kazakhstan,2019,8515000.0,ST.INT.ARVL,Kazakhstan,7.11544060451161,7656866.0,81.8776,181667184854.501,4.50000000091883,9457.12614657136,5.13,263.61331177,73.658,19209555.0,-0.7610099823840282
KZ,Kazakhstan,2020,2035000.0,ST.INT.ARVL,Kazakhstan,7.21640071119013,5282205.0,85.9426,171082365861.423,-2.49999999628,8781.50797787648,6.72,329.57086182,71.195,19482117.0,-0.7610099823840282
LA,Lao PDR,2018,4186000.0,ST.INT.ARVL,Lao PDR,30.8840771230503,1009414.0,36.3,18141641089.7963,6.24796000755872,2545.1075420815,1.47,57.1708374,67.594,7128045.0,-0.8149864277991937
LA,Lao PDR,2019,4791000.0,ST.INT.ARVL,Lao PDR,31.3589081455806,979307.0,47.0323,18740561512.5555,5.4577350924848,2589.32081035237,1.69,67.57865143,67.911,7237636.0,-0.8149864277991937
LA,Lao PDR,2020,886400.024414063,ST.INT.ARVL,Lao PDR,31.8307322357019,386950.0,54.0,18981805250.2424,0.503031829018681,2583.77730696131,1.27,51.96581268,68.339,7346533.0,-0.8149864277991937
LB,Lebanon,2018,1964000.0,ST.INT.ARVL,Lebanon,584.957869012708,2981937.0,80.9,54901519155.5556,-1.88470575631651,9174.53666204759,2.73,740.46942139,78.263,5984119.0,
LB,Lebanon,2019,1936000.0,ST.INT.ARVL,Lebanon,566.431476050831,3164358.0,81.4812,51605959131.2741,-6.91492472851026,8905.88005497437,2.73,779.60778809,78.208,5794594.0,
LB,Lebanon,2020,,ST.INT.ARVL,Lebanon,557.419159335288,1077762.0,82.0665,31712128253.7961,-21.3998996914321,5561.19166950397,2.73,518.296875,76.299,5702398.0,
LC,St. Lucia,2018,1165000.0,ST.INT.ARVL,St. Lucia,290.191803278688,4090437.5,60.1126,2060955555.55556,2.88677902171601,11642.6984727769,1.74,486.53726196,72.655,177017.0,-0.6454918032786885
LC,St. Lucia,2019,1220000.0,ST.INT.ARVL,St. Lucia,291.247540983607,3884311.4244999997,61.0805,2095344444.44444,-0.700322396299441,11794.0597229805,1.74,493.95703125,72.249,177661.0,-0.6454918032786885
LC,St. Lucia,2020,432500.0,ST.INT.ARVL,St. Lucia,292.213114754098,1187021.2719999999,62.064,1499274074.07407,-24.3614732129122,8411.07474936367,1.74,577.55700684,72.308,178250.0,-0.6454918032786885
LI,Liechtenstein,2018,85300.0030517578,ST.INT.ARVL,Liechtenstein,239.0375,4090437.5,93.1461,6692620691.84146,2.9652578398159797,174988.775083446,2.543968558429645,325.71012878500005,83.0414634146342,38246.0,-0.40468906794850873
LI,Liechtenstein,2019,98099.9984741211,ST.INT.ARVL,Liechtenstein,241.01875,3884311.4244999997,93.1461,6436467007.11932,2.828245466719815,166907.839305016,2.54568504009664,318.75045776499996,84.1609756097561,38563.0,-0.40468906794850873
LI,Liechtenstein,2020,58400.0015258789,ST.INT.ARVL,Liechtenstein,243.13125,1187021.2719999999,94.3499,6405870210.32293,-3.512474720935515,164671.093553454,2.61,340.75711060000003,81.6585365853659,38901.0,-0.40468906794850873
LK,Sri Lanka,2018,2521000.0,ST.INT.ARVL,Sri Lanka,350.284495021337,5882376.0,28.3,94450015982.8405,2.31008425545845,4358.56095906047,3.93,154.64622498,76.485,21670000.0,-0.7335964479526393
LK,Sri Lanka,2019,2027000.0,ST.INT.ARVL,Sri Lanka,352.431694638296,5582446.0,32.0,88998706296.5783,-0.220483886831275,4081.94772722003,4.0,154.87071228,76.698,21803000.0,-0.7335964479526393
LK,Sri Lanka,2020,540000.0,ST.INT.ARVL,Sri Lanka,354.332363401229,1240391.0,36.1847,84335574581.5072,-4.62451503749502,3847.60137695639,4.02,152.001297,76.928,21919000.0,-0.7335964479526393
LR,Liberia,2018,,ST.INT.ARVL,Liberia,51.3364410299003,4090437.5,17.2777,3422754800.0,1.15757512207355,692.203127129794,1.64,71.17150116,60.999,4944726.0,
LR,Liberia,2019,,ST.INT.ARVL,Liberia,52.3642130398671,3884311.4244999997,18.3141,3319596500.0,-2.46729763532686,658.164180770507,1.64,51.1932373,61.232,5043721.0,
LR,Liberia,2020,,ST.INT.ARVL,Liberia,53.462032807309,1187021.2719999999,19.4126,3176126300.0,-2.98249127649473,616.787867006715,1.64,76.11009979,61.267,5149463.0,
LS,Lesotho,2018,1173000.0,ST.INT.ARVL,Lesotho,71.9236824769433,4090437.5,40.8,2556247291.99785,-1.48063315848241,1170.65569702819,2.543968558429645,131.43312073,54.638,2183603.0,
LS,Lesotho,2019,1142000.0,ST.INT.ARVL,Lesotho,72.7735507246377,3884311.4244999997,42.3017,2390702295.82777,-1.41799383085205,1082.05706777516,2.54568504009664,236.44024658,55.249,2209405.0,
LS,Lesotho,2020,,ST.INT.ARVL,Lesotho,73.6405467720685,1187021.2719999999,43.6575,2053699870.07191,-8.15595879914267,918.582577421982,2.61,97.32032776,55.133,2235727.0,
LT,Lithuania,2018,6115000.0,ST.INT.ARVL,Lithuania,45.0135717707169,26031.0,79.7226,54261795148.5372,4.91836780106811,19247.2315367967,6.27,1249.03100586,75.6804878048781,2819200.0,-0.6286178861788618
LT,Lithuania,2019,6150000.0,ST.INT.ARVL,Lithuania,44.8912328329607,40944.0,81.5819,55122066225.796,4.67735183530451,19608.7943945553,6.22,1369.97949219,76.2829268292683,2811089.0,-0.6286178861788618
LT,Lithuania,2020,2284000.0,ST.INT.ARVL,Lithuania,44.8797349089748,35027.0,83.0555,57412038533.2718,0.0428158336981426,20428.6478157394,5.96,1520.39221191,75.0292682926829,2810369.0,-0.6286178861788618
LU,Luxembourg,2018,1018000.0,ST.INT.ARVL,Luxembourg,236.146609386046,2099102.0,97.0613,71085623495.1145,1.61129561338169,116926.759593905,4.51,6227.08398438,82.2951219512195,607950.0,-0.4956772334293948
LU,Luxembourg,2019,1041000.0,ST.INT.ARVL,Luxembourg,240.827591028798,2114417.0,97.1206,69872035113.6469,2.74931929072659,112696.649059674,4.26,6221.73876953,82.6390243902439,620001.0,-0.4956772334293948
LU,Luxembourg,2020,525000.0,ST.INT.ARVL,Luxembourg,244.874264894386,753114.0,98.4596,73670782100.3909,-0.510051634039826,116860.02817236,4.19,6785.86230469,82.1439024390244,630419.0,-0.4956772334293948
LV,Latvia,2018,7775000.0,ST.INT.ARVL,Latvia,30.9700612274415,4058762.0,83.5772,33247935477.3576,4.30971286294503,17252.1710428626,5.47,1101.49243164,74.7829268292683,1927174.0,-0.6159194437784704
LV,Latvia,2019,8342000.0,ST.INT.ARVL,Latvia,30.755491989008,4976410.0,86.1355,33099503950.847,0.675372771884227,17294.9751600969,5.42,1183.1151123,75.3878048780488,1913822.0,-0.6159194437784704
LV,Latvia,2020,3204000.0,ST.INT.ARVL,Latvia,30.5391129680219,1323070.0,88.898,33379927434.6149,-3.46922750780554,17564.2321549354,5.3,1313.35412598,75.1853658536585,1900449.0,-0.6159194437784704
LY,Libya,2018,,ST.INT.ARVL,Libya,3.89252588744786,1442576.0,87.5754,76686029772.1483,7.9413678529104,11196.5854810844,3.2,544.88079834,73.151,6849055.0,
LY,Libya,2019,,ST.INT.ARVL,Libya,3.95048308080521,1367458.0,87.5754,69254496471.6938,-11.1960828853386,9963.19489084483,3.2,552.73168945,72.941,6951033.0,
LY,Libya,2020,,ST.INT.ARVL,Libya,4.00411414346932,715300.42,87.5754,46854285440.642,-29.4552967282824,6650.33810585348,3.2,472.62240601,72.388,7045399.0,
MA,Morocco,2018,12489000.0,ST.INT.ARVL,Morocco,80.3041900067219,8132917.0,64.8039,127341147581.818,3.06564133025955,3501.69799804688,0.7,175.70518494,73.946,35839760.0,-0.7862537188191319
MA,Morocco,2019,13109000.0,ST.INT.ARVL,Morocco,81.1357786242438,9380951.0,84.1204,128920266409.458,2.89097476137077,3508.09765625,0.7,177.84625244,74.245,36210898.0,-0.7862537188191319
MA,Morocco,2020,2802000.0,ST.INT.ARVL,Morocco,81.9722339233699,3012310.0,84.1204,121353645057.144,-7.17820744246774,3268.0302734375,0.73,185.45245361,73.133,36584208.0,-0.7862537188191319
MC,Monaco,2018,347000.0,ST.INT.ARVL,Monaco,18822.8909718796,316.0,83.3397,7184333936.01355,5.69790121192926,188298.315668437,2.543968558429645,7616.03564453,86.084,38154.0,-0.5619834710743802
MC,Monaco,2019,363000.0,ST.INT.ARVL,Monaco,18800.6906758757,316.0,83.3397,7383496254.23721,7.12088951975396,193746.785647412,2.54568504009664,7512.53173828,86.151,38109.0,-0.5619834710743802
MC,Monaco,2020,159000.0,ST.INT.ARVL,Monaco,18771.583621115,316.0,98.5709,6730736282.78961,-13.2391048292108,176891.886538492,2.61,7579.64404297,86.089,38050.0,-0.5619834710743802
MD,Moldova,2018,160000.0,ST.INT.ARVL,Moldova,94.2543946689506,1423791.0,50.3,11252353420.8798,4.07559546585034,4156.44981956646,5.77,276.47143555,70.236,2707203.0,-0.8333333333333334
MD,Moldova,2019,174000.0,ST.INT.ARVL,Moldova,92.756093569939,1408166.0,57.7605,11736797054.6965,3.5523140853476,4405.33418162155,5.8,284.30029297,70.181,2664224.0,-0.8333333333333334
MD,Moldova,2020,29000.0,ST.INT.ARVL,Moldova,91.7473260542588,306631.727,58.2153,11530746234.4492,-8.27597831976949,4375.7788930524,5.57,306.64892578,69.914,2635130.0,-0.8333333333333334
ME,Montenegro,2018,2077000.0,ST.INT.ARVL,Montenegro,46.5753159851301,565522.0,71.5171,5506942238.35668,5.0778888113381,8790.88152116679,3.86,745.7520752,77.8853658536585,626438.0,-0.8601593625498007
ME,Montenegro,2019,2510000.0,ST.INT.ARVL,Montenegro,46.5987360594796,597380.0,73.4767,5542054181.12616,4.06294499167197,8842.48528706869,3.81,754.77441406,76.6829268292683,626753.0,-0.8601593625498007
ME,Montenegro,2020,351000.0,ST.INT.ARVL,Montenegro,46.5866171003717,597380.0,77.6088,4769996866.00758,-15.3068937570407,7612.62845881291,3.81,896.24884033,75.9317073170732,626590.0,-0.8601593625498007
MF,St. Martin (French part),2018,,ST.INT.ARVL,St. Martin (French part),720.24,4090437.5,59.5,652205849.387956,-7.99999506898229,19033.0594854512,2.543968558429645,325.71012878500005,80.029,36012.0,
MF,St. Martin (French part),2019,,ST.INT.ARVL,St. Martin (French part),685.34,3884311.4244999997,64.3128,652205849.387956,6.50000363700821,19033.0594854512,2.54568504009664,318.75045776499996,80.078,34267.0,
MF,St. Martin (French part),2020,,ST.INT.ARVL,St. Martin (French part),635.72,1187021.2719999999,70.1625,652205849.387956,-12.500002246731,19033.0594854512,2.61,340.75711060000003,80.085,31786.0,
MG,Madagascar,2018,360000.0,ST.INT.ARVL,Madagascar,47.2583808869027,541290.0,7.7478,13760033282.2925,3.19435651744398,500.45718552916,2.543968558429645,21.12731934,63.491,27494926.0,-0.8207818961437837
MG,Madagascar,2019,486000.0,ST.INT.ARVL,Madagascar,48.5038741835682,544458.0,9.37944,14104664678.5063,4.41123212909589,499.818837622534,2.54568504009664,15.50084877,63.504,28219554.0,-0.8207818961437837
MG,Madagascar,2020,87099.9984741211,ST.INT.ARVL,Madagascar,49.7654795462358,186314.332,11.3547,13051441203.9474,-7.13767162064489,450.771615201509,2.61,16.78295326,62.706,28953556.0,-0.8207818961437837
MH,Marshall Islands,2018,6800.00019073486,ST.INT.ARVL,Marshall Islands,251.583333333333,24313.0,43.8825,220000000.0,5.48717948717949,4858.12079054875,2.543968558429645,702.8359375,65.87,45285.0,
MH,Marshall Islands,2019,6099.99990463257,ST.INT.ARVL,Marshall Islands,244.483333333333,21500.0,49.7575,232900000.0,10.4521147301896,5292.33985502306,2.54568504009664,793.66851807,66.047,44007.0,
MH,Marshall Islands,2020,,ST.INT.ARVL,Marshall Islands,237.255555555556,25563.0,56.4191,241800000.0,-2.77288732394366,5661.96787336674,2.61,687.02435303,65.387,42706.0,
MK,North Macedonia,2018,707000.0,ST.INT.ARVL,North Macedonia,74.9028945281523,4090437.5,79.1678,12683068114.2388,2.88059670964267,6713.98925398989,4.14,426.57290649,76.6487804878049,1889051.0,-0.8443271767810027
MK,North Macedonia,2019,758000.0,ST.INT.ARVL,North Macedonia,74.3957969865186,3884311.4244999997,81.4129,12606338448.547,3.91041953840173,6718.85826635458,4.19,469.47344971,76.6024390243903,1876262.0,-0.8443271767810027
MK,North Macedonia,2020,118000.0,ST.INT.ARVL,North Macedonia,73.5973037272006,1187021.2719999999,81.4055,12361036913.8409,-4.68845000956652,6659.59651070776,4.22,510.81011963,74.3951219512195,1856124.0,-0.8443271767810027
ML,Mali,2018,203000.0,ST.INT.ARVL,Mali,16.7531531974529,4090437.5,21.4,20368015381.2413,4.86784999935264,996.379292136901,0.25,31.16962624,58.873,20442030.0,
ML,Mali,2019,217000.0,ST.INT.ARVL,Mali,17.2664953818668,3884311.4244999997,24.9603,20477421884.5414,4.99999911699705,971.949318638092,0.25,31.4089489,59.217,21068405.0,
ML,Mali,2020,,ST.INT.ARVL,Mali,17.7954548062187,1187021.2719999999,29.113,20698560938.7775,-1.16907500952713,953.242943290974,0.25,28.20211601,58.858,21713836.0,
MM,Myanmar,2018,3551000.0,ST.INT.ARVL,Myanmar,80.0861758847863,3407788.43290303,29.379,67860515989.517,6.26886221471075,1298.21310320785,1.05,60.83261871,66.232,52272247.0,-0.7930797433547204
MM,Myanmar,2019,4364000.0,ST.INT.ARVL,Myanmar,80.6507017006282,3701663.849,36.5405,75065106227.6892,6.57911006765414,1425.98954211903,1.04,53.72147369,66.457,52640713.0,-0.7930797433547204
MM,Myanmar,2020,903000.0,ST.INT.ARVL,Myanmar,81.2302112859485,1506581.713,45.4477,79006113643.1906,-9.04834717984643,1490.21683548367,1.06,66.02284241,66.612,53016522.0,-0.7930797433547204
MN,Mongolia,2018,598000.0,ST.INT.ARVL,Mongolia,2.06015649331677,670360.0,47.13,13178094720.4986,7.74488062024881,4107.64288528468,7.86,188.64115906,70.8270731707317,3208189.0,-0.894976449723895
MN,Mongolia,2019,637000.0,ST.INT.ARVL,Mongolia,2.09835043390369,744413.0,51.08,14206359017.5143,5.60224422064255,4347.54610314873,7.94,197.57131958,71.0531707317073,3267673.0,-0.894976449723895
MN,Mongolia,2020,66900.0015258789,ST.INT.ARVL,Mongolia,2.13623721809195,143860.0,62.5,13312981429.0891,-4.55775197583431,4001.25193077703,8.22,188.77464294,71.3490243902439,3327204.0,-0.894976449723895
MO,"Macao SAR, China",2018,35804000.0,ST.INT.ARVL,"Macao SAR, China",20027.3556231003,3157724.0,83.7941,55190661339.7796,6.40527915704645,83761.8171798142,2.543968558429645,325.71012878500005,83.6780487804878,658900.0,-0.8503527381617013
MO,"Macao SAR, China",2019,39406000.0,ST.INT.ARVL,"Macao SAR, China",20425.5319148936,3659911.0,86.4679,55082293844.1008,-2.5634151500998,81967.699172769,2.54568504009664,318.75045776499996,83.9292682926829,672000.0,-0.8503527381617013
MO,"Macao SAR, China",2020,5897000.0,ST.INT.ARVL,"Macao SAR, China",20832.8267477204,544411.0,87.4623,25343525935.8358,-54.3361062745857,36976.2561071429,2.61,340.75711060000003,84.1292682926829,685400.0,-0.8503527381617013
MP,Northern Mariana Islands,2018,518000.0,ST.INT.ARVL,Northern Mariana Islands,106.689130434783,4090437.5,59.5,1301000000.0,-19.4973343488195,26509.3628379893,2.543968558429645,325.71012878500005,77.51,49077.0,
MP,Northern Mariana Islands,2019,487000.0,ST.INT.ARVL,Northern Mariana Islands,104.628260869565,3884311.4244999997,64.3128,1179000000.0,-11.4474929044465,24496.6652122421,2.54568504009664,318.75045776499996,77.844,48129.0,
MP,Northern Mariana Islands,2020,,ST.INT.ARVL,Northern Mariana Islands,103.321739130435,1187021.2719999999,70.1625,866000000.0,-29.0598290598291,18220.8382427201,2.61,340.75711060000003,78.03,47528.0,
MR,Mauritania,2018,,ST.INT.ARVL,Mauritania,4.20848452508004,379211.0,22.967,7473550557.07378,4.77217365692621,1722.93528854073,2.543968558429645,49.68307495,67.419,4337685.0,
MR,Mauritania,2019,,ST.INT.ARVL,Mauritania,4.33463471427185,386621.0,25.0978,7894764885.82312,3.14100489306969,1767.072710621,2.54568504009664,54.63365555,67.64,4467708.0,
MR,Mauritania,2020,,ST.INT.ARVL,Mauritania,4.46311341806539,100904.0,27.4262,8260752385.23089,-0.360657384151068,1795.76459566714,2.61,53.89974594,66.794,4600131.0,
MT,Malta,2018,3232000.0,ST.INT.ARVL,Malta,1512.196875,2576898.0,81.658,16153779511.1559,7.18909653691901,33382.2677502638,4.25,2753.51098633,82.2487804878049,483903.0,-0.7959647627166809
MT,Malta,2019,3519000.0,ST.INT.ARVL,Malta,1574.725,2382607.8,85.7786,16337793530.7788,4.08470602847339,32421.9179753188,4.11,2943.63208008,82.6585365853659,503912.0,-0.7959647627166809
MT,Malta,2020,718000.0,ST.INT.ARVL,Malta,1610.90625,549318.545,86.8588,16409900599.1964,-3.35834253154739,31833.596382464,4.38,3135.40527344,82.0975609756098,515490.0,-0.7959647627166809
MU,Mauritius,2018,1431000.0,ST.INT.ARVL,Mauritius,633.739108662994,1745291.0,58.5962,14735695930.9727,4.00674057198549,11643.4605962124,3.54,640.62182617,74.4163414634146,1265577.0,-0.7771509167842031
MU,Mauritius,2019,1418000.0,ST.INT.ARVL,Mauritius,633.943415122684,1726868.0,61.73,14436346979.6355,2.89128499346516,11403.2527870674,3.63,639.18286133,74.2358536585366,1265985.0,-0.7771509167842031
MU,Mauritius,2020,316000.0,ST.INT.ARVL,Mauritius,633.957936905358,407291.0,67.7329,11408106446.3144,-14.5465381490166,9011.04288445023,3.64,541.95184326,74.1770731707317,1266014.0,-0.7771509167842031
MV,Maldives,2018,1484000.0,ST.INT.ARVL,Maldives,1576.99666666667,1191383.08265957,70.9,5404344162.69888,8.56895559709454,11423.2838427029,4.95,833.21575928,79.433,473099.0,-0.6741045214327657
MV,Maldives,2019,1703000.0,ST.INT.ARVL,Maldives,1625.77,1221786.67512409,77.4697,5726094799.37709,6.92305980832566,11740.2724029785,6.36,880.79962158,79.707,487731.0,-0.6741045214327657
MV,Maldives,2020,555000.0,ST.INT.ARVL,Maldives,1673.72666666667,292931.0,79.0978,3712604583.36665,-32.9088287284425,7393.8886543933,5.04,845.82440186,78.713,502118.0,-0.6741045214327657
MW,Malawi,2018,871000.0,ST.INT.ARVL,Malawi,196.521860415783,10545.0,8.79829,9879231591.52434,4.35356471619211,533.203173686705,2.543968558429645,36.70302963,64.464,18528081.0,
MW,Malawi,2019,,ST.INT.ARVL,Malawi,201.800509121765,7117.0,11.0586,11051865579.8121,5.71682519194337,580.889816066776,2.54568504009664,36.91519165,64.995,19025752.0,
MW,Malawi,2020,,ST.INT.ARVL,Malawi,207.190156979211,1792.164,13.8995,11769313597.8545,0.793596429787286,602.507478176106,2.61,43.22896194,65.216,19533888.0,
MX,Mexico,2018,96497000.0,ST.INT.ARVL,Mexico,64.0827752771419,64569640.0,56.6596,1256300182775.8,1.97208207701884,10084.7937553679,0.98,528.26306152,74.301,124573711.0,-0.47510420302650763
MX,Mexico,2019,97406000.0,ST.INT.ARVL,Mexico,64.6945559299365,69937838.0,69.6321,1304106203902.45,-0.392690505099296,10369.5553585271,0.97,549.72601318,74.53,125762982.0,-0.47510420302650763
MX,Mexico,2020,51128000.0,ST.INT.ARVL,Mexico,65.227528485815,34133108.0,71.4902,1121064767401.51,-8.35403456576364,8841.2707511328,1.0,535.11669922,70.449,126799054.0,-0.47510420302650763
MY,Malaysia,2018,25832000.0,ST.INT.ARVL,Malaysia,100.170345457312,60481772.0,81.201,358788845712.53,4.84308697634881,10901.8019954421,1.93,409.84710693,75.734,32910967.0,-0.8339910348262519
MY,Malaysia,2019,26101000.0,ST.INT.ARVL,Malaysia,101.782364936844,63623130.0,84.1871,365177721021.516,4.41318742129586,10920.191763972,1.94,419.32568359,75.9,33440596.0,-0.8339910348262519
MY,Malaysia,2020,4333000.0,ST.INT.ARVL,Malaysia,103.148860143053,15893988.0,89.555,337456163961.211,-5.45684658426701,9957.52626697613,1.97,406.52005005,76.057,33889558.0,-0.8339910348262519
MZ,Mozambique,2018,2870000.0,ST.INT.ARVL,Mozambique,36.9015539561026,540124.0,10.9,15017358952.8452,3.48493202422782,517.507260258101,0.76,41.29206467,60.79,29018644.0,
MZ,Mozambique,2019,2033000.0,ST.INT.ARVL,Mozambique,38.0024670006867,587364.0,12.4793,15512759046.672,2.31781394821475,519.09255091362,0.71,41.01906586,61.306,29884380.0,
MZ,Mozambique,2020,,ST.INT.ARVL,Mozambique,39.1460718736489,327742.0,14.2874,14235420174.1884,-1.21952250011192,462.433876479921,0.7,34.87546539,61.39,30783688.0,
NC,New Caledonia,2018,120000.0,ST.INT.ARVL,New Caledonia,15.5109956236324,4090437.5,59.5,9896402283.68587,3.99570728203879,34902.8968780031,2.543968558429645,325.71012878500005,77.557,283541.0,-0.7615384615384615
NC,New Caledonia,2019,130000.0,ST.INT.ARVL,New Caledonia,15.5145514223195,3884311.4244999997,64.3128,9475655324.59495,-1.40000000198451,33411.3358835672,2.54568504009664,318.75045776499996,77.262,283606.0,-0.7615384615384615
NC,New Caledonia,2020,31000.0,ST.INT.ARVL,New Caledonia,15.5457330415755,1187021.2719999999,70.1625,9454629467.91408,-2.40000000064407,33270.330597637,2.61,340.75711060000003,77.049,284176.0,-0.7615384615384615
NE,Niger,2018,157000.0,ST.INT.ARVL,Niger,17.5164356201153,4090437.5,16.6119,12837307496.8821,7.21141802762897,578.568035680892,0.24,30.61364555,59.765,22188069.0,-0.5572916666666666
NE,Niger,2019,192000.0,ST.INT.ARVL,Niger,18.1161735217494,3884311.4244999997,16.6119,12889555561.2299,5.93985257123522,561.691304349698,0.29,31.89424324,60.031,22947757.0,-0.5572916666666666
NE,Niger,2020,85000.0,ST.INT.ARVL,Niger,18.7239385805637,1187021.2719999999,17.0375,13744653103.058,3.55064109436891,579.512495758236,0.27,35.75509644,59.89,23717613.0,-0.5572916666666666
NG,Nigeria,2018,,ST.INT.ARVL,Nigeria,225.017024056568,7786143.99416227,27.7,421739251509.08,1.92275734200651,2057.87944554011,2.543968558429645,63.60244751,52.669,204938755.0,
NG,Nigeria,2019,,ST.INT.ARVL,Nigeria,230.009377779242,6539048.35309011,29.7,474517490844.461,2.20842927714881,2265.15520863056,2.54568504009664,67.6254425,53.009,209485641.0,
NG,Nigeria,2020,,ST.INT.ARVL,Nigeria,234.961824609945,3435350.518,31.8888,432198898467.795,-1.79425308274458,2019.65706326224,2.61,67.91384888,53.072,213996181.0,
NI,Nicaragua,2018,1412000.0,ST.INT.ARVL,Nicaragua,53.1833139438258,4090437.5,33.913,13025221974.232,-3.3633566598573,2035.16549390507,0.92,172.9760437,73.879,6400080.0,-0.6742268041237114
NI,Nicaragua,2019,1455000.0,ST.INT.ARVL,Nicaragua,53.8778211733422,3884311.4244999997,37.8319,12699023614.245,-2.89686986728901,1958.62051528095,0.96,166.49009705,73.764,6483657.0,-0.6742268041237114
NI,Nicaragua,2020,474000.0,ST.INT.ARVL,Nicaragua,54.5559830480306,1187021.2719999999,42.2037,12726422432.4868,-2.23654176262323,1938.44704754382,0.94,165.88038635,70.766,6565267.0,-0.6742268041237114
NL,Netherlands,2018,18780000.0,ST.INT.ARVL,Netherlands,511.779744579745,44417573.579144,91.8919,929733599796.862,2.2587403735731,53955.0770024266,3.17,5330.66015625,81.8121951219512,17231624.0,-0.6390779472403001
NL,Netherlands,2019,20129000.0,ST.INT.ARVL,Netherlands,515.143272943273,46358457.951,93.2886,928903005576.469,2.30009157916757,53554.9007491475,3.02,5340.61279297,82.1121951219512,17344874.0,-0.6390779472403001
NL,Netherlands,2020,7265000.0,ST.INT.ARVL,Netherlands,518.013068013068,14748517.334,91.3333,932560861701.17,-3.86795333823223,53467.9277413737,2.91,5865.90527344,81.3585365853659,17441500.0,-0.6390779472403001
NO,Norway,2018,5688000.0,ST.INT.ARVL,Norway,14.5488896436123,4090437.5,96.4917,439788625883.8,0.828931500516902,82792.8427113304,3.53,8271.859375,82.7585365853659,5311916.0,-0.7623745534954924
NO,Norway,2019,5879000.0,ST.INT.ARVL,Norway,14.6479975020132,3884311.4244999997,98.0,408742840909.091,1.12374694968757,76430.5889473338,3.47,8007.35546875,82.9585365853659,5347896.0,-0.7623745534954924
NO,Norway,2020,1397000.0,ST.INT.ARVL,Norway,14.7672152298338,1187021.2719999999,94.6076,367633418886.627,-1.27817177234034,68340.0181033702,3.4,7824.57714844,83.209756097561,5379475.0,-0.7623745534954924
NP,Nepal,2018,1173000.0,ST.INT.ARVL,Nepal,195.882029996512,4525805.0,28.6,33111525237.149,7.62237610397933,1179.19843190389,0.25,51.16128922,69.036,28079689.0,-0.8078529657477026
NP,Nepal,2019,1197000.0,ST.INT.ARVL,Nepal,198.214607603767,1659671.0,33.3366,34186180699.0255,6.65705543110468,1203.14294706401,0.29,53.61107254,69.299,28414064.0,-0.8078529657477026
NP,Nepal,2020,230000.0,ST.INT.ARVL,Nepal,202.068880362749,1989284.0,38.8576,33433659301.2466,-2.3696206292072,1154.21517578318,0.28,59.07941437,69.106,28966574.0,-0.8078529657477026
NR,Nauru,2018,,ST.INT.ARVL,Nauru,573.85,40290.0,74.7379,130937589.753517,-1.21912201456978,11408.6947593898,2.543968558429645,1221.42358398,61.238,11477.0,
NR,Nauru,2019,,ST.INT.ARVL,Nauru,579.35,50668.0,74.7379,124871111.377973,8.48673659193109,10776.8284610316,2.54568504009664,1213.86804199,61.393,11587.0,
NR,Nauru,2020,,ST.INT.ARVL,Nauru,582.15,9356.0,81.6554,124530027.301054,1.98181949377276,10695.6993301601,2.61,1270.52563477,61.527,11643.0,
NZ,New Zealand,2018,3858000.0,ST.INT.ARVL,New Zealand,18.6115225399719,17249049.9541367,89.0,211985631173.205,3.47058203866328,43257.0769238879,2.63,3907.59912109,81.7073170731707,4900600.0,-0.7438271604938271
NZ,New Zealand,2019,3888000.0,ST.INT.ARVL,New Zealand,18.9100300026585,17763604.459,89.8637,213006341101.869,2.31747144034802,42779.2298164101,2.55,4059.05639648,82.0560975609756,4979200.0,-0.7438271604938271
NZ,New Zealand,2020,996000.0,ST.INT.ARVL,New Zealand,19.3315863430937,8516619.501,95.2342,213029554653.687,-0.307246896026541,41850.92032802,2.51,4214.57177734,82.2560975609756,5090200.0,-0.7438271604938271
OE,OECD members,2018,1331200523.4375,ST.INT.ARVL,OECD members,38.2000604347237,2413352567.63458,59.5,53633758340295.1,2.33792285052236,39539.1861151287,4.68849148158561,4799.82858920173,80.0281711116686,1356470975.0,
OE,OECD members,2019,1364524985.83971,ST.INT.ARVL,OECD members,38.4165132279225,2504574292.338,64.3128,54181531589081.8,1.85801249341864,39718.0136147565,4.63222682349199,4885.36058686858,80.2450777215729,1364155119.0,
OE,OECD members,2020,,ST.INT.ARVL,OECD members,38.5630534797704,872244225.3065,70.1625,52999808975237.4,-3.90217697222562,38704.9773091343,4.60594576955395,5292.30387213498,78.958047957323,1369327995.0,
OM,Oman,2018,3242000.0,ST.INT.ARVL,Oman,14.8558222940226,10438241.0,85.5,91505851755.5267,1.28710391543288,19901.7615642016,1.09,639.78082275,79.864,4597877.0,-0.7521391899600685
OM,Oman,2019,3506000.0,ST.INT.ARVL,Oman,14.8343812600969,11239996.0,90.2594,88060858257.4772,-1.12863801728058,19180.1864152801,1.1,730.08325195,79.946,4591241.0,-0.7521391899600685
OM,Oman,2020,869000.0,ST.INT.ARVL,Oman,14.612268174475,2496069.0,95.2323,75909492847.8544,-3.37972052697999,16784.8630630058,1.16,859.24969482,77.763,4522497.0,-0.7521391899600685
PA,Panama,2018,2487000.0,ST.INT.ARVL,Panama,56.1857643569695,12631703.0,61.8055,67316471200.0,3.91819807389903,16151.3273478476,1.96,1227.30554199,78.266,4167860.0,-0.7405773857257418
PA,Panama,2019,2494000.0,ST.INT.ARVL,Panama,57.0868158533297,12497758.0,63.6284,69778991200.0,3.10306788630359,16477.9066285687,1.94,1339.45153809,78.514,4234700.0,-0.7405773857257418
PA,Panama,2020,647000.0,ST.INT.ARVL,Panama,57.87626044756,3074172.0,70.0097,57059846500.0,-17.8212299695008,13290.5608347594,1.92,1358.4498291,76.33,4293261.0,-0.7405773857257418
PE,Peru,2018,5384000.0,ST.INT.ARVL,Peru,24.9199875,17758527.272,55.0543,222597009739.235,3.969351341365,6978.49121548627,1.59,362.75994873,76.018,31897584.0,-0.787867298578199
PE,Peru,2019,5275000.0,ST.INT.ARVL,Peru,25.35101796875,18820572.0,59.9505,228346006003.648,2.24063176875049,7037.00803692604,1.58,367.98739624,76.275,32449303.0,-0.787867298578199
PE,Peru,2020,1119000.0,ST.INT.ARVL,Peru,25.65513984375,5705074.0,65.2518,201409694755.934,-10.9333065010382,6133.32552410183,1.64,399.59625244,73.832,32838579.0,-0.787867298578199
PF,French Polynesia,2018,264000.0,ST.INT.ARVL,French Polynesia,80.6150965139729,4090437.5,59.5,6135116253.33452,1.87123191091266,21925.616043938,2.543968558429645,325.71012878500005,82.985,279815.0,-0.701999994913737
PF,French Polynesia,2019,300000.0,ST.INT.ARVL,French Polynesia,80.3900893114376,3884311.4244999997,64.3128,6022276196.13871,2.70001206709303,21582.5892046801,2.54568504009664,318.75045776499996,83.195,279034.0,-0.701999994913737
PF,French Polynesia,2020,89400.0015258789,ST.INT.ARVL,French Polynesia,80.4405070584846,1187021.2719999999,70.1625,5574821989.38239,-7.05094422106298,19966.4838503859,2.61,340.75711060000003,82.459,279209.0,-0.701999994913737
PG,Papua New Guinea,2018,195000.0,ST.INT.ARVL,Papua New Guinea,20.744850505675,1831903.0,19.9783,24109780708.0268,-0.279252284959952,2566.36833735041,0.17,59.04003525,65.114,9394513.0,-0.8151658767772512
PG,Papua New Guinea,2019,211000.0,ST.INT.ARVL,Papua New Guinea,21.2185001987369,2029701.0,19.9783,24750626029.8777,4.48051456942582,2575.77274140393,0.17,59.89566803,65.331,9609010.0,-0.8151658767772512
PG,Papua New Guinea,2020,39000.0,ST.INT.ARVL,Papua New Guinea,21.6750121450338,932389.0,24.3969,23848447849.6081,-3.16743204434815,2429.61134585269,0.17,55.92817688,65.075,9815746.0,-0.8151658767772512
PH,Philippines,2018,7168000.0,ST.INT.ARVL,Philippines,367.123744843546,43080118.0,44.1,346841896587.313,6.34148557153473,3168.51036609727,0.95,125.27716827,69.761,109465287.0,-0.8204817818666021
PH,Philippines,2019,8261000.0,ST.INT.ARVL,Philippines,371.615799711574,47776892.0,43.0266,376823402239.136,6.11852566221303,3400.78949767074,0.98,141.6925354,69.68,110804683.0,-0.8204817818666021
PH,Philippines,2020,1483000.0,ST.INT.ARVL,Philippines,375.897186168964,10613531.0,53.7649,361751145451.597,-9.51829474045297,3227.57910235199,0.99,166.61218262,70.097,112081264.0,-0.8204817818666021
PK,Pakistan,2018,,ST.INT.ARVL,Pakistan,294.376416562889,6880637.0,15.34,356128166704.921,6.15170261099519,1569.33814626355,0.51,40.09578323,66.481,226928892.0,
PK,Pakistan,2019,,ST.INT.ARVL,Pakistan,299.399256693649,7420378.249,17.0709,320909472770.669,2.49763692943365,1390.41690981745,0.51,36.01374817,66.729,230800899.0,
PK,Pakistan,2020,,ST.INT.ARVL,Pakistan,304.848674242424,3711456.87,18.9348,300425609817.981,-1.27408744338709,1278.39735206896,0.51,36.9091301,65.701,235001746.0,
PL,Poland,2018,85946000.0,ST.INT.ARVL,Poland,124.031583760656,9277538.0,77.5417,594616632477.019,6.2458584723942,15658.210586693,6.44,978.73565674,77.6024390243903,37974750.0,
PL,Poland,2019,88515000.0,ST.INT.ARVL,Poland,124.025595374212,10225516.0,80.4359,602683770144.88,4.58045817256199,15874.5220531254,6.09,1014.03820801,77.9048780487805,37965475.0,
PL,Poland,2020,,ST.INT.ARVL,Poland,122.548420605625,2686258.0,83.1849,605914186117.953,-2.03556882399977,16150.9291009726,6.11,1025.98486328,76.4,37515748.0,
PR,Puerto Rico (US),2018,4260000.0,ST.INT.ARVL,Puerto Rico (US),370.990980834273,4090437.5,70.8564,100958100000.0,-4.36142703162535,30679.9181934488,2.543968558429645,325.71012878500005,81.086,3290690.0,-0.2127357533968769
PR,Puerto Rico (US),2019,4931000.0,ST.INT.ARVL,Puerto Rico (US),372.34396843292,3884311.4244999997,77.7364,105126400000.0,1.67546379498209,31830.5284993358,2.54568504009664,318.75045776499996,81.438,3302691.0,-0.2127357533968769
PR,Puerto Rico (US),2020,3882000.0,ST.INT.ARVL,Puerto Rico (US),369.965050732807,1187021.2719999999,77.7364,103130900000.0,-4.1808743093346,31427.1130762831,2.61,340.75711060000003,80.009,3281590.0,-0.2127357533968769
PS,West Bank and Gaza,2018,606000.0,ST.INT.ARVL,West Bank and Gaza,758.984551495017,4090437.5,64.4,16276600000.0,1.22707737782703,3562.33094270256,2.543968558429645,324.02166748,75.38,4569087.0,-0.8648255813953488
PS,West Bank and Gaza,2019,688000.0,ST.INT.ARVL,West Bank and Gaza,778.290033222591,3884311.4244999997,70.6226,17133500000.0,1.36268746558062,3656.85827137011,2.54568504009664,317.45007324,75.811,4685306.0,-0.8648255813953488
PS,West Bank and Gaza,2020,93000.0,ST.INT.ARVL,West Bank and Gaza,797.885215946844,1187021.2719999999,76.01,15531700000.0,-11.3184661065134,3233.56863835858,2.61,314.82254028,74.998,4803269.0,-0.8648255813953488
PT,Portugal,2018,16186000.0,ST.INT.ARVL,Portugal,112.261935951514,17367956.0,74.661,242092894542.888,2.946282440074,23541.1401075289,3.44,2216.30664063,81.3243902439024,10283822.0,-0.7565237516634844
PT,Portugal,2019,17283000.0,ST.INT.ARVL,Portugal,112.288582794065,22047878.978,75.3464,240115970063.019,2.74568479564236,23343.3628970034,3.51,2221.73120117,81.6756097560976,10286263.0,-0.7565237516634844
PT,Portugal,2020,4208000.0,ST.INT.ARVL,Portugal,112.406676011074,6219531.061,78.2617,229618773422.577,-8.20463201239903,22299.4044062173,3.53,2346.33081055,81.3292682926829,10297081.0,-0.7565237516634844
PW,Palau,2018,106000.0,ST.INT.ARVL,Palau,38.7260869565217,4090437.5,59.5,288546300.0,0.110008339571394,16197.7265072415,2.543968558429645,1794.765625,68.989,17814.0,-0.8042553232071245
PW,Palau,2019,94000.0,ST.INT.ARVL,Palau,38.6913043478261,3884311.4244999997,64.3128,281941600.0,0.200015068654793,15841.1956399595,2.54568504009664,1924.65795898,68.982,17798.0,-0.8042553232071245
PW,Palau,2020,18399.9996185303,ST.INT.ARVL,Palau,38.6782608695652,1187021.2719999999,70.1625,258990800.0,-5.99943392532354,14556.5872302158,2.61,1934.02905273,68.689,17792.0,-0.8042553232071245
PY,Paraguay,2018,4183000.0,ST.INT.ARVL,Paraguay,16.1776541656179,710407.0,64.9935,40225448340.6322,3.20425034076639,6258.44991640954,0.9,422.13101196,73.627,6427382.0,-0.7534340659340659
PY,Paraguay,2019,4368000.0,ST.INT.ARVL,Paraguay,16.3983337528316,632389.0,68.5176,37925338329.1494,-0.40185510068001,5821.18199548637,0.9,416.84432983,73.668,6515058.0,-0.7534340659340659
PY,Paraguay,2020,1077000.0,ST.INT.ARVL,Paraguay,16.621542914674,131713.0,73.9575,35432178068.1814,-0.819785390971916,5365.47220721191,1.01,411.81765747,72.72,6603739.0,-0.7534340659340659
QA,Qatar,2018,1819000.0,ST.INT.ARVL,Qatar,224.606962576153,29178923.0,99.6528,183334953818.681,1.23487220191065,71039.8490579352,1.03,1966.55712891,82.714,2580734.0,-0.727591855838989
QA,Qatar,2019,2136500.0,ST.INT.ARVL,Qatar,229.648128807659,32953297.0,99.6528,176371267692.308,0.688240954592672,66841.3013484919,1.12,2007.51525879,82.945,2638657.0,-0.727591855838989
QA,Qatar,2020,582000.0,ST.INT.ARVL,Qatar,243.180852915579,10640789.0,99.6528,144411363351.648,-3.5576039896784,51683.5054376677,1.12,1967.15197754,80.409,2794148.0,-0.727591855838989
RO,Romania,2018,11720000.0,ST.INT.ARVL,Romania,84.6399947844228,4908235.0,70.6813,243468683030.34,6.120930007146,12502.2624061935,6.92,687.15411377,75.3585365853659,19473970.0,-0.6080374561061256
RO,Romania,2019,12815000.0,ST.INT.ARVL,Romania,84.1952712100139,5630289.0,73.6575,251677082534.495,3.92326384963494,12992.0326104674,7.0,738.5581665,75.6073170731707,19371648.0,-0.6080374561061256
RO,Romania,2020,5023000.0,ST.INT.ARVL,Romania,83.7328320584145,1786407.0,78.4553,252033792712.145,-3.67438440910189,13082.3006559554,7.06,809.58880615,74.2536585365854,19265250.0,-0.6080374561061256
RS,Serbia,2018,1711000.0,ST.INT.ARVL,Serbia,79.8376857992225,2262703.0,73.3607,52787520248.9242,4.64935035491007,7559.86165747394,5.3,617.08679199,75.890243902439,6982604.0,-0.758527341635084
RS,Serbia,2019,1847000.0,ST.INT.ARVL,Serbia,79.4104161902584,2469081.0,77.4168,53864693664.5568,4.75020793899014,7755.632986437,5.34,641.02966309,75.9365853658537,6945235.0,-0.758527341635084
RS,Serbia,2020,446000.0,ST.INT.ARVL,Serbia,82.0445475086217,795228.0,78.368,55874017668.998,-0.950023991851594,8098.70955668849,5.35,670.19439697,74.4780487804878,6899126.0,-0.758527341635084
RU,Russian Federation,2018,24551000.0,ST.INT.ARVL,Russian Federation,8.87825976514438,99327311.0,80.8647,1657328773461.31,2.80724541059601,11211.8876953125,7.17,606.11401367,72.6621951219512,145398106.0,-0.7395880257176789
RU,Russian Federation,2019,24419000.0,ST.INT.ARVL,Russian Federation,8.88162945666663,108857906.0,82.6422,1693115002708.32,2.19807571335009,11447.701171875,7.07,650.47058105,73.0839024390244,145453291.0,-0.7395880257176789
RU,Russian Federation,2020,6359000.0,ST.INT.ARVL,Russian Federation,8.86891988517952,62447448.0,84.9947,1493075894362.14,-2.65365450102773,10108.3271484375,7.08,814.94451904,71.3387804878049,145245148.0,-0.7395880257176789
RW,Rwanda,2018,1711000.0,ST.INT.ARVL,Rwanda,506.201702472639,1502478.0,19.2,9637904518.99702,8.51646722592409,771.773511057901,0.72,51.35319138,66.354,12487996.0,
RW,Rwanda,2019,1634000.0,ST.INT.ARVL,Rwanda,517.880137819214,1561562.21422701,21.358,10349300276.7623,9.44738518613097,810.051412137354,0.72,50.75216675,66.691,12776103.0,
RW,Rwanda,2020,,ST.INT.ARVL,Rwanda,529.624523713012,661287.648,23.8,10174386854.812,-3.37368746369782,778.701498787411,0.74,58.29339218,66.953,13065837.0,
SA,Saudi Arabia,2018,17570000.0,ST.INT.ARVL,Saudi Arabia,14.0468072140634,39767648.0,93.31,886564800000.0,3.2269508901591,29360.0658968566,2.15,1488.9753418,78.75,30196281.0,
SA,Saudi Arabia,2019,20292000.0,ST.INT.ARVL,Saudi Arabia,13.9851787932213,46181487.0,95.7247,888890133333.333,1.65156358885577,29566.7933827436,2.15,1504.55249023,78.313,30063799.0,
SA,Saudi Arabia,2020,,ST.INT.ARVL,Saudi Arabia,14.6777023663877,20968865.89,97.8623,767951200000.0,-3.80476473038999,24338.8307301067,2.18,1574.70068359,77.596,31552510.0,
SB,Solomon Islands,2018,27899.9996185303,ST.INT.ARVL,Solomon Islands,25.3340836012862,427806.0,20.9,1615478393.28614,2.74599542334096,2278.20633913383,2.543968558429645,88.03850555,69.806,709101.0,-0.8477508597423578
SB,Solomon Islands,2019,28899.9996185303,ST.INT.ARVL,Solomon Islands,26.014540907467,229670.648,26.3406,1619155017.3924,1.74856655451832,2223.66502559565,2.54568504009664,98.67025757,69.981,728147.0,-0.8477508597423578
SB,Solomon Islands,2020,4400.00009536743,ST.INT.ARVL,Solomon Islands,26.5987138263666,138660.862,33.1974,1536145814.17007,-3.3811475409836,2063.33101522108,2.61,100.99560547,69.258,744498.0,-0.8477508597423578
SC,Seychelles,2018,405000.0,ST.INT.ARVL,Seychelles,210.352173913043,455201.0,69.2,1784313926.76807,4.93947272254312,18440.2340460932,3.24,708.699646,72.8414634146341,96762.0,-0.7091121495327103
SC,Seychelles,2019,428000.0,ST.INT.ARVL,Seychelles,212.228260869565,414088.0,76.6,1868690096.73454,5.5142920737342,19141.5118743615,3.25,692.09197998,74.0463414634146,97625.0,-0.7091121495327103
SC,Seychelles,2020,124500.0,ST.INT.ARVL,Seychelles,214.047826086957,149489.0,84.8223,1382551751.56908,-11.7398608281732,14041.4754074575,3.19,693.1987915,77.2365853658537,98462.0,-0.7091121495327103
SD,Sudan,2018,836000.0,ST.INT.ARVL,Sudan,23.6780492505353,561520.0,24.6,32333780383.2924,-2.6809305497999,731.027465820313,0.66,33.73799133,65.501,44230596.0,
SD,Sudan,2019,,ST.INT.ARVL,Sudan,24.3833913276231,530001.0,25.9,32338079165.2893,-2.17825104530091,709.975280761719,0.66,33.70681,65.803,45548175.0,
SD,Sudan,2020,,ST.INT.ARVL,Sudan,25.0477682012848,386838.0,26.4383,27034593750.0,-3.62980082410752,577.795227050781,0.66,22.17246819,65.124,46789231.0,
SE,Sweden,2018,7440000.0,ST.INT.ARVL,Sweden,24.9814588688378,51473905.0,89.247,551312498430.164,1.90296457254834,54181.9069780904,2.14,6005.06591797,82.5585365853659,10175214.0,-0.7430409663865546
SE,Sweden,2019,7616000.0,ST.INT.ARVL,Sweden,25.2378879395011,50957868.602,94.4934,532169294165.94,2.54964787203104,51773.0464558993,2.07,5652.98974609,83.109756097561,10278887.0,-0.7430409663865546
SE,Sweden,2020,1957000.0,ST.INT.ARVL,Sweden,25.4209438224317,14105839.7975,94.5394,545147614972.141,-2.0053375219518,52653.7565934247,2.05,6003.09375,82.3560975609756,10353442.0,-0.7430409663865546
SG,Singapore,2018,18508000.0,ST.INT.ARVL,Singapore,7897.30532212885,40401515.0,88.1656,377123710560.614,3.4519759658687,66881.6067035265,2.5,2688.27270508,83.2975609756098,5638676.0,-0.8565599497802887
SG,Singapore,2019,19116000.0,ST.INT.ARVL,Singapore,7965.87849162011,43050722.0,88.9493,376161998830.048,1.30804118153127,65952.0378959293,2.6,2893.78222656,83.5951219512195,5703569.0,-0.8565599497802887
SG,Singapore,2020,2742000.0,ST.INT.ARVL,Singapore,7918.95125348189,7884373.0,92.0043,349165858544.568,-3.81470885510713,61410.0792630788,2.63,3492.35986328,83.5439024390244,5685807.0,-0.8565599497802887
SI,Slovenia,2018,4425000.0,ST.INT.ARVL,Slovenia,102.992292564709,1094762.0,79.75,53689067639.9176,4.37908347331195,25888.0481065655,4.36,2169.57885742,81.3780487804878,2073894.0,-0.7413866439812845
SI,Slovenia,2019,4702000.0,ST.INT.ARVL,Slovenia,103.711934605987,869640.1,83.1084,53909922735.545,3.50525332381912,25814.1687167572,4.38,2219.09790039,81.5292682926829,2088385.0,-0.7413866439812845
SI,Slovenia,2020,1216000.0,ST.INT.ARVL,Slovenia,104.408881428657,78565.0,86.6013,53384760135.1581,-4.08500094942896,25392.0651093612,4.25,2417.20874023,80.5317073170732,2102419.0,-0.7413866439812845
SK,Slovak Republic,2018,15299000.0,ST.INT.ARVL,Slovak Republic,113.285586522463,2669.0,80.4489,106611673364.837,4.06211981896483,19573.3717031314,5.7,1299.91125488,77.2658536585366,5446771.0,
SK,Slovak Republic,2019,,ST.INT.ARVL,Slovak Republic,113.43899750416,2669.0,82.8537,105843498304.094,2.27589910019393,19406.0589683582,5.76,1342.07580566,77.6658536585366,5454147.0,
SK,Slovak Republic,2020,,ST.INT.ARVL,Slovak Republic,113.536335274542,2669.0,89.9209,107732602896.441,-2.58551241733207,19735.4858280801,5.68,1393.62438965,76.8658536585366,5458827.0,
SL,Sierra Leone,2018,66000.0,ST.INT.ARVL,Sierra Leone,104.662829038515,4090437.5,14.4223,6390514688.52816,2.8938564123677,845.914540460932,2.543968558429645,44.82733536,59.059,7554563.0,
SL,Sierra Leone,2019,71000.0,ST.INT.ARVL,Sierra Leone,107.120961485176,3884311.4244999997,15.7137,6526183564.19893,5.50270937378153,844.049555179116,2.54568504009664,48.13619995,59.593,7731991.0,
SL,Sierra Leone,2020,,ST.INT.ARVL,Sierra Leone,109.622582432807,1187021.2719999999,17.1208,6693888876.28565,-1.2533490322766,845.982914284565,2.61,47.8861618,59.694,7912558.0,
SM,San Marino,2018,1874000.0,ST.INT.ARVL,San Marino,575.366666666667,4090437.5,67.8507,1655353653.05934,1.4939053181737,47950.6880557136,2.543968558429645,3969.36474609,85.095,34522.0,
SM,San Marino,2019,1904000.0,ST.INT.ARVL,San Marino,577.716666666667,3884311.4244999997,67.8507,1616232125.12587,2.06568514732741,46627.0122356944,2.54568504009664,3801.21044922,85.257,34663.0,
SM,San Marino,2020,,ST.INT.ARVL,San Marino,579.5,1187021.2719999999,77.95,1544714493.24409,-6.64791081780602,44426.6463400658,2.61,3758.609375,82.65,34770.0,
SN,Senegal,2018,,ST.INT.ARVL,Senegal,82.6598348309354,278438.288559913,35.3,23116701556.1381,6.20924103389086,1452.55612562445,0.73,64.37467957,67.379,15914498.0,
SN,Senegal,2019,,ST.INT.ARVL,Senegal,84.9370072196541,457722.0,43.4,23403995992.1354,4.61362809749708,1431.18128932159,0.73,64.33670807,67.668,16352922.0,
SN,Senegal,2020,,ST.INT.ARVL,Senegal,87.2031319794318,271331.0,53.3088,24530513037.7518,1.3420737726679,1461.08720350553,0.73,75.16521454,67.496,16789219.0,
SO,"Somalia, Fed. Rep.",2018,,ST.INT.ARVL,"Somalia, Fed. Rep.",24.6317578984283,33728.9686579889,15.0237,7873440830.00128,2.05431507259436,509.525801898508,0.87,12.70534706,54.767,15452487.0,
SO,"Somalia, Fed. Rep.",2019,,ST.INT.ARVL,"Somalia, Fed. Rep.",25.5538798737527,34065.5568461863,15.0237,8655023960.00102,2.8243133654528,539.893931565407,0.87,12.87221336,57.249,16030971.0,
SO,"Somalia, Fed. Rep.",2020,,ST.INT.ARVL,"Somalia, Fed. Rep.",26.5425303663085,34065.5568461863,15.0237,8628393720.00185,-2.75248103928239,518.184778494334,0.87,12.42313194,57.095,16651191.0,
SR,Suriname,2018,,ST.INT.ARVL,Suriname,3.73510639152873,272347.0,55.1,3996198866.57453,4.94827108468886,6665.74180472239,2.88,445.90789795,71.468,599513.0,
SR,Suriname,2019,,ST.INT.ARVL,Suriname,3.77407650640365,236601.0,62.0,4016040575.08796,1.16758977233877,6629.66775248603,2.72,599.07025146,71.773,605768.0,
SR,Suriname,2020,,ST.INT.ARVL,Suriname,3.81487831013121,221654.0,69.8369,2911807496.20227,-15.9751917148622,4755.39221710693,2.89,453.44619751,72.321,612317.0,
SS,South Sudan,2018,,ST.INT.ARVL,South Sudan,16.0191429430475,4090437.5,4.8,40765428571.4286,2.9652578398159797,6713.98925398989,2.543968558429645,31.05302238,51.905,10122977.0,
SS,South Sudan,2019,,ST.INT.ARVL,South Sudan,16.4945231275616,3884311.4244999997,6.7,41905642418.825,2.828245466719815,6648.0348960628,2.54568504009664,35.07043839,58.129,10423384.0,
SS,South Sudan,2020,,ST.INT.ARVL,South Sudan,16.9298292532401,1187021.2719999999,9.27123,37600368239.8824,-3.512474720935515,6133.32552410183,2.61,47.23431778,57.648,10698467.0,
ST,Sao Tome and Principe,2018,33400.0015258789,ST.INT.ARVL,Sao Tome and Principe,218.944791666667,36660.0,38.0,383717327.830508,4.37812808264972,1825.59971753966,2.89,108.87628937,67.602,210187.0,
ST,Sao Tome and Principe,2019,,ST.INT.ARVL,Sao Tome and Principe,222.283333333333,41933.0,44.3,412976082.620705,2.01431672129407,1935.2931816596,2.89,106.86884308,68.043,213392.0,
ST,Sao Tome and Principe,2020,,ST.INT.ARVL,Sao Tome and Principe,226.494791666667,20703.0,51.5547,471229484.607144,2.62485949543812,2167.22001796925,2.89,159.84396362,67.979,217435.0,
SV,El Salvador,2018,2536000.0,ST.INT.ARVL,El Salvador,300.183735521236,2545105.0,43.8,26020850000.0,2.4124442237792,4183.54620971358,1.07,348.18817139,71.384,6219807.0,-0.7320954907161804
SV,El Salvador,2019,2639000.0,ST.INT.ARVL,El Salvador,300.304922779923,2609917.0,50.4912,26881140000.0,2.43747159065784,4320.11671534627,1.06,380.53384399,71.725,6222318.0,-0.7320954907161804
SV,El Salvador,2020,707000.0,ST.INT.ARVL,El Salvador,300.901206563707,805271.999,54.6014,24921190000.0,-7.893101359867,3997.19279583709,1.08,357.78799438,70.244,6234673.0,-0.7320954907161804
SX,Sint Maarten (Dutch part),2018,1775000.0,ST.INT.ARVL,Sint Maarten (Dutch part),1168.0,4090437.5,59.5,1259200446.92737,-6.85698299227944,31708.3110124742,2.543968558429645,325.71012878500005,75.693,39712.0,
SX,Sint Maarten (Dutch part),2019,1952000.0,ST.INT.ARVL,Sint Maarten (Dutch part),1187.79411764706,3884311.4244999997,64.3128,1407880446.92737,10.9650009352392,34861.469528968,2.54568504009664,318.75045776499996,75.68,40385.0,
SX,Sint Maarten (Dutch part),2020,,ST.INT.ARVL,Sint Maarten (Dutch part),1206.11764705882,1187021.2719999999,70.1625,1236428100.55866,-13.3167887221567,30150.8998380477,2.61,340.75711060000003,75.002,41008.0,
SY,Syrian Arab Republic,2018,1802000.0,ST.INT.ARVL,Syrian Arab Republic,106.615721831945,17896.9211653632,33.77,21497782867.6426,1.39317607830837,1098.0668642357,1.26,43.59334946,67.371,19577845.0,
SY,Syrian Arab Republic,2019,2424000.0,ST.INT.ARVL,Syrian Arab Republic,110.839917224854,18456.6450466215,34.65,22583045060.0821,1.22070522070523,1109.53926036049,1.26,50.25953293,70.97,20353534.0,
SY,Syrian Arab Republic,2020,,ST.INT.ARVL,Syrian Arab Republic,114.629575777378,299469.0,34.65,12047752036.091,-0.697154504235129,572.355289831901,1.39,30.63546944,71.944,21049429.0,
SZ,Eswatini,2018,1277000.0,ST.INT.ARVL,Eswatini,67.960988372093,51633.0,39.4,4644696656.36967,0.256586001893197,3973.46344933667,2.543968558429645,292.33929443,58.707,1168929.0,-0.7183523753727822
SZ,Eswatini,2019,1226000.0,ST.INT.ARVL,Eswatini,68.5973255813954,52744.0,43.9,4616996144.90635,6.0831764512818,3913.12643969301,2.54568504009664,320.05084229,59.85,1179874.0,-0.7183523753727822
SZ,Eswatini,2020,345299.987792969,ST.INT.ARVL,Eswatini,69.3447093023256,10647.0,49.013,4120621324.89015,-2.86288213677992,3454.784217446,2.61,236.25013733,59.862,1192729.0,-0.7183523753727822
TC,Turks and Caicos Islands,2018,1463000.0,ST.INT.ARVL,Turks and Caicos Islands,43.7463157894737,4090437.5,59.5,1314329000.0,91.1370388737081,31625.616593277,2.543968558429645,325.71012878500005,77.596,41559.0,-0.7683552258308418
TC,Turks and Caicos Islands,2019,1599000.0,ST.INT.ARVL,Turks and Caicos Islands,45.4378947368421,3884311.4244999997,64.3128,1371838000.0,4.98170549382992,31780.5217068989,2.54568504009664,318.75045776499996,77.691,43166.0,-0.7683552258308418
TC,Turks and Caicos Islands,2020,370399.993896484,ST.INT.ARVL,Turks and Caicos Islands,46.7221052631579,1187021.2719999999,70.1625,918387000.0,-33.8170973434652,20690.9160546118,2.61,340.75711060000003,77.499,44386.0,-0.7683552258308418
TD,Chad,2018,63000.0,ST.INT.ARVL,Chad,12.830790184244,4090437.5,7.0,15327000248.8701,5.74111580758154,948.656629871231,2.543968558429645,31.2043705,52.447,16156531.0,-0.8716049429811074
TD,Chad,2019,81000.0,ST.INT.ARVL,Chad,13.2506535895807,3884311.4244999997,7.6,14905517742.8454,5.38865646919793,893.336441643325,2.54568504009664,30.23999405,52.993,16685223.0,-0.8716049429811074
TD,Chad,2020,10399.9996185303,ST.INT.ARVL,Chad,13.6790652795426,1187021.2719999999,8.34311,14932897821.2387,-0.408894363255357,866.947814890409,2.61,37.73088074,53.082,17224679.0,-0.8716049429811074
TG,Togo,2018,573000.0,ST.INT.ARVL,Togo,151.843684500827,566295.0,15.5,7029300383.08031,4.7950602703237,851.130806891807,0.65,52.43610382,60.601,8258778.0,-0.4497716894977169
TG,Togo,2019,876000.0,ST.INT.ARVL,Togo,155.599705828277,633629.0,20.7273,6992700101.37188,4.92292591685973,826.260654099894,0.58,48.85387421,61.055,8463068.0,-0.4497716894977169
TG,Togo,2020,482000.0,ST.INT.ARVL,Togo,159.399154256297,320806.0,29.0237,7400284167.78479,1.99215501870344,853.578220263722,0.58,52.75213242,61.123,8669720.0,-0.4497716894977169
TH,Thailand,2018,38178000.0,ST.INT.ARVL,Thailand,139.709289670966,76053042.754,56.8175,506754208404.485,4.22287028746071,7099.77650081458,2.1,274.71221924,77.19,71376079.0,
TH,Thailand,2019,39916000.0,ST.INT.ARVL,Thailand,139.995441288731,76344410.0,66.6524,543976691793.886,2.11455779628278,7605.69657797759,2.22,288.31097412,77.197,71522271.0,
TH,Thailand,2020,,ST.INT.ARVL,Thailand,140.228785061364,28179302.666,77.8437,500461898480.246,-6.05003846851622,6985.64393892574,2.33,304.3817749,77.331,71641484.0,
TJ,Tajikistan,2018,1035000.0,ST.INT.ARVL,Tajikistan,67.060544707832,492320.0,27.5441,7764999999.45362,7.5999988895536,834.288404578801,4.43,58.51539993,70.737,9307333.0,
TJ,Tajikistan,2019,,ST.INT.ARVL,Tajikistan,68.6646444268319,539094.616,27.5441,8300813599.3084,7.40000016310556,871.022372934846,4.35,60.51568222,70.962,9529966.0,
TJ,Tajikistan,2020,,ST.INT.ARVL,Tajikistan,70.2450464730888,260316.0,27.5441,8133963550.65742,4.40000111553493,834.311715460625,4.36,74.17329407,68.605,9749310.0,
TL,Timor-Leste,2018,74599.9984741211,ST.INT.ARVL,Timor-Leste,85.8075991930061,4090437.5,27.6,1555988614.43594,0.0001147549148612,1219.46599728983,2.543968558429645,78.07413483,66.204,1275959.0,
TL,Timor-Leste,2019,74800.0030517578,ST.INT.ARVL,Timor-Leste,87.4878950907868,3884311.4244999997,28.0046,2032550389.41316,23.4120135843883,1562.36458068032,2.54568504009664,78.01346588,66.496,1300945.0,
TL,Timor-Leste,2020,,ST.INT.ARVL,Timor-Leste,89.1763954270343,1187021.2719999999,32.0127,2162619240.86927,31.961918565387,1630.86938521256,2.61,118.49451447,66.919,1326053.0,
TM,Turkmenistan,2018,,ST.INT.ARVL,Turkmenistan,14.1627987147022,2457474.0,59.5,40765428571.4286,6.19999994137119,6125.05169712085,4.19,411.32562256,69.272,6655524.0,
TM,Turkmenistan,2019,,ST.INT.ARVL,Turkmenistan,14.4786329878918,2081424.32,64.3128,45232857142.8571,6.30000004226711,6648.0348960628,4.13,432.78118896,69.405,6803944.0,
TM,Turkmenistan,2020,,ST.INT.ARVL,Turkmenistan,14.7892494626859,1084543.419,70.1625,45818000000.0,5.900000048526,6592.60146027748,4.09,420.0083313,68.846,6949912.0,
TN,Tunisia,2018,8299000.0,ST.INT.ARVL,Tunisia,75.7306513903193,4274199.0,64.1908,42686504459.801,2.62493010870395,3628.10366464236,1.79,215.418396,75.37,11765514.0,-0.786615759889702
TN,Tunisia,2019,9429000.0,ST.INT.ARVL,Tunisia,76.4358972708548,4335325.0,66.7,41905642418.825,1.58784665466504,3528.87213306798,1.79,212.60031128,75.599,11875081.0,-0.786615759889702
TN,Tunisia,2020,2012000.0,ST.INT.ARVL,Tunisia,77.0729724510814,1381745.0,68.5564,42491780918.361,-9.01193412390238,3548.65363663803,2.38,250.46203613,75.004,11974057.0,-0.786615759889702
TO,Tonga,2018,77300.0030517578,ST.INT.ARVL,Tonga,146.620833333333,4090437.5,59.5,489714529.780507,0.687546506680718,4638.8978542585,2.543968558429645,272.08758545,72.169,105567.0,
TO,Tonga,2019,94000.0,ST.INT.ARVL,Tonga,146.7625,3884311.4244999997,64.3128,494197853.971842,-0.208433391421963,4676.84802517145,2.54568504009664,260.73986816,72.292,105669.0,
TO,Tonga,2020,,ST.INT.ARVL,Tonga,146.811111111111,1187021.2719999999,70.1625,496856303.949489,1.78339589901164,4700.44940541029,2.61,256.30737305,72.379,105704.0,
TR,Turkiye,2018,46113000.0,ST.INT.ARVL,Turkiye,105.774468250978,115595495.817,71.0428,778972108040.602,3.0131703931215,9568.83506330228,2.8,380.27835083,77.454,81407204.0,-0.6913637505555877
TR,Turkiye,2019,51747000.0,ST.INT.ARVL,Turkiye,107.297584553617,111131475.0,73.9767,761005915750.925,0.818514526726673,9215.44049888114,2.84,388.67486572,77.737,82579440.0,-0.6913637505555877
TR,Turkiye,2020,15971000.0,ST.INT.ARVL,Turkiye,108.343853540013,44722690.061,77.6696,720338490327.248,1.85987303976462,8638.73903848102,2.99,386.2593689,76.525,83384680.0,-0.6913637505555877
TT,Trinidad and Tobago,2018,501000.0,ST.INT.ARVL,Trinidad and Tobago,264.949902534113,2458183.0,72.8,23888910151.9167,-0.985525082864029,17575.8042838042,2.38,1080.45397949,72.658,1359193.0,-0.70625
TT,Trinidad and Tobago,2019,480000.0,ST.INT.ARVL,Trinidad and Tobago,265.884015594542,2583595.0,75.0,23588037786.7403,0.471813384187158,17293.4730123427,1.9,1097.20556641,72.836,1363985.0,-0.70625
TT,Trinidad and Tobago,2020,141000.0,ST.INT.ARVL,Trinidad and Tobago,266.418128654971,677670.0,77.2813,20991339706.5613,-8.90279446006656,15358.8612973066,1.92,1051.83642578,72.645,1366725.0,-0.70625
TV,Tuvalu,2018,3200.00004768372,ST.INT.ARVL,Tuvalu,358.366666666667,4090437.5,42.2865,48015259.8751356,1.38728384151602,4466.12034928245,2.543968558429645,816.8225708,65.871,10751.0,
TV,Tuvalu,2019,3599.99990463257,ST.INT.ARVL,Tuvalu,352.7,3884311.4244999997,50.7996,54123198.5662913,13.8220984406966,5115.13075950206,2.54568504009664,1128.93554688,66.109,10581.0,
TV,Tuvalu,2020,,ST.INT.ARVL,Tuvalu,346.633333333333,1187021.2719999999,61.0265,51746594.3148543,-4.27493206901397,4976.11254109571,2.61,923.06542969,66.357,10399.0,
TZ,Tanzania,2018,1506000.0,ST.INT.ARVL,Tanzania,64.842114472793,1698386.0,15.4907,57003712892.0858,5.46808181528009,1023.10626220703,0.43,41.28152084,65.488,57437145.0,
TZ,Tanzania,2019,1527000.0,ST.INT.ARVL,Tanzania,66.8038959132987,1498093.0,16.5909,61026731925.9213,5.79999999996723,1063.32250976563,0.61,39.98176956,66.007,59174891.0,
TZ,Tanzania,2020,,ST.INT.ARVL,Tanzania,68.8335944908557,823670.0,17.7693,66068737786.0639,1.99196460647855,1117.41528320313,0.63,31.72098923,66.771,60972798.0,
UA,Ukraine,2018,14342000.0,ST.INT.ARVL,Ukraine,78.0271090783569,7854842.0,62.5532,130891088293.55,3.48836234022659,3059.0517578125,6.79,217.73760986,73.569,45208907.0,-0.7533187454412837
UA,Ukraine,2019,13710000.0,ST.INT.ARVL,Ukraine,77.5931273731446,7604522.332,70.1248,153883047509.577,3.19950386354134,3619.86157226563,6.67,242.81388855,73.92,44957458.0,-0.7533187454412837
UA,Ukraine,2020,3382000.0,ST.INT.ARVL,Ukraine,77.1142802899551,1801014.0,75.0379,156617722013.342,-3.75281793983162,3709.76928710938,6.26,265.07846069,73.283,44680014.0,-0.7533187454412837
UG,Uganda,2018,1506000.0,ST.INT.ARVL,Uganda,207.290200478755,21212.0,7.4,32927025619.6795,6.30392378262997,792.16570022814,2.543968558429645,32.9515686,65.775,41565831.0,-0.6934543097861309
UG,Uganda,2019,1543000.0,ST.INT.ARVL,Uganda,214.440639337722,19822.5,7.4,35353061007.9635,6.43874503276439,822.171150141651,2.54568504009664,33.36559677,66.354,42999637.0,-0.6934543097861309
UG,Uganda,2020,473000.0,ST.INT.ARVL,Uganda,221.709315778975,4946.0,7.4,37600368239.8824,2.95130642218098,845.76646385001,2.61,44.73381805,66.41,44457152.0,-0.6934543097861309
US,United States,2018,169324921.875,ST.INT.ARVL,United States,35.9149986553586,889024000.0,88.4989,20656516000000.0,2.96650506916596,62875.6661382728,2.78,10182.25585938,78.6390243902439,328529577.0,-0.7278369330062002
US,United States,2019,165478000.0,ST.INT.ARVL,United States,36.1004771837305,926737000.0,89.4303,21539982000000.0,2.58382533018889,65227.9565911038,2.75,10546.01367188,78.7878048780488,330226227.0,-0.7278369330062002
US,United States,2020,45037000.0,ST.INT.ARVL,United States,36.248222996211,369501000.0,90.3447,21354105000000.0,-2.16302913866512,64401.5074354212,2.74,11672.77050781,76.9804878048781,331577720.0,-0.7278369330062002
UY,Uruguay,2018,3954000.0,ST.INT.ARVL,Uruguay,19.3951205576506,4090437.5,80.7268,65344577415.7535,0.164777608940113,19249.9404677501,2.49,1713.26611328,77.527,3394534.0,
UY,Uruguay,2019,3480000.0,ST.INT.ARVL,Uruguay,19.4103873842989,3884311.4244999997,83.3515,62222313618.8454,0.928351141267498,18315.7316980028,2.47,1692.50195313,77.503,3397206.0,
UY,Uruguay,2020,,ST.INT.ARVL,Uruguay,19.4204548051651,1187021.2719999999,85.471,53559359261.826,-7.35732706484723,15757.5355995779,2.49,1432.00463867,78.381,3398968.0,
UZ,Uzbekistan,2018,5346000.0,ST.INT.ARVL,Uzbekistan,73.4780871882284,3056558.0,55.2,58695899092.1083,5.55919572919288,1813.08530813664,4.73,82.53038788,71.999,32373490.0,
UZ,Uzbekistan,2019,6749000.0,ST.INT.ARVL,Uzbekistan,74.8253929702307,3685192.0,70.4,67293639798.3996,6.77992399655236,2041.38480729431,4.65,98.6240387,72.093,32964701.0,
UZ,Uzbekistan,2020,,ST.INT.ARVL,Uzbekistan,76.2200658118688,933769.0,71.1,66443265418.3086,1.56334277260515,1978.28051860763,4.78,120.29019165,71.461,33586372.0,
VC,St. Vincent and the Grenadines,2018,356000.0,ST.INT.ARVL,St. Vincent and the Grenadines,269.041025641026,4090437.5,56.0,884329629.62963,3.1756114423991,8428.12677153069,3.96,358.53372192,71.017,104926.0,
VC,St. Vincent and the Grenadines,2019,392000.0,ST.INT.ARVL,St. Vincent and the Grenadines,267.094871794872,3884311.4244999997,59.5763,910481481.481481,0.668428481084234,8740.59425232061,3.96,372.05615234,70.994,104167.0,
VC,St. Vincent and the Grenadines,2020,,ST.INT.ARVL,St. Vincent and the Grenadines,265.451282051282,1187021.2719999999,63.381,864566666.666667,-4.26892434422649,8351.20324040982,3.98,406.3571167,69.605,103526.0,
VE,"Venezuela, RB",2018,,ST.INT.ARVL,"Venezuela, RB",33.7935400487501,2217407.0,59.5,40765428571.4286,2.9652578398159797,6713.98925398989,1.09,164.68154907,72.641,29807592.0,
VE,"Venezuela, RB",2019,,ST.INT.ARVL,"Venezuela, RB",32.8077750694405,1516839.0,64.3128,41905642418.825,2.828245466719815,6648.0348960628,0.93,112.7611084,72.766,28938098.0,
VE,"Venezuela, RB",2020,,ST.INT.ARVL,"Venezuela, RB",32.2476923076923,283524.0,70.1625,37600368239.8824,-3.512474720935515,6133.32552410183,0.99,153.24269104,72.369,28444077.0,
VG,British Virgin Islands,2018,192000.0,ST.INT.ARVL,British Virgin Islands,231.046666666667,4090437.5,59.5,40765428571.4286,2.9652578398159797,6713.98925398989,2.543968558429645,325.71012878500005,76.728,34657.0,-0.7255290949892939
VG,British Virgin Islands,2019,302399.993896484,ST.INT.ARVL,British Virgin Islands,242.633333333333,3884311.4244999997,64.3128,41905642418.825,2.828245466719815,6648.0348960628,2.54568504009664,318.75045776499996,76.845,36395.0,-0.7255290949892939
VG,British Virgin Islands,2020,83000.0,ST.INT.ARVL,British Virgin Islands,247.566666666667,1187021.2719999999,70.1625,37600368239.8824,-3.512474720935515,6133.32552410183,2.61,340.75711060000003,76.894,37135.0,-0.7255290949892939
VI,Virgin Islands (U.S.),2018,1922000.0,ST.INT.ARVL,Virgin Islands (U.S.),305.717142857143,4090437.5,59.5,3923000000.0,1.87830687830687,36663.2087550584,2.543968558429645,325.71012878500005,79.5195121951219,107001.0,3.1523625843780136
VI,Virgin Islands (U.S.),2019,2074000.0,ST.INT.ARVL,Virgin Islands (U.S.),304.768571428571,3884311.4244999997,64.3128,4121000000.0,2.90833549727343,38633.5298915336,2.54568504009664,318.75045776499996,79.6682926829268,106669.0,3.1523625843780136
VI,Virgin Islands (U.S.),2020,8612000.0,ST.INT.ARVL,Virgin Islands (U.S.),303.685714285714,1187021.2719999999,70.1625,4229000000.0,-1.61493817814787,39787.3741650202,2.61,340.75711060000003,79.819512195122,106290.0,3.1523625843780136
VN,Viet Nam,2018,15498000.0,ST.INT.ARVL,Viet Nam,307.046632570694,47049671.0,69.8479,310106478394.659,7.46500685572751,3222.31003125366,2.543968558429645,161.97871399,74.1,96237319.0,-0.7869398634016325
VN,Viet Nam,2019,18009000.0,ST.INT.ARVL,Viet Nam,310.034412897339,53227026.0,68.6616,334365270496.667,7.35926270105006,3440.90025375434,2.54568504009664,171.15296936,74.211,97173776.0,-0.7869398634016325
VN,Viet Nam,2020,3837000.0,ST.INT.ARVL,Viet Nam,312.923153250018,31771202.0,70.3,346615738537.796,2.86541320912272,3534.03953482647,2.61,153.10160828,75.383,98079191.0,-0.7869398634016325
VU,Vanuatu,2018,350200.012207031,ST.INT.ARVL,Vanuatu,23.4010664479081,374603.0,33.989,914727908.137793,2.90023027256446,3206.65748718811,2.543968558429645,110.32492065,70.626,285259.0,-0.6781249940395355
VU,Vanuatu,2019,256000.0,ST.INT.ARVL,Vanuatu,23.9528301886792,466865.053133403,37.5081,936526267.622513,3.24118765540442,3207.44650452083,2.54568504009664,112.13746643,70.783,291985.0,-0.6781249940395355
VU,Vanuatu,2020,82400.0015258789,ST.INT.ARVL,Vanuatu,24.5166529942576,136360.0,41.3916,909421043.508407,-4.99249142889525,3042.98711598286,2.61,125.41011047,70.385,298858.0,-0.6781249940395355
WS,Samoa,2018,172000.0,ST.INT.ARVL,Samoa,74.6697841726619,77811.0,43.1336,878448433.404342,-0.609647103380141,4231.81409469194,2.543968558429645,200.42073059,71.052,207582.0,-0.8679558032125397
WS,Samoa,2019,181000.0,ST.INT.ARVL,Samoa,75.4604316546763,74867.0,47.2211,912950466.064906,4.45185891688691,4351.94234943706,2.54568504009664,242.9050293,70.269,209780.0,-0.8679558032125397
WS,Samoa,2020,23899.9996185303,ST.INT.ARVL,Samoa,76.2388489208633,11957.0,51.6959,868898358.266437,-3.10844401053139,4099.6600907147,2.61,256.74545288,70.727,211944.0,-0.8679558032125397
XC,Euro area,2018,638607601.5625,ST.INT.ARVL,Euro area,126.404243914838,584797943.268714,59.5,13868034531052.8,1.77051257178987,40096.712205156,5.22555398920092,4043.7270058732,82.0027602577719,345864630.0,
XC,Euro area,2019,655573447.522239,ST.INT.ARVL,Euro area,126.636297354644,639868656.158,64.3128,13587001830079.4,1.6275605718828,39212.5111497975,5.17957003976498,3990.21968966247,82.2804211551829,346496601.0,
XC,Euro area,2020,,ST.INT.ARVL,Euro area,126.815416504565,190032931.787,70.1625,13266853301191.7,-6.04639111246462,38234.5335889285,5.15414654698754,4261.74086179939,81.4873571657503,346986142.0,
XD,High income,2018,1491870217.10045,ST.INT.ARVL,High income,26.6462181721644,2607490599.83649,86.4,56899748048245.3,2.36853626282927,41079.7872699609,5.44347073519998,4904.29536462099,79.9668020572923,1385103279.0,
XD,High income,2019,1522430052.79407,ST.INT.ARVL,High income,26.7361972211884,2717436455.22308,87.5,57469453150147.4,1.91366941349528,41351.4989053257,5.38160157595144,5006.72969297718,80.1994382042117,1389779202.0,
XD,High income,2020,,ST.INT.ARVL,High income,26.8080119115152,930341104.7185,88.5,56044969561614.3,-3.87451598682031,40219.1360185556,5.37206473022,5450.799862454,79.2043516940348,1393490142.0,
XE,Heavily indebted poor countries (HIPC),2018,29458450.954646,ST.INT.ARVL,Heavily indebted poor countries (HIPC),41.3523557492643,26411525.9143882,59.5,783851617853.699,4.23444995905693,977.345900504428,2.543968558429645,43.4207146556528,62.798544258222,802020674.0,
XE,Heavily indebted poor countries (HIPC),2019,29134874.0028677,ST.INT.ARVL,Heavily indebted poor countries (HIPC),42.5190680719139,27353506.8673374,64.3128,811925263665.522,4.46794597491902,984.570661558163,2.54568504009664,44.8331888954429,63.0898004183278,824649053.0,
XE,Heavily indebted poor countries (HIPC),2020,,ST.INT.ARVL,Heavily indebted poor countries (HIPC),43.7099075657914,12330289.393,70.1625,820678273818.935,0.239495193485297,968.074022023344,2.61,47.7029776782202,63.0726319690016,847743308.0,
XF,IBRD only,2018,823988846.49919,ST.INT.ARVL,IBRD only,67.9242193333424,1761801271.05385,48.7,30908093008396.4,4.95969989325471,6429.48761275569,2.92397812619665,337.315183179597,73.7952368045971,4807240463.0,
XF,IBRD only,2019,852166955.667661,ST.INT.ARVL,IBRD only,68.4630156602877,1827957939.65008,54.5,31581844372017.2,4.03893098145156,6517.95432240943,2.94253865268594,348.097574966488,74.0315931724484,4845361414.0,
XF,IBRD only,2020,,ST.INT.ARVL,IBRD only,68.9357687165893,888849229.383,62.8,30426310945474.6,-1.24910026802465,6236.68120499036,3.0334644256063,356.960283737888,73.29542288776,4878606096.0,
XG,IDA total,2018,93089667.6452262,ST.INT.ARVL,IDA total,67.6601823751493,78259930.3957999,22.0,2412444537801.42,4.35594845649983,1409.89867481954,2.543968558429645,51.2879893871391,63.7309311828708,1711076534.0,
XG,IDA total,2019,100914423.764227,ST.INT.ARVL,IDA total,69.1654337294484,76716656.1501955,24.6,2508626747858.23,4.00013339585766,1434.20463760134,2.54568504009664,51.7664298544754,64.0885399952044,1749141428.0,
XG,IDA total,2020,,ST.INT.ARVL,IDA total,70.708813372764,32976606.523,27.6,2457830370728.94,-0.858539024490881,1374.49201596905,2.61,53.6585716317993,63.8022749850664,1788173625.0,
XH,IDA blend,2018,,ST.INT.ARVL,IDA blend,122.770294331703,31196191.2806177,24.1,1125300769098.02,3.86521910515599,1869.41970744766,2.543968558429645,59.3804561985995,61.0740542759518,601951913.0,
XH,IDA blend,2019,,ST.INT.ARVL,IDA blend,125.231895343451,31409370.3509508,27.0,1153206654635.47,3.02093352732756,1878.13375771486,2.54568504009664,59.8418141959184,61.3259973798573,614017319.0,
XH,IDA blend,2020,,ST.INT.ARVL,IDA blend,127.763150420736,13485781.729,29.3,1087140198997.65,-1.41832538944141,1735.42504387769,2.61,62.2628083960124,60.8180066140619,626440308.0,
XI,IDA only,2018,58328493.7275152,ST.INT.ARVL,IDA only,54.4056735061853,47063739.1151822,20.9,1287143768703.4,4.8451933891496,1160.50418891873,2.543968558429645,46.8888611038822,65.172890099339,1109124621.0,
XI,IDA only,2019,63144062.5081978,ST.INT.ARVL,IDA only,55.681005468268,45307285.7992447,23.4,1355420093222.75,4.96724649240927,1194.07215693518,2.54568504009664,47.3913555035896,65.5828691146811,1135124109.0,
XI,IDA only,2020,,ST.INT.ARVL,IDA only,56.9864757487285,19490824.794,26.7,1370690171731.28,-0.315913885705172,1179.86645615956,2.61,49.0117571268561,65.411479068422,1161733317.0,
XJ,Latin America & Caribbean (excluding high income),2018,164604173.905129,ST.INT.ARVL,Latin America & Caribbean (excluding high income),31.7276580583473,251841775.767079,64.6,4807492365803.41,1.55254637051358,8468.20128438484,1.91115456688081,666.454082862311,74.8906731016397,567711159.0,
XJ,Latin America & Caribbean (excluding high income),2019,165233236.99443,ST.INT.ARVL,Latin America & Caribbean (excluding high income),32.0408546856498,262820682.556,68.1,4739266496719.49,0.600027443888251,8266.47471229954,1.89512729083167,650.960708597368,75.0513524613511,573311679.0,
XJ,Latin America & Caribbean (excluding high income),2020,,ST.INT.ARVL,Latin America & Caribbean (excluding high income),32.3079863627087,107281953.06,73.4,3984427319010.97,-6.5236090907036,6892.38171560913,1.9354499848881,571.985613940258,72.8759217271338,578091505.0,
XK,Kosovo,2018,,ST.INT.ARVL,Kosovo,83.95258854814625,4090437.5,89.443,7878759714.82322,3.40663227056285,4384.18624084947,2.543968558429645,325.71012878500005,77.117,1797086.0,
XK,Kosovo,2019,,ST.INT.ARVL,Kosovo,84.56613921483401,3884311.4244999997,89.443,7899737577.47286,4.75680057007834,4415.99716107514,2.54568504009664,318.75045776499996,77.249,1788891.0,
XK,Kosovo,2020,,ST.INT.ARVL,Kosovo,86.04976333316941,1187021.2719999999,89.443,7717145217.81247,-5.34027547826166,4310.89065548799,2.61,340.75711060000003,74.212,1790151.0,
XL,Least developed countries: UN classification,2018,38555567.9067446,ST.INT.ARVL,Least developed countries: UN classification,50.7444246385833,38126472.4073573,19.5,1107881528995.12,4.64398366650467,1072.37486063383,2.543968558429645,42.6754735517241,64.6022757660127,1033110314.0,
XL,Least developed countries: UN classification,2019,40176417.3590637,ST.INT.ARVL,Least developed countries: UN classification,51.967591243585,36685985.8099406,21.9,1168244060712.21,5.10197781417077,1104.18633151052,2.54568504009664,41.9696662329324,64.9724534415541,1058013514.0,
XL,Least developed countries: UN classification,2020,,ST.INT.ARVL,Least developed countries: UN classification,53.2263059749044,16979803.794,25.0,1179759976006.93,-0.0998965241378897,1088.70490856513,2.61,42.7885098134034,64.8323585417323,1083636132.0,
XM,Low income,2018,17021655.3602576,ST.INT.ARVL,Low income,38.8874991570558,6322238.46811814,13.8,342687284249.884,2.76929975784364,647.163397218355,2.543968558429645,37.3424251325219,62.3399876414984,529522043.0,
XM,Low income,2019,17409971.529363,ST.INT.ARVL,Low income,40.0227778795972,6059516.68588695,17.5,356930361600.33,3.45566189269503,654.940947912545,2.54568504009664,35.0477537174861,62.7974465200669,544980983.0,
XM,Low income,2020,,ST.INT.ARVL,Low income,41.1731038852571,3086754.252,18.9,340851227778.848,-1.04416700524115,607.964753680008,2.61,35.8537567712416,62.8180995019214,560643073.0,
XN,Lower middle income,2018,192813989.629173,ST.INT.ARVL,Lower middle income,154.501586622722,346975005.166943,27.2,6004619221945.02,5.43440527205776,2078.75738872105,1.45096527478018,72.532112730637,68.2810033644819,2888561818.0,
XN,Lower middle income,2019,207722217.280817,ST.INT.ARVL,Lower middle income,156.644254270395,360683101.843184,33.4,6308107724476.6,4.07069813320975,2153.95427108494,1.41297848598119,76.3111910714215,68.5574256254118,2928617292.0,
XN,Lower middle income,2020,,ST.INT.ARVL,Lower middle income,158.77157989764,148092749.594,42.6,6110254911277.36,-3.60166727252459,2058.43459982702,1.41297848598119,78.8509621700048,68.040356336938,2968398856.0,
XO,Low & middle income,2018,782000891.14212,ST.INT.ARVL,Low & middle income,81.2290970384494,1672712175.29281,59.5,29904746273220.3,5.00975898499578,4846.86334479652,2.44894743324604,247.792243237902,71.1345010717806,6169917356.0,
XO,Low & middle income,2019,814041186.104538,ST.INT.ARVL,Low & middle income,82.2025927371042,1724105590.8052,64.3128,30622477245854.4,4.1365914075449,4904.42291649615,2.4706080317743,254.722191940225,71.3698556147386,6243849229.0,
XO,Low & middle income,2020,,ST.INT.ARVL,Low & middle income,83.1324821144401,836329275.306,70.1625,29667488251107.8,-1.05744327400041,4698.5175297673,2.71704544118765,257.645391488349,70.7486800091755,6314223170.0,
XP,Middle income,2018,758857901.867136,ST.INT.ARVL,Middle income,90.4776322909713,1666389936.8247,59.5,29559838322315.3,5.0380875932462,5240.73875711968,2.52793711685929,266.587803445623,71.9601326916177,5640395313.0,
XP,Middle income,2019,790163362.933784,ST.INT.ARVL,Middle income,91.4158140342159,1718046074.11931,64.3128,30263574824888.8,4.14501518615187,5310.45350032975,2.54137008019328,274.732197417909,72.1896324078539,5698868246.0,
XP,Middle income,2020,,ST.INT.ARVL,Middle income,92.2979769058255,833242521.054,70.1625,29324478257136.1,-1.05760642757627,5096.7359040376,2.81131829473826,278.256215145423,71.5214553857761,5753580097.0,
XQ,"Middle East, North Africa, Afghanistan & Pakistan (excluding high income)",2018,58807590.7872825,ST.INT.ARVL,"Middle East, North Africa, Afghanistan & Pakistan (excluding high income)",66.4596824458768,75246086.9211654,37.7,1864852275838.18,2.55406846146956,2789.82637461637,1.04099553666645,141.996227893092,70.0733668958653,668447432.0,
XQ,"Middle East, North Africa, Afghanistan & Pakistan (excluding high income)",2019,65756226.1253439,ST.INT.ARVL,"Middle East, North Africa, Afghanistan & Pakistan (excluding high income)",67.6570070470602,77266751.2532391,41.5,1819885021237.61,1.21907744890855,2674.37046083008,1.00531614370882,133.839417987858,70.417484585256,680490997.0,
XQ,"Middle East, North Africa, Afghanistan & Pakistan (excluding high income)",2020,,ST.INT.ARVL,"Middle East, North Africa, Afghanistan & Pakistan (excluding high income)",68.8541721163342,31123156.245,46.5,1649213376516.37,-2.86087724971401,2381.42542469934,1.00531614370882,127.087885839305,69.0506342866219,692532027.0,
XT,Upper middle income,2018,556608632.209134,ST.INT.ARVL,Upper middle income,63.051503494143,1319414931.65775,59.5,23555219100370.3,4.93578649722562,8559.82716365995,3.46182445802664,470.41850798846,75.8220642064272,2751833495.0,
XT,Upper middle income,2019,573310641.28494,ST.INT.ARVL,Upper middle income,63.4736737537186,1357362972.27612,64.5,23955467100412.2,4.16428972743392,8647.39963930799,3.58035123899753,484.631837383598,76.029480770985,2770250954.0,
XT,Upper middle income,2020,,ST.INT.ARVL,Upper middle income,63.8203213249238,685149771.46,70.3,23214223345858.7,-0.398382933666042,8334.90582376743,3.75073081597228,490.915631545518,75.2315516201179,2785181241.0,
XU,North America,2018,201364921.875,ST.INT.ARVL,North America,20.1879719521777,980528000.0,89.1,22389071169783.0,2.94789314154824,61228.195827322,2.75769166469205,9663.09312713969,78.9607960728398,365666028.0,
XU,North America,2019,198713000.0,ST.INT.ARVL,North America,20.3117942386777,1020089000.0,89.7,23291130648672.5,2.53036586266846,63306.7999807977,2.72750118893917,9989.45727296132,79.1334134419141,367908829.0,
XU,North America,2020,,ST.INT.ARVL,North America,20.4090671793574,397121000.0,90.5,23016677094000.2,-2.38760840938158,62262.642409838,2.72147987800578,11053.004803704,77.4498099795241,369670740.0,
YE,"Yemen, Rep.",2018,,ST.INT.ARVL,"Yemen, Rep.",64.5589370608179,336310.0,13.8152,21606160663.0131,0.752447591972881,633.887202450998,2.543968558429645,83.34048462,65.915,34085182.0,
YE,"Yemen, Rep.",2019,,ST.INT.ARVL,"Yemen, Rep.",66.5026573479554,336310.0,13.8152,21606160663.0131,0.752447591972881,633.887202450998,2.54568504009664,43.06481552,66.567,35111408.0,
YE,"Yemen, Rep.",2020,,ST.INT.ARVL,"Yemen, Rep.",68.4411292308275,52034.893,13.8152,21606160663.0131,0.752447591972881,633.887202450998,2.61,32.30203629,66.435,36134863.0,
ZA,South Africa,2018,15004000.0,ST.INT.ARVL,South Africa,48.3171083761304,24660386.0,62.4,405260723892.517,1.55678384721676,6914.1780318076,2.543968558429645,558.8013916,65.726,58613001.0,-0.7373386431265628
ZA,South Africa,2019,14797000.0,ST.INT.ARVL,South Africa,49.1207453692636,26211258.0,69.6969,389330032224.269,0.25993557687633,6533.71121032856,2.54568504009664,538.80426025,66.071,59587885.0,-0.7373386431265628
ZA,South Africa,2020,3886600.09765625,ST.INT.ARVL,South Africa,49.9240625180325,8304771.044,72.1128,337974655408.055,-6.1689177146757,5580.60383075189,2.61,503.46759033,65.15,60562381.0,-0.7373386431265628
ZF,Sub-Saharan Africa (excluding high income),2018,56247033.3736039,ST.INT.ARVL,Sub-Saharan Africa (excluding high income),43.8116831200619,52995285.3600062,22.8,1704078107124.46,2.58418521542021,1708.80108637029,2.543968558429645,82.1395534161548,60.2582610385453,997236086.0,
ZF,Sub-Saharan Africa (excluding high income),2019,55555231.2954125,ST.INT.ARVL,Sub-Saharan Africa (excluding high income),44.9646949255304,53191029.920235,26.0,1745254110180.65,2.41858916335194,1705.21463047615,2.54568504009664,81.3995046511567,60.6065912895076,1023480610.0,
ZF,Sub-Saharan Africa (excluding high income),2020,,ST.INT.ARVL,Sub-Saharan Africa (excluding high income),46.1298310381034,19405309.602,29.1,1621662123503.33,-2.39734821680698,1544.4411207735,2.61,79.779039329591,60.6222294256854,1049999318.0,
ZG,Sub-Saharan Africa,2018,56673405.0653589,ST.INT.ARVL,Sub-Saharan Africa,46.4610849355483,64951730.3600062,22.0,1790131601908.14,2.77483897499333,1612.7355316349,2.543968558429645,76.2443732764131,60.7667275136709,1109997000.0,
ZG,Sub-Saharan Africa,2019,56014499.1539477,ST.INT.ARVL,Sub-Saharan Africa,47.6882621146341,66236333.920235,24.8,1843035420525.45,2.6966970225991,1617.66888069241,2.54568504009664,75.8174834634606,61.1293218424873,1139315618.0,
ZG,Sub-Saharan Africa,2020,,ST.INT.ARVL,Sub-Saharan Africa,48.9314926208051,24494981.602,27.8,1730702407679.05,-1.99429357937267,1480.47864226138,2.61,74.5919860889771,61.1675270829902,1169015451.0,
ZH,Africa Eastern and Southern,2018,41189145.2687099,ST.INT.ARVL,Africa Eastern and Southern,44.3109394118317,52613964.0777057,19.6,1012291194268.21,2.66503807456537,1538.90167917284,2.543968558429645,90.0756532490733,63.3306913582336,657801085.0,
ZH,Africa Eastern and Southern,2019,39826701.4025488,ST.INT.ARVL,Africa Eastern and Southern,45.5334654681731,54851421.2852037,22.4,1009746517725.42,2.20034043292388,1493.81793829992,2.54568504009664,87.2982461391314,63.8572612837042,675950189.0,
ZH,Africa Eastern and Southern,2020,,ST.INT.ARVL,Africa Eastern and Southern,46.7795135824364,19166036.418,25.0,933407232177.078,-2.85978392104712,1344.10320999294,2.61,81.5518950187536,63.7664840026943,694446100.0,
ZI,Africa Western and Central,2018,,ST.INT.ARVL,Africa Western and Central,49.9897095662287,12337766.2823005,25.7,777840407639.927,2.90465437511295,1720.14027955102,2.543968558429645,56.1242645554959,57.036976441386,452195915.0,
ZI,Africa Western and Central,2019,,ST.INT.ARVL,Africa Western and Central,51.2245254219844,11384912.6350313,28.7,833288902800.025,3.28216299793968,1798.34068458315,2.54568504009664,59.0695277145137,57.1498467555118,463365429.0,
ZI,Africa Western and Central,2020,,ST.INT.ARVL,Africa Western and Central,52.4631237583976,5328945.184,31.7,797295175501.973,-0.984117425153343,1680.03933212698,2.61,64.4074227528619,57.3644254011107,474569351.0,
ZJ,Latin America & Caribbean,2018,201522429.427424,ST.INT.ARVL,Latin America & Caribbean,31.7199328465571,293327220.785988,65.3,5742372094087.7,1.58926392024679,9032.03848276062,1.87760168827281,678.430550420513,75.052717198381,635778081.0,
ZJ,Latin America & Caribbean,2019,201856013.686497,ST.INT.ARVL,Latin America & Caribbean,31.9787636490052,305061356.551081,67.9,5659843769808.14,0.68279883783471,8830.22782156102,1.85539634349495,661.493379189663,75.2042598654921,640962372.0,
ZJ,Latin America & Caribbean,2020,,ST.INT.ARVL,Latin America & Caribbean,32.2050368618472,121084047.422,73.9,4805921371470.46,-6.61772497533025,7445.29645309345,1.89586331448851,589.402562006271,73.188934023043,645497651.0,
ZM,Zambia,2018,1072000.0,ST.INT.ARVL,Zambia,24.1778460834824,16633.1389415488,14.3,26311507273.6735,4.03449389667165,1463.89997855593,2.543968558429645,69.82767487,62.138,17973569.0,-0.6034755134281201
ZM,Zambia,2019,1266000.0,ST.INT.ARVL,Zambia,24.9046113076582,17505.6896363636,18.7,23308667781.2258,1.44130602603785,1258.98619844462,2.54568504009664,85.02349854,62.914,18513839.0,-0.6034755134281201
ZM,Zambia,2020,502000.0,ST.INT.ARVL,Zambia,25.6384872005273,8717.833,24.5,18137764930.651,-2.78505506545167,951.644316655957,2.61,60.01779938,63.361,19059395.0,-0.6034755134281201
ZQ,"Middle East, North Africa, Afghanistan & Pakistan",2018,139804138.011964,ST.INT.ARVL,"Middle East, North Africa, Afghanistan & Pakistan",57.7809296801308,272712361.921165,42.3,4023974471234.97,2.61082409145581,5509.55913785523,1.14621961504151,279.158728738576,70.9403213532696,730362334.0,
ZQ,"Middle East, North Africa, Afghanistan & Pakistan",2019,152571279.95283,ST.INT.ARVL,"Middle East, North Africa, Afghanistan & Pakistan",58.7580654693081,284913666.143239,46.0,3989483215533.71,1.48601094232231,5371.48987165166,1.11091139839366,274.673549393141,71.2438695042576,742714463.0,
ZQ,"Middle East, North Africa, Afghanistan & Pakistan",2020,,ST.INT.ARVL,"Middle East, North Africa, Afghanistan & Pakistan",59.8411578819289,96419409.68,50.7,3561019804742.77,-3.30783118370476,4707.81986084887,1.11091139839366,278.42562032687,69.9110789555644,756405281.0,
ZT,IDA & IBRD total,2018,939010262.98174,ST.INT.ARVL,IDA & IBRD total,67.8547096177904,1840061201.44965,41.7,33320472281473.6,4.91396333374638,5111.82139451166,2.61434800487464,262.29041373275,71.153328289214,6518316997.0,
ZT,IDA & IBRD total,2019,974462802.208958,ST.INT.ARVL,IDA & IBRD total,68.6479326860907,1904674595.80028,46.6,34090818723703.0,4.036007543163,5169.58132257986,2.62489564545661,269.557085867147,71.3942743859044,6594502842.0,
ZT,IDA & IBRD total,2020,,ST.INT.ARVL,IDA & IBRD total,69.4025518373778,921825835.906,53.4,32884865747902.1,-1.21968122140602,4932.64621363092,2.8767805628047,275.667858528253,70.7491565630532,6666779721.0,
ZW,Zimbabwe,2018,2580000.0,ST.INT.ARVL,Zimbabwe,38.8637766576192,282539.0,25.0,34156057417.3285,5.00992138188113,2271.85250365817,2.543968558429645,114.76815033,60.906,15034452.0,-0.7214472537053183
ZW,Zimbabwe,2019,2294000.0,ST.INT.ARVL,Zimbabwe,39.4762000775494,282539.0,26.5883,25715657177.4682,-6.33244975108572,1683.91313584141,2.54568504009664,55.10725403,61.06,15271368.0,-0.7214472537053183
ZW,Zimbabwe,2020,639000.0,ST.INT.ARVL,Zimbabwe,40.13671448882,324226.537,29.2986,26868564055.12,-7.81693284075131,1730.45391034701,2.61,51.14250565,61.53,15526888.0,-0.7214472537053183
