country_code,country_name_tourism,year,value,indicator,country_name_wdi,EN.POP.DNST,IS.AIR.PSGR,IT.NET.USER.ZS,NY.GDP.MKTP.CD,NY.GDP.MKTP.KD.ZG,NY.GDP.PCAP.CD,SH.MED.BEDS.ZS,SH.XPD.CHEX.PC.CD,SP.DYN.LE00.IN,SP.POP.TOTL
ZH,Africa Eastern and Southern,2024,,ST.INT.ARVL,Africa Eastern and Southern,,,35.0,1205973813871.44,2.76680373044995,1567.63583892828,,,,769294618.0
ZH,Africa Eastern and Southern,2023,,ST.INT.ARVL,Africa Eastern and Southern,,,32.4,1133818271029.39,1.89130738721937,1510.74295082335,,,65.146290855385,750503764.0
ZH,Africa Eastern and Southern,2022,,ST.INT.ARVL,Africa Eastern and Southern,49.2972007384894,,30.2,1191638638185.25,3.55576878716199,1628.31894446307,,92.5815209732848,64.4870195456608,731821393.0
ZH,Africa Eastern and Southern,2021,,ST.INT.ARVL,Africa Eastern and Southern,48.0354728061518,24057585.264,28.2,1085604883589.65,4.56356807595664,1522.3933455926,,92.3865748809452,62.9799991857494,713090928.0
ZH,Africa Eastern and Southern,2020,,ST.INT.ARVL,Africa Eastern and Southern,46.7795135824364,19166036.418,25.0,933407232177.078,-2.85978392104712,1344.10320999294,,81.5518950187536,63.7664840026943,694446100.0
ZH,Africa Eastern and Southern,2019,39826701.4025488,ST.INT.ARVL,Africa Eastern and Southern,45.5334654681731,54851421.2852037,22.4,1009746517725.42,2.20034043292388,1493.81793829992,,87.2982461391314,63.8572612837042,675950189.0
ZH,Africa Eastern and Southern,2018,41189145.2687099,ST.INT.ARVL,Africa Eastern and Southern,44.3109394118317,52613964.0777057,19.6,1012291194268.21,2.66503807456537,1538.90167917284,,90.0756532490733,63.3306913582336,657801085.0
ZI,Africa Western and Central,2024,,ST.INT.ARVL,Africa Western and Central,,,40.2,670025655309.603,4.17610288931516,1284.15444092323,,,,521764076.0
ZI,Africa Western and Central,2023,,ST.INT.ARVL,Africa Western and Central,,,38.1,814728528754.188,3.35798699488655,1599.39298291654,,,58.8557215483276,509398589.0
ZI,Africa Western and Central,2022,,ST.INT.ARVL,Africa Western and Central,54.9855916127898,,36.9,893639944629.861,3.97496354483744,1796.66863273368,,74.4213512159563,57.9878133945189,497387180.0
ZI,Africa Western and Central,2021,,ST.INT.ARVL,Africa Western and Central,53.7180180179184,7425487.428,34.9,858114511231.434,4.03000030607359,1765.9547879785,,72.2410946748859,57.3625716910274,485920997.0
ZI,Africa Western and Central,2020,,ST.INT.ARVL,Africa Western and Central,52.4631237583976,5328945.184,31.7,797295175501.973,-0.984117425153343,1680.03933212698,,64.4074227528619,57.3644254011107,474569351.0
ZI,Africa Western and Central,2019,,ST.INT.ARVL,Africa Western and Central,51.2245254219844,11384912.6350313,28.7,833288902800.025,3.28216299793968,1798.34068458315,,59.0695277145137,57.1498467555118,463365429.0
ZI,Africa Western and Central,2018,,ST.INT.ARVL,Africa Western and Central,49.9897095662287,12337766.2823005,25.7,777840407639.927,2.90465437511295,1720.14027955102,,56.1242645554959,57.036976441386,452195915.0
1A,Arab World,2024,,ST.INT.ARVL,Arab World,,,,3704768275595.84,1.54891912399356,7521.15330929761,,,,492579811.0
1A,Arab World,2023,,ST.INT.ARVL,Arab World,,,,3606002342262.32,1.5043551993806,7479.68809103279,,,72.4446783578531,482105978.0
1A,Arab World,2022,,ST.INT.ARVL,Arab World,35.9918336255039,,,3738584480489.16,6.99541381837754,7931.61789279006,,329.953683266806,71.8760955992222,471352066.0
1A,Arab World,2021,,ST.INT.ARVL,Arab World,35.1623623846891,100893015.318,,3077906530882.01,4.40457595978887,6681.70895180141,,334.396705984831,70.4041144889903,460646603.0
1A,Arab World,2020,,ST.INT.ARVL,Arab World,34.6339103040644,78203120.459,,2596422612311.05,-4.75714499576827,5722.48099531674,1.3038215075513,325.636172435532,70.7265588103862,453723239.0
1A,Arab World,2019,142447574.174804,ST.INT.ARVL,Arab World,33.9131958947659,246284712.901893,,2949355029586.25,1.72691613697276,6638.48541455372,1.27168253224361,323.326647510009,71.8398932674972,444281315.0
1A,Arab World,2018,131892640.892491,ST.INT.ARVL,Arab World,33.2809532562352,232670166.889823,,2907329557076.05,2.64284520902167,6668.2167280195,1.33025349339171,320.738335147228,71.4312997859137,435998060.0
S3,Caribbean small states,2024,,ST.INT.ARVL,Caribbean small states,,,,91570798875.9048,13.3443258679345,20173.9564746676,,,,4539060.0
S3,Caribbean small states,2023,,ST.INT.ARVL,Caribbean small states,,,,79470143934.8758,9.00795196227071,17582.2636796878,,,73.1716450013098,4519904.0
S3,Caribbean small states,2022,,ST.INT.ARVL,Caribbean small states,11.2848141186504,,,78054577760.2976,15.0181571627766,17355.8366579795,,944.511679918338,72.8322921090608,4497310.0
S3,Caribbean small states,2021,,ST.INT.ARVL,Caribbean small states,11.2392890419813,2455984.955,,61961705340.7798,6.4790691099326,13833.3099303464,,862.759954027604,69.9228107471769,4479167.0
S3,Caribbean small states,2020,,ST.INT.ARVL,Caribbean small states,11.1894430601684,3161894.9,,53180553803.0434,-9.11325310356304,11925.7573950011,2.60602061055896,801.096390908621,71.9394359303317,4459302.0
S3,Caribbean small states,2019,19819087.2645395,ST.INT.ARVL,Caribbean small states,11.1488737254616,6509960.55108055,,61929300627.7488,0.919134167721197,13938.2023201976,2.58694959206753,826.631063418118,72.1292604830284,4443134.0
S3,Caribbean small states,2018,19669834.9167994,ST.INT.ARVL,Caribbean small states,11.059856053637,6464701.2419884,,60893234438.5669,1.23105640692125,13815.3265154798,2.54662551622898,797.021394312782,72.2210854022703,4407658.0
B8,Central Europe and the Baltics,2024,,ST.INT.ARVL,Central Europe and the Baltics,,,,2455559190577.36,1.96330552382373,24543.3040551653,,,,100050066.0
B8,Central Europe and the Baltics,2023,,ST.INT.ARVL,Central Europe and the Baltics,,,,2273945434904.28,0.763278131880284,22699.5351734821,,,77.8967836493153,100175859.0
B8,Central Europe and the Baltics,2022,,ST.INT.ARVL,Central Europe and the Baltics,90.5708010536644,,,1956274288914.43,4.03666414212897,19548.6930479638,,1361.14887526443,76.6522987292583,100071871.0
B8,Central Europe and the Baltics,2021,,ST.INT.ARVL,Central Europe and the Baltics,90.6877587931935,30389422.0,,1927940096544.03,6.54607681687429,19239.8185020397,,1406.44098422552,74.7232827859077,100205732.0
B8,Central Europe and the Baltics,2020,,ST.INT.ARVL,Central Europe and the Baltics,91.5975668995432,22490703.181,,1679770251031.92,-3.31536810484134,16595.9352698049,6.38955324784737,1182.57491439171,76.0162701269145,101215763.0
B8,Central Europe and the Baltics,2019,314638365.070248,ST.INT.ARVL,Central Europe and the Baltics,92.1854556712536,69934611.3,,1686042070714.23,4.02671124743459,16551.8488917344,6.40097463346178,1091.75964736167,77.2659141936307,101864274.0
B8,Central Europe and the Baltics,2018,301502122.473578,ST.INT.ARVL,Central Europe and the Baltics,92.3692084301826,62622491.0,,1658215183813.33,5.06413042319313,16245.193864543,6.50734101195659,1054.54636661876,76.9764380835075,102074201.0
V2,Early-demographic dividend,2024,,ST.INT.ARVL,Early-demographic dividend,,,,16021674099781.5,3.58246104129047,4510.25268168449,,,,3552278604.0
V2,Early-demographic dividend,2023,,ST.INT.ARVL,Early-demographic dividend,,,,15147839465127.3,4.61090087002265,4313.64804240795,,,71.7962449795855,3511607650.0
V2,Early-demographic dividend,2022,,ST.INT.ARVL,Early-demographic dividend,104.215136704616,,,14274765147164.7,5.96019460339865,4113.00084852322,,187.714153624307,71.4304552508694,3470644834.0
V2,Early-demographic dividend,2021,,ST.INT.ARVL,Early-demographic dividend,102.970775558914,373606823.428,,12923331307987.7,7.50648140047599,3765.51079786712,,185.036170737778,68.1790994839633,3432026092.0
V2,Early-demographic dividend,2020,,ST.INT.ARVL,Early-demographic dividend,101.937460447807,289010892.017,,11039712538107.1,-4.2153043663299,3250.74974734387,1.61958253170785,162.009466846697,69.8801308490982,3396051187.0
V2,Early-demographic dividend,2019,369336988.869679,ST.INT.ARVL,Early-demographic dividend,100.705896897962,734632530.410995,,11887904124496.5,2.38719124728406,3543.32390703605,1.48203804929998,159.607867252258,70.8424064605001,3355014793.0
V2,Early-demographic dividend,2018,350576700.187856,ST.INT.ARVL,Early-demographic dividend,99.4817619661395,741133708.202807,,11652111473280.5,3.84109765418582,3515.76621670583,1.49506665970238,160.314529579211,70.5486659921504,3314245247.0
Z4,East Asia & Pacific,2024,,ST.INT.ARVL,East Asia & Pacific,,,79.6,31882663454356.9,3.89459315089529,13349.0833109152,,,,2388378491.0
Z4,East Asia & Pacific,2023,,ST.INT.ARVL,East Asia & Pacific,,,77.5,31279384293039.7,4.1939549505956,13117.90954458,,,76.6595183258032,2384479340.0
Z4,East Asia & Pacific,2022,,ST.INT.ARVL,East Asia & Pacific,97.335244772577,,75.4,31135994741903.4,2.99047159522472,13084.2848090909,,837.62284554189,76.6767834400676,2379648196.0
Z4,East Asia & Pacific,2021,,ST.INT.ARVL,East Asia & Pacific,97.0062255590139,632631258.508,72.6,31548481959790.6,6.33973583534441,13282.7636699758,,879.237648700468,76.1530093756951,2375144416.0
Z4,East Asia & Pacific,2020,,ST.INT.ARVL,East Asia & Pacific,96.8326589374524,673223022.999,68.5,27474338351594.1,-0.0541286733685524,11595.2940923559,4.71542794107052,793.628342680854,76.5434376080231,2369438682.0
Z4,East Asia & Pacific,2019,490804002.09165,ST.INT.ARVL,East Asia & Pacific,96.4384403820969,1415410517.3106,63.5,27322078215458.3,4.04372924529717,11578.2748298091,4.56421809268166,755.048841346782,76.586261929345,2359771090.0
Z4,East Asia & Pacific,2018,480202482.119432,ST.INT.ARVL,East Asia & Pacific,95.9404015370252,1363722227.08479,58.8,26749413596913.5,4.7843128392733,11394.4809001741,4.4105904194269,723.444630761637,76.3914229383171,2347576325.0
4E,East Asia & Pacific (excluding high income),2024,,ST.INT.ARVL,East Asia & Pacific (excluding high income),,,78.1,22260874526758.1,4.96259956224176,10396.8255168912,,,,2141122258.0
4E,East Asia & Pacific (excluding high income),2023,,ST.INT.ARVL,East Asia & Pacific (excluding high income),,,75.9,21644107579563.1,5.25477821929519,10125.7668065643,,,75.8806830895266,2137527754.0
4E,East Asia & Pacific (excluding high income),2022,,ST.INT.ARVL,East Asia & Pacific (excluding high income),133.338264665834,,73.8,21563623056097.7,3.54537500425209,10106.8725194012,,510.485887004471,75.9325409436903,2133560408.0
4E,East Asia & Pacific (excluding high income),2021,,ST.INT.ARVL,East Asia & Pacific (excluding high income),133.025368143379,516080253.789,70.7,21231549654292.7,7.71979865885916,9974.63640001599,,514.728346249158,75.2781418410849,2128553744.0
4E,East Asia & Pacific (excluding high income),2020,,ST.INT.ARVL,East Asia & Pacific (excluding high income),132.732163470285,545598407.498,66.1,17805361735240.5,1.34528896450408,8391.36838432689,4.00452204911863,446.479702327493,75.6976393295064,2121866294.0
4E,East Asia & Pacific (excluding high income),2019,292842169.375777,ST.INT.ARVL,East Asia & Pacific (excluding high income),132.134925461608,1003476407.1326,60.1,17503362758566.8,5.8857935889594,8286.43967532333,3.83376188646399,414.609309647715,75.7689690321509,2112289891.0
4E,East Asia & Pacific (excluding high income),2018,281129640.985927,ST.INT.ARVL,East Asia & Pacific (excluding high income),131.409868337961,964324620.095903,55.0,16902106236749.5,6.53719009221585,8045.94448809301,3.65628208560456,388.609815983208,75.57828618156,2100698838.0
T4,East Asia & Pacific (IDA & IBRD countries),2024,,ST.INT.ARVL,East Asia & Pacific (IDA & IBRD countries),,,78.8,22233410782170.8,4.96260711576491,10513.9755660123,,,,2114653077.0
T4,East Asia & Pacific (IDA & IBRD countries),2023,,ST.INT.ARVL,East Asia & Pacific (IDA & IBRD countries),,,76.5,21617377390319.4,5.25471763539007,10239.674334039,,,75.9085643603807,2111139152.0
T4,East Asia & Pacific (IDA & IBRD countries),2022,,ST.INT.ARVL,East Asia & Pacific (IDA & IBRD countries),132.689192865033,,74.4,21536968352300.0,3.54531588499279,10220.360503609,,510.508082812985,75.9610347461336,2107261123.0
T4,East Asia & Pacific (IDA & IBRD countries),2021,,ST.INT.ARVL,East Asia & Pacific (IDA & IBRD countries),132.37999364036,516083074.028,71.3,21205315189717.1,7.71948607337309,10086.4785164265,,514.747413642451,75.3009806060199,2102350702.0
T4,East Asia & Pacific (IDA & IBRD countries),2020,,ST.INT.ARVL,East Asia & Pacific (IDA & IBRD countries),132.090022057767,545604200.498,66.6,17783399412496.6,1.34517813817452,8485.42025780464,4.00452204911863,446.49690890404,75.7338497054699,2095759417.0
T4,East Asia & Pacific (IDA & IBRD countries),2019,289300101.805405,ST.INT.ARVL,East Asia & Pacific (IDA & IBRD countries),131.494477158156,1003417980.1326,60.4,17481802738366.4,5.88571324697395,8379.40686898285,3.83376188646399,414.626630826231,75.8042877234534,2086281644.0
T4,East Asia & Pacific (IDA & IBRD countries),2018,277743234.61904,ST.INT.ARVL,East Asia & Pacific (IDA & IBRD countries),130.770644859426,964270665.095903,55.6,16881313468532.0,6.53703606587011,8136.36881824421,3.65628208560456,388.626495910689,75.6101241544348,2074796982.0
XC,Euro area,2024,,ST.INT.ARVL,Euro area,,,,16406126934435.8,0.863297007609859,46724.355622795,,,,351125804.0
XC,Euro area,2023,,ST.INT.ARVL,Euro area,,,,15787238118091.4,0.418696305054439,45068.7010930397,,,82.1920076156423,350292725.0
XC,Euro area,2022,,ST.INT.ARVL,Euro area,127.437377049031,,,14452407617089.9,3.54315414330438,41446.4322827569,,4414.09742965593,81.6212237452298,348700885.0
XC,Euro area,2021,,ST.INT.ARVL,Euro area,126.88812174621,252461520.31,,14918539971043.3,6.35844742787222,42967.2551656434,,4786.25865840534,81.5839330415712,347207191.0
XC,Euro area,2020,,ST.INT.ARVL,Euro area,126.815416504565,190032931.787,,13266853301191.7,-6.04639111246462,38234.5335889285,5.15414654698754,4261.74086179939,81.4873571657503,346986142.0
XC,Euro area,2019,655573447.522239,ST.INT.ARVL,Euro area,126.636297354644,639868656.158,,13587001830079.4,1.6275605718828,39212.5111497975,5.17957003976498,3990.21968966247,82.2804211551829,346496601.0
XC,Euro area,2018,638607601.5625,ST.INT.ARVL,Euro area,126.404243914838,584797943.268714,,13868034531052.8,1.77051257178987,40096.712205156,5.22555398920092,4043.7270058732,82.0027602577719,345864630.0
Z7,Europe & Central Asia,2024,,ST.INT.ARVL,Europe & Central Asia,,,91.3,29146936906252.2,1.51578451105712,31392.581963732,,,,928465742.0
Z7,Europe & Central Asia,2023,,ST.INT.ARVL,Europe & Central Asia,,,89.7,27617157896730.2,1.06944651645084,29835.7180523654,,,78.3870183177038,925640799.0
Z7,Europe & Central Asia,2022,,ST.INT.ARVL,Europe & Central Asia,33.7113857782742,,88.1,25700849227224.3,3.30115667013176,27782.8616206223,,2792.7297090373,77.8361130850842,925061269.0
Z7,Europe & Central Asia,2021,,ST.INT.ARVL,Europe & Central Asia,33.6979029983928,524360548.477,86.4,25513859723979.1,6.76642448122008,27591.4108786977,,2852.86365963793,76.7287266936821,924702975.0
Z7,Europe & Central Asia,2020,,ST.INT.ARVL,Europe & Central Asia,33.6715577314118,384036439.6275,83.4,22287615625568.5,-5.40788496163321,24121.4791035767,5.16780121872443,2520.12746004454,77.1757484533311,923973838.0
Z7,Europe & Central Asia,2019,1199188498.74821,ST.INT.ARVL,Europe & Central Asia,33.6025712416224,1181479874.428,80.3,23032792622187.5,1.85681538008799,24975.4166431436,5.17187547576436,2327.43781786241,78.3042683990405,922218554.0
Z7,Europe & Central Asia,2018,1157868194.79519,ST.INT.ARVL,Europe & Central Asia,33.4831810364487,1137091439.3497,78.1,23306977599232.0,2.12417324926466,25362.6758114579,5.2377881370857,2338.64499246625,78.0322195043255,918947897.0
7E,Europe & Central Asia (excluding high income),2024,,ST.INT.ARVL,Europe & Central Asia (excluding high income),,,87.3,2421839057172.22,3.75193909583378,9668.56270854153,,,,250485944.0
7E,Europe & Central Asia (excluding high income),2023,,ST.INT.ARVL,Europe & Central Asia (excluding high income),,,85.0,2134737666916.84,5.07584002798598,8571.4101866164,,,74.7987152767476,249053262.0
7E,Europe & Central Asia (excluding high income),2022,,ST.INT.ARVL,Europe & Central Asia (excluding high income),42.4595345234533,,82.6,1817993344339.27,3.10583446050099,7247.60981221236,,367.800587645895,74.5786223390478,250840400.0
7E,Europe & Central Asia (excluding high income),2021,,ST.INT.ARVL,Europe & Central Asia (excluding high income),42.6876214180152,88476243.262,79.6,1670340539745.28,9.04476793619193,6623.35137698536,,373.16498640504,72.8874329657208,252189631.0
7E,Europe & Central Asia (excluding high income),2020,,ST.INT.ARVL,Europe & Central Asia (excluding high income),42.4292551525623,57405263.207,74.5,1437141951950.75,0.295023816819608,5733.41761868436,4.51859796858209,313.055745223477,73.5589573506665,250660609.0
7E,Europe & Central Asia (excluding high income),2019,180880471.54687,ST.INT.ARVL,Europe & Central Asia (excluding high income),42.1016867213955,144851367.268,70.3,1498314108819.45,2.30648934350586,6020.63670154835,4.54206404380385,296.180728487163,74.821186588313,248863066.0
7E,Europe & Central Asia (excluding high income),2018,169084765.500036,ST.INT.ARVL,Europe & Central Asia (excluding high income),41.7285053240067,146715960.521,65.7,1468176796062.36,3.49739836760725,5952.2500299061,4.5873140290046,281.586252224146,74.5976698113306,246659127.0
T7,Europe & Central Asia (IDA & IBRD countries),2024,,ST.INT.ARVL,Europe & Central Asia (IDA & IBRD countries),,,89.6,6097876994310.88,3.67307586178063,13257.56545104,,,,459954508.0
T7,Europe & Central Asia (IDA & IBRD countries),2023,,ST.INT.ARVL,Europe & Central Asia (IDA & IBRD countries),,,87.5,5556261013139.78,3.84175701063837,12106.9240912296,,,74.7300564025194,458932506.0
T7,Europe & Central Asia (IDA & IBRD countries),2022,,ST.INT.ARVL,Europe & Central Asia (IDA & IBRD countries),20.0679600085481,,85.5,5263275218883.39,1.94747393676418,11410.4415323006,,728.57199061443,74.1916033602425,461268322.0
T7,Europe & Central Asia (IDA & IBRD countries),2021,,ST.INT.ARVL,Europe & Central Asia (IDA & IBRD countries),20.1618000551046,192532291.262,82.9,4628696552014.54,7.48057714504438,9987.98864443054,,639.965013531708,72.1539007720004,463426293.0
T7,Europe & Central Asia (IDA & IBRD countries),2020,,ST.INT.ARVL,Europe & Central Asia (IDA & IBRD countries),20.1498801587827,125376901.207,78.6,3916679848494.7,-1.46161084602306,8456.58174660206,5.67281360064584,564.114730090213,73.1523738187621,463151657.0
T7,Europe & Central Asia (IDA & IBRD countries),2019,331546366.211299,ST.INT.ARVL,Europe & Central Asia (IDA & IBRD countries),20.1064840709914,272506497.268,75.2,4175891551192.92,2.69803679804454,9034.43209100317,5.6254165106126,498.061307073762,74.5939674450224,462219596.0
T7,Europe & Central Asia (IDA & IBRD countries),2018,314784745.548675,ST.INT.ARVL,Europe & Central Asia (IDA & IBRD countries),20.0187796692359,263345266.521,71.7,4091510597189.56,3.73205201677239,8890.61596620106,5.70938104309336,471.944376606431,74.3004387516548,460205526.0
EU,European Union,2024,,ST.INT.ARVL,European Union,,,,19423319451330.3,1.02536782724844,43145.1566930223,,,,450185396.0
EU,European Union,2023,,ST.INT.ARVL,European Union,,,,18602672971721.6,0.455502395989242,41392.0743803078,,,81.4114503796876,449425965.0
EU,European Union,2022,,ST.INT.ARVL,European Union,112.018417981833,,,16996087955139.8,3.49214384701398,37962.8295010744,,3897.67038520266,80.7129818383208,447703403.0
EU,European Union,2021,,ST.INT.ARVL,European Union,111.646373360122,300510412.943,,17498522970845.2,6.35713585699249,39214.3660784805,,4226.05153967604,80.3071964400875,446227358.0
EU,European Union,2020,,ST.INT.ARVL,European Union,111.811112231477,224581685.7655,,15505708717748.9,-5.57343288385174,34698.4032089427,5.32343294782826,3742.85591172145,80.4414754678551,446870959.0
EU,European Union,2019,968873375.260994,ST.INT.ARVL,European Union,111.821235691404,752764693.96,,15809298345792.2,1.87715856708597,35374.6443827131,5.34035281260248,3496.99676183149,81.3194524901834,446910453.0
EU,European Union,2018,938485601.5625,ST.INT.ARVL,European Union,111.672659926438,691558405.268714,,16092154353714.7,2.0540414117159,36054.3954466385,5.40453793851897,3540.14525940428,81.0317510064821,446329890.0
F1,Fragile and conflict affected situations,2024,,ST.INT.ARVL,Fragile and conflict affected situations,,,39.6,1700322737099.85,1.65398949959956,1571.8004320986,,,,1081767572.0
F1,Fragile and conflict affected situations,2023,,ST.INT.ARVL,Fragile and conflict affected situations,,,38.0,1820234347800.98,1.96188263793231,1722.02197897444,,,63.3499447771075,1057033168.0
F1,Fragile and conflict affected situations,2022,,ST.INT.ARVL,Fragile and conflict affected situations,50.6796378484564,,37.2,1967015531216.77,1.23999531629563,1897.94911362527,,71.8773072908195,62.702271566254,1036390026.0
F1,Fragile and conflict affected situations,2021,,ST.INT.ARVL,Fragile and conflict affected situations,49.716034688003,25439426.874,34.9,1787068023408.49,2.44037029558743,1757.35640223069,,80.7243483362665,61.6086810439385,1016906998.0
F1,Fragile and conflict affected situations,2020,,ST.INT.ARVL,Fragile and conflict affected situations,48.6401896042009,18073886.216,30.7,1676505788095.81,-5.02311594136695,1685.09795088858,,74.501655286409,62.0663682854031,994901090.0
F1,Fragile and conflict affected situations,2019,,ST.INT.ARVL,Fragile and conflict affected situations,47.5710181630295,48048008.9975303,27.3,1842814574762.83,2.31366124062993,1893.88268968493,,73.9534928574941,62.1379545505037,973035228.0
F1,Fragile and conflict affected situations,2018,,ST.INT.ARVL,Fragile and conflict affected situations,46.535393078334,48929733.4403624,25.1,1735522724126.93,2.75006146665892,1823.31230335011,,75.6606661976252,61.7825083062786,951851595.0
XE,Heavily indebted poor countries (HIPC),2024,,ST.INT.ARVL,Heavily indebted poor countries (HIPC),,,,1132303151467.19,5.24377952313803,1202.76979412349,,,,941413026.0
XE,Heavily indebted poor countries (HIPC),2023,,ST.INT.ARVL,Heavily indebted poor countries (HIPC),,,,1045906705389.1,3.48120555757743,1140.19606998258,,,64.7159054177481,917304254.0
XE,Heavily indebted poor countries (HIPC),2022,,ST.INT.ARVL,Heavily indebted poor countries (HIPC),46.0900782945962,,,993480176910.217,4.99213593472254,1111.39185793698,,51.3241280772343,63.8404458555462,893906294.0
XE,Heavily indebted poor countries (HIPC),2021,,ST.INT.ARVL,Heavily indebted poor countries (HIPC),44.9054154980091,19149959.028,,914476428986.12,4.24188291548224,1049.99987506014,,51.2303480133665,62.5313735700637,870930036.0
XE,Heavily indebted poor countries (HIPC),2020,,ST.INT.ARVL,Heavily indebted poor countries (HIPC),43.7099075657914,12330289.393,,820678273818.935,0.239495193485297,968.074022023344,,47.7029776782202,63.0726319690016,847743308.0
XE,Heavily indebted poor countries (HIPC),2019,29134874.0028677,ST.INT.ARVL,Heavily indebted poor countries (HIPC),42.5190680719139,27353506.8673374,,811925263665.522,4.46794597491902,984.570661558163,,44.8331888954429,63.0898004183278,824649053.0
XE,Heavily indebted poor countries (HIPC),2018,29458450.954646,ST.INT.ARVL,Heavily indebted poor countries (HIPC),41.3523557492643,26411525.9143882,,783851617853.699,4.23444995905693,977.345900504428,,43.4207146556528,62.798544258222,802020674.0
XD,High income,2024,,ST.INT.ARVL,High income,,,93.4,71522995943824.2,1.92699828836629,50443.9276011316,,,,1417871275.0
XD,High income,2023,,ST.INT.ARVL,High income,,,92.3,68618756866831.8,1.82132848641616,48708.4624685822,,,80.1500151183354,1408764584.0
XD,High income,2022,,ST.INT.ARVL,High income,27.0272663824886,,91.1,65248657227968.5,3.00327834996845,46655.1648590412,,5753.7741338438,79.4313242226593,1398530204.0
XD,High income,2021,,ST.INT.ARVL,High income,26.8676247622244,1346415630.068,90.0,62927771341457.9,5.84337145363854,45211.9410454249,,5835.82024714229,78.8000564470189,1391839631.0
XD,High income,2020,,ST.INT.ARVL,High income,26.8080119115152,930341104.7185,88.5,56044969561614.3,-3.87451598682031,40219.1360185556,5.37206473022,5450.799862454,79.2043516940348,1393490142.0
XD,High income,2019,1522430052.79407,ST.INT.ARVL,High income,26.7361972211884,2717436455.22308,87.5,57469453150147.4,1.91366941349528,41351.4989053257,5.38160157595144,5006.72969297718,80.1994382042117,1389779202.0
XD,High income,2018,1491870217.10045,ST.INT.ARVL,High income,26.6462181721644,2607490599.83649,86.4,56899748048245.3,2.36853626282927,41079.7872699609,5.44347073519998,4904.29536462099,79.9668020572923,1385103279.0
XF,IBRD only,2024,,ST.INT.ARVL,IBRD only,,,73.0,41102217227752.3,4.31382038736446,8253.92125275536,,,,4979720059.0
XF,IBRD only,2023,,ST.INT.ARVL,IBRD only,,,70.5,39445795860390.1,4.82049142032486,7964.73675347128,,,74.5209699459191,4952554878.0
XF,IBRD only,2022,,ST.INT.ARVL,IBRD only,69.6275900862224,,68.6,38173342857338.4,3.73562251626744,7745.39306575372,,420.536575924055,74.251561351988,4928522353.0
XF,IBRD only,2021,,ST.INT.ARVL,IBRD only,69.3015184313588,1016713783.182,66.4,36134729389995.2,7.62424896881966,7366.1147382175,,409.104543332798,71.974522937271,4905534420.0
XF,IBRD only,2020,,ST.INT.ARVL,IBRD only,68.9357687165893,888849229.383,62.8,30426310945474.6,-1.24910026802465,6236.68120499036,3.0334644256063,356.960283737888,73.29542288776,4878606096.0
XF,IBRD only,2019,852166955.667661,ST.INT.ARVL,IBRD only,68.4630156602877,1827957939.65008,54.5,31581844372017.2,4.03893098145156,6517.95432240943,2.94253865268594,348.097574966488,74.0315931724484,4845361414.0
XF,IBRD only,2018,823988846.49919,ST.INT.ARVL,IBRD only,67.9242193333424,1761801271.05385,48.7,30908093008396.4,4.95969989325471,6429.48761275569,2.92397812619665,337.315183179597,73.7952368045971,4807240463.0
ZT,IDA & IBRD total,2024,,ST.INT.ARVL,IDA & IBRD total,,,63.3,43918119394039.4,4.30675413686576,6340.63327027503,,,,6926456321.0
ZT,IDA & IBRD total,2023,,ST.INT.ARVL,IDA & IBRD total,,,60.9,42232758175761.5,4.68591120713855,6157.39821498709,,,72.0008209186498,6858864199.0
ZT,IDA & IBRD total,2022,,ST.INT.ARVL,IDA & IBRD total,70.7266242489639,,59.1,41067771533155.6,3.78277970126719,6043.77728725502,,321.184735186953,71.6779222363782,6795050443.0
ZT,IDA & IBRD total,2021,,ST.INT.ARVL,IDA & IBRD total,70.0806410026448,1057614059.294,56.9,38810576219568.7,7.38440484342473,5764.25548879941,,314.379068998903,69.6682599282971,6732972939.0
ZT,IDA & IBRD total,2020,,ST.INT.ARVL,IDA & IBRD total,69.4025518373778,921825835.906,53.4,32884865747902.1,-1.21968122140602,4932.64621363092,2.8767805628047,275.667858528253,70.7491565630532,6666779721.0
ZT,IDA & IBRD total,2019,974462802.208958,ST.INT.ARVL,IDA & IBRD total,68.6479326860907,1904674595.80028,46.6,34090818723703.0,4.036007543163,5169.58132257986,2.62489564545661,269.557085867147,71.3942743859044,6594502842.0
ZT,IDA & IBRD total,2018,939010262.98174,ST.INT.ARVL,IDA & IBRD total,67.8547096177904,1840061201.44965,41.7,33320472281473.6,4.91396333374638,5111.82139451166,2.61434800487464,262.29041373275,71.153328289214,6518316997.0
XH,IDA blend,2024,,ST.INT.ARVL,IDA blend,,,41.5,1060004843955.22,3.8708201655074,1565.83627113068,,,,676957651.0
XH,IDA blend,2023,,ST.INT.ARVL,IDA blend,,,38.3,1149351628081.53,2.73696664680223,1729.91982930792,,,62.4621643327349,664395892.0
XH,IDA blend,2022,,ST.INT.ARVL,IDA blend,132.954794448531,,35.3,1279359771603.06,4.36541016095966,1962.52152270807,,75.1130089785858,62.1288641416852,651895919.0
XH,IDA blend,2021,,ST.INT.ARVL,IDA blend,130.364672327845,16820671.411,32.6,1187113707176.67,5.26457916726217,1857.19734593257,,73.2445945072014,60.876535738179,639196319.0
XH,IDA blend,2020,,ST.INT.ARVL,IDA blend,127.763150420736,13485781.729,29.3,1087140198997.65,-1.41832538944141,1735.42504387769,,62.2628083960124,60.8180066140619,626440308.0
XH,IDA blend,2019,,ST.INT.ARVL,IDA blend,125.231895343451,31409370.3509508,27.0,1153206654635.47,3.02093352732756,1878.13375771486,,59.8418141959184,61.3259973798573,614017319.0
XH,IDA blend,2018,,ST.INT.ARVL,IDA blend,122.770294331703,31196191.2806177,24.1,1125300769098.02,3.86521910515599,1869.41970744766,,59.3804561985995,61.0740542759518,601951913.0
XI,IDA only,2024,,ST.INT.ARVL,IDA only,,,37.1,1762363031559.76,4.55161300360969,1387.92937311476,,,,1269778611.0
XI,IDA only,2023,,ST.INT.ARVL,IDA only,,,34.6,1638623353905.75,3.25749865131732,1319.43444336952,,,67.0538318903115,1241913429.0
XI,IDA only,2022,,ST.INT.ARVL,IDA only,59.576784263874,,32.8,1615949723957.34,4.38809270163114,1330.40253875948,,53.0868089408523,66.3600605315493,1214632171.0
XI,IDA only,2021,,ST.INT.ARVL,IDA only,58.2868067553552,24079604.701,30.4,1490169458827.91,3.67250649510815,1254.09572124934,,52.6358820238065,64.8764634139942,1188242200.0
XI,IDA only,2020,,ST.INT.ARVL,IDA only,56.9864757487285,19490824.794,26.7,1370690171731.28,-0.315913885705172,1179.86645615956,,49.0117571268561,65.411479068422,1161733317.0
XI,IDA only,2019,63144062.5081978,ST.INT.ARVL,IDA only,55.681005468268,45307285.7992447,23.4,1355420093222.75,4.96724649240927,1194.07215693518,,47.3913555035896,65.5828691146811,1135124109.0
XI,IDA only,2018,58328493.7275152,ST.INT.ARVL,IDA only,54.4056735061853,47063739.1151822,20.9,1287143768703.4,4.8451933891496,1160.50418891873,,46.8888611038822,65.172890099339,1109124621.0
XG,IDA total,2024,,ST.INT.ARVL,IDA total,,,38.6,2807015624603.16,4.21671151635795,1441.90853142035,,,,1946736262.0
XG,IDA total,2023,,ST.INT.ARVL,IDA total,,,35.9,2781199862737.98,3.00077652876011,1458.94469071737,,,65.4535223135408,1906309321.0
XG,IDA total,2022,,ST.INT.ARVL,IDA total,73.8026057901326,,33.7,2895309495560.39,4.37690462621214,1551.17381360191,,60.7868829245695,64.8822902939527,1866528090.0
XG,IDA total,2021,,ST.INT.ARVL,IDA total,72.2614273728886,40900276.112,31.2,2677283166004.58,4.45172622070098,1465.04691576142,,59.8513918711876,63.4773799318061,1827438519.0
XG,IDA total,2020,,ST.INT.ARVL,IDA total,70.708813372764,32976606.523,27.6,2457830370728.94,-0.858539024490881,1374.49201596905,,53.6585716317993,63.8022749850664,1788173625.0
XG,IDA total,2019,100914423.764227,ST.INT.ARVL,IDA total,69.1654337294484,76716656.1501955,24.6,2508626747858.23,4.00013339585766,1434.20463760134,,51.7664298544754,64.0885399952044,1749141428.0
XG,IDA total,2018,93089667.6452262,ST.INT.ARVL,IDA total,67.6601823751493,78259930.3957999,22.0,2412444537801.42,4.35594845649983,1409.89867481954,,51.2879893871391,63.7309311828708,1711076534.0
V3,Late-demographic dividend,2024,,ST.INT.ARVL,Late-demographic dividend,,,,29910723278948.7,4.45301510129421,12843.3344406811,,,,2328890789.0
V3,Late-demographic dividend,2023,,ST.INT.ARVL,Late-demographic dividend,,,,28903171309924.7,4.35348918461054,12422.7253981593,,,77.130120543495,2326636900.0
V3,Late-demographic dividend,2022,,ST.INT.ARVL,Late-demographic dividend,52.2022792523304,,,28540512833862.8,3.30286706491528,12280.1075352976,,705.005304890289,76.9545802485126,2324125644.0
V3,Late-demographic dividend,2021,,ST.INT.ARVL,Late-demographic dividend,52.1195811583426,823261040.48,,27277869480236.8,7.5862532160528,11755.4245358535,,684.819182663501,76.306088329774,2320449542.0
V3,Late-demographic dividend,2020,,ST.INT.ARVL,Late-demographic dividend,52.0300826442229,741617825.479,,22862413053120.2,0.303693779788787,9869.54019951006,4.55175344353294,600.269934429487,76.6937147799405,2316461820.0
V3,Late-demographic dividend,2019,549832276.924528,ST.INT.ARVL,Late-demographic dividend,51.8625509332114,1516126027.09,,23350735596984.1,4.74554139385988,10112.2012892771,4.39425220484959,578.13977258094,76.9982668440355,2309164437.0
V3,Late-demographic dividend,2018,532235103.181661,ST.INT.ARVL,Late-demographic dividend,51.6263979698143,1434010524.15206,,22893811867077.4,5.44109300446654,9959.6655103541,4.31817788890242,552.012407656884,76.7784257230861,2298652685.0
ZJ,Latin America & Caribbean,2024,,ST.INT.ARVL,Latin America & Caribbean,,,82.0,7313631690222.71,2.26525883124424,11044.6796556507,,,,662185950.0
ZJ,Latin America & Caribbean,2023,,ST.INT.ARVL,Latin America & Caribbean,,,79.7,7127804705256.22,2.25304157617971,10838.827948659,,,75.6435293327332,657617663.0
ZJ,Latin America & Caribbean,2022,,ST.INT.ARVL,Latin America & Caribbean,32.5866649067915,,77.4,6345587523480.55,3.96898413283854,9716.03266743823,,721.890892765768,74.647198943632,653104795.0
ZJ,Latin America & Caribbean,2021,,ST.INT.ARVL,Latin America & Caribbean,32.3914746190884,187704362.696,76.3,5581814290255.75,7.08207377171361,8597.53194021339,1.99559317261893,664.397846304484,71.8141668022872,649234493.0
ZJ,Latin America & Caribbean,2020,,ST.INT.ARVL,Latin America & Caribbean,32.2050368618472,121084047.422,73.9,4805921371470.46,-6.61772497533025,7445.29645309345,1.89586331448851,589.402562006271,73.188934023043,645497651.0
ZJ,Latin America & Caribbean,2019,201856013.686497,ST.INT.ARVL,Latin America & Caribbean,31.9787636490052,305061356.551081,67.9,5659843769808.14,0.68279883783471,8830.22782156102,1.85539634349495,661.493379189663,75.2042598654921,640962372.0
ZJ,Latin America & Caribbean,2018,201522429.427424,ST.INT.ARVL,Latin America & Caribbean,31.7199328465571,293327220.785988,65.3,5742372094087.7,1.58926392024679,9032.03848276062,1.87760168827281,678.430550420513,75.052717198381,635778081.0
XJ,Latin America & Caribbean (excluding high income),2024,,ST.INT.ARVL,Latin America & Caribbean (excluding high income),,,81.5,6146374383733.38,2.01211386184328,10344.66889924,,,,594158638.0
XJ,Latin America & Caribbean (excluding high income),2023,,ST.INT.ARVL,Latin America & Caribbean (excluding high income),,,79.1,5997364907507.01,2.18856946058862,10166.928671097,,,75.4986013301866,589889543.0
XJ,Latin America & Caribbean (excluding high income),2022,,ST.INT.ARVL,Latin America & Caribbean (excluding high income),32.7327006919195,,76.6,5325687016147.0,3.85173953015484,9093.65274220086,,701.744481766224,74.4897262626476,585648822.0
XJ,Latin America & Caribbean (excluding high income),2021,,ST.INT.ARVL,Latin America & Caribbean (excluding high income),32.5199516637478,166493092.562,75.4,4629099312241.86,6.87040445307707,7955.36133413771,2.0007549971767,641.776602029562,71.4377016432982,581884231.0
XJ,Latin America & Caribbean (excluding high income),2020,,ST.INT.ARVL,Latin America & Caribbean (excluding high income),32.3079863627087,107281953.06,73.4,3984427319010.97,-6.5236090907036,6892.38171560913,1.9354499848881,571.985613940258,72.8759217271338,578091505.0
XJ,Latin America & Caribbean (excluding high income),2019,165233236.99443,ST.INT.ARVL,Latin America & Caribbean (excluding high income),32.0408546856498,262820682.556,68.1,4739266496719.49,0.600027443888251,8266.47471229954,1.89512729083167,650.960708597368,75.0513524613511,573311679.0
XJ,Latin America & Caribbean (excluding high income),2018,164604173.905129,ST.INT.ARVL,Latin America & Caribbean (excluding high income),31.7276580583473,251841775.767079,64.6,4807492365803.41,1.55254637051358,8468.20128438484,1.91115456688081,666.454082862311,74.8906731016397,567711159.0
T2,Latin America & the Caribbean (IDA & IBRD countries),2024,,ST.INT.ARVL,Latin America & the Caribbean (IDA & IBRD countries),,,82.1,6977493595927.05,2.2441060750872,10784.3171528207,,,,647003746.0
T2,Latin America & the Caribbean (IDA & IBRD countries),2023,,ST.INT.ARVL,Latin America & the Caribbean (IDA & IBRD countries),,,79.8,6804996162368.3,2.33861319300279,10593.1164302324,,,75.5699258379688,642397939.0
T2,Latin America & the Caribbean (IDA & IBRD countries),2022,,ST.INT.ARVL,Latin America & the Caribbean (IDA & IBRD countries),32.0247780918987,,77.6,6048473378741.76,4.00025175629879,9482.77639942335,,720.881567229965,74.5684293540859,637837815.0
T2,Latin America & the Caribbean (IDA & IBRD countries),2021,,ST.INT.ARVL,Latin America & the Caribbean (IDA & IBRD countries),31.8231317642983,186616854.562,76.4,5313306131137.49,7.28007815986651,8382.42554035091,1.94847092197798,663.539185074175,71.7449274626405,633862610.0
T2,Latin America & the Caribbean (IDA & IBRD countries),2020,,ST.INT.ARVL,Latin America & the Caribbean (IDA & IBRD countries),31.631770581189,119711410.66,74.0,4561756343150.42,-6.52902364043537,7240.29672376392,1.8546359205424,577.777466140481,73.0747493617473,630051021.0
T2,Latin America & the Caribbean (IDA & IBRD countries),2019,172908916.919959,ST.INT.ARVL,Latin America & the Caribbean (IDA & IBRD countries),31.4016447900623,302747680.551081,67.9,5413386525184.87,0.6782582884085,8654.9472124286,1.813354338393,654.203499711542,75.1319711493442,625467307.0
T2,Latin America & the Caribbean (IDA & IBRD countries),2018,173715171.225937,ST.INT.ARVL,Latin America & the Caribbean (IDA & IBRD countries),31.1407608410961,290659005.923914,65.3,5505396811018.94,1.67650870518743,8875.74361403055,1.83591231410046,672.137646029749,74.9760978010797,620274430.0
XL,Least developed countries: UN classification,2024,,ST.INT.ARVL,Least developed countries: UN classification,,,35.0,1495340734264.69,3.86385485651356,1258.9400116614,,,,1187777591.0
XL,Least developed countries: UN classification,2023,,ST.INT.ARVL,Least developed countries: UN classification,,,32.5,1416482888487.06,3.05222026754709,1220.23843928653,,,66.5161002597788,1160824674.0
XL,Least developed countries: UN classification,2022,,ST.INT.ARVL,Least developed countries: UN classification,55.7288546680037,,30.6,1445223560465.28,4.77315115466619,1273.78979194705,,48.1820821472757,65.7631857632163,1134585604.0
XL,Least developed countries: UN classification,2021,,ST.INT.ARVL,Least developed countries: UN classification,54.4807435364887,21218687.426,28.3,1288339633534.37,2.82134174296328,1161.529354921,,46.3073459120771,64.267342334044,1109175268.0
XL,Least developed countries: UN classification,2020,,ST.INT.ARVL,Least developed countries: UN classification,53.2263059749044,16979803.794,25.0,1179759976006.93,-0.0998965241378897,1088.70490856513,,42.7885098134034,64.8323585417323,1083636132.0
XL,Least developed countries: UN classification,2019,40176417.3590637,ST.INT.ARVL,Least developed countries: UN classification,51.967591243585,36685985.8099406,21.9,1168244060712.21,5.10197781417077,1104.18633151052,,41.9696662329324,64.9724534415541,1058013514.0
XL,Least developed countries: UN classification,2018,38555567.9067446,ST.INT.ARVL,Least developed countries: UN classification,50.7444246385833,38126472.4073573,19.5,1107881528995.12,4.64398366650467,1072.37486063383,,42.6754735517241,64.6022757660127,1033110314.0
XO,Low & middle income,2024,,ST.INT.ARVL,Low & middle income,,,,39216943108499.1,4.33346498155976,5974.80452228263,,,,6563719861.0
XO,Low & middle income,2023,,ST.INT.ARVL,Low & middle income,,,,37824423052000.7,4.81773759371491,5819.84086254913,,,71.9740048771462,6499219471.0
XO,Low & middle income,2022,,ST.INT.ARVL,Low & middle income,84.7553204357429,,,36712853300728.5,3.95905115842071,5702.28344160279,,296.000672126349,71.6852818823469,6438272260.0
XO,Low & middle income,2021,,ST.INT.ARVL,Low & middle income,83.9639648219164,926227910.055,,34992770913888.4,7.4142150848723,5485.92472057214,,293.138612264202,69.6717843895896,6378645843.0
XO,Low & middle income,2020,,ST.INT.ARVL,Low & middle income,83.1324821144401,836329275.306,,29667488251107.8,-1.05744327400041,4698.5175297673,2.71704544118765,257.645391488349,70.7486800091755,6314223170.0
XO,Low & middle income,2019,814041186.104538,ST.INT.ARVL,Low & middle income,82.2025927371042,1724105590.8052,,30622477245854.4,4.1365914075449,4904.42291649615,2.4706080317743,254.722191940225,71.3698556147386,6243849229.0
XO,Low & middle income,2018,782000891.14212,ST.INT.ARVL,Low & middle income,81.2290970384494,1672712175.29281,,29904746273220.3,5.00975898499578,4846.86334479652,2.44894743324604,247.792243237902,71.1345010717806,6169917356.0
XM,Low income,2024,,ST.INT.ARVL,Low income,,,27.2,466541517790.093,2.33210194062441,746.934788844338,,,,624608098.0
XM,Low income,2023,,ST.INT.ARVL,Low income,,,25.2,423723013875.631,-0.202242107619824,697.171191535478,,,64.5178957936853,607774703.0
XM,Low income,2022,,ST.INT.ARVL,Low income,43.4329058172616,,23.8,427939606203.123,3.63667763132267,723.504638939919,,39.0162139523007,63.4583102800447,591481496.0
XM,Low income,2021,,ST.INT.ARVL,Low income,42.3065290218641,4851947.427,21.7,370630013362.636,1.26742894054632,643.369305022958,,37.1837335976873,62.3799887227483,576076618.0
XM,Low income,2020,,ST.INT.ARVL,Low income,41.1731038852571,3086754.252,18.9,340851227778.848,-1.04416700524115,607.964753680008,,35.8537567712416,62.8180995019214,560643073.0
XM,Low income,2019,17409971.529363,ST.INT.ARVL,Low income,40.0227778795972,6059516.68588695,17.5,356930361600.33,3.45566189269503,654.940947912545,,35.0477537174861,62.7974465200669,544980983.0
XM,Low income,2018,17021655.3602576,ST.INT.ARVL,Low income,38.8874991570558,6322238.46811814,13.8,342687284249.884,2.76929975784364,647.163397218355,,37.3424251325219,62.3399876414984,529522043.0
XN,Lower middle income,2024,,ST.INT.ARVL,Lower middle income,,,53.8,7857490239272.0,5.13216254413686,2517.63261211924,,,,3120983658.0
XN,Lower middle income,2023,,ST.INT.ARVL,Lower middle income,,,50.7,7530591347605.22,6.01632784783916,2443.40827649123,,,69.5963746571515,3082002881.0
XN,Lower middle income,2022,,ST.INT.ARVL,Lower middle income,162.833348484022,,48.5,7377558874199.93,6.12784415126359,2424.15054696003,,93.5033058915742,69.3010946755529,3043358377.0
XN,Lower middle income,2021,,ST.INT.ARVL,Lower middle income,160.795667051507,153270066.455,46.3,6921716347320.78,6.65798348612181,2302.44736874388,,91.4770554315131,66.3662902978306,3006243027.0
XN,Lower middle income,2020,,ST.INT.ARVL,Lower middle income,158.77157989764,148092749.594,42.6,6110254911277.36,-3.60166727252459,2058.43459982702,,78.8509621700048,68.040356336938,2968398856.0
XN,Lower middle income,2019,207722217.280817,ST.INT.ARVL,Lower middle income,156.644254270395,360683101.843184,33.4,6308107724476.6,4.07069813320975,2153.95427108494,1.41297848598119,76.3111910714215,68.5574256254118,2928617292.0
XN,Lower middle income,2018,192813989.629173,ST.INT.ARVL,Lower middle income,154.501586622722,346975005.166943,27.2,6004619221945.02,5.43440527205776,2078.75738872105,1.45096527478018,72.532112730637,68.2810033644819,2888561818.0
ZQ,"Middle East, North Africa, Afghanistan & Pakistan",2024,,ST.INT.ARVL,"Middle East, North Africa, Afghanistan & Pakistan",,,60.5,5025772564328.3,1.94187490391739,6180.85878446824,,,,813118814.0
ZQ,"Middle East, North Africa, Afghanistan & Pakistan",2023,,ST.INT.ARVL,"Middle East, North Africa, Afghanistan & Pakistan",,,58.2,4837112081492.74,2.15375824850238,6063.05247657864,,,72.0839412410497,797801454.0
ZQ,"Middle East, North Africa, Afghanistan & Pakistan",2022,,ST.INT.ARVL,"Middle East, North Africa, Afghanistan & Pakistan",62.0217516719828,,56.2,4994047685350.32,6.37745035943806,6383.39839256713,,293.104275438891,71.6918319737772,782349366.0
ZQ,"Middle East, North Africa, Afghanistan & Pakistan",2021,,ST.INT.ARVL,"Middle East, North Africa, Afghanistan & Pakistan",60.7250479184394,121253526.316,53.6,4279459402701.19,5.08488796918851,5575.27298626728,,296.666557181515,69.7113193479505,767578451.0
ZQ,"Middle East, North Africa, Afghanistan & Pakistan",2020,,ST.INT.ARVL,"Middle East, North Africa, Afghanistan & Pakistan",59.8411578819289,96419409.68,50.7,3561019804742.77,-3.30783118370476,4707.81986084887,,278.42562032687,69.9110789555644,756405281.0
ZQ,"Middle East, North Africa, Afghanistan & Pakistan",2019,152571279.95283,ST.INT.ARVL,"Middle East, North Africa, Afghanistan & Pakistan",58.7580654693081,284913666.143239,46.0,3989483215533.71,1.48601094232231,5371.48987165166,1.11091139839366,274.673549393141,71.2438695042576,742714463.0
ZQ,"Middle East, North Africa, Afghanistan & Pakistan",2018,139804138.011964,ST.INT.ARVL,"Middle East, North Africa, Afghanistan & Pakistan",57.7809296801308,272712361.921165,42.3,4023974471234.97,2.61082409145581,5509.55913785523,1.14621961504151,279.158728738576,70.9403213532696,730362334.0
XQ,"Middle East, North Africa, Afghanistan & Pakistan (excluding high income)",2024,,ST.INT.ARVL,"Middle East, North Africa, Afghanistan & Pakistan (excluding high income)",,,56.9,2153572215659.73,1.96587398658066,2903.59793979158,,,,741690916.0
XQ,"Middle East, North Africa, Afghanistan & Pakistan (excluding high income)",2023,,ST.INT.ARVL,"Middle East, North Africa, Afghanistan & Pakistan (excluding high income)",,,54.4,2039526572152.72,2.83836718283921,2797.40730719316,,,71.2758849884582,729077445.0
XQ,"Middle East, North Africa, Afghanistan & Pakistan (excluding high income)",2022,,ST.INT.ARVL,"Middle East, North Africa, Afghanistan & Pakistan (excluding high income)",71.2696960585184,,52.3,2132297995335.66,4.17918293839318,2975.95566292741,,132.581917579374,71.0055315443397,716508657.0
XQ,"Middle East, North Africa, Afghanistan & Pakistan (excluding high income)",2021,,ST.INT.ARVL,"Middle East, North Africa, Afghanistan & Pakistan (excluding high income)",70.0399427000988,39460765.316,49.6,1915797738870.79,4.46819298146973,2719.53126773593,,136.306827022982,68.9280214782653,704458802.0
XQ,"Middle East, North Africa, Afghanistan & Pakistan (excluding high income)",2020,,ST.INT.ARVL,"Middle East, North Africa, Afghanistan & Pakistan (excluding high income)",68.8541721163342,31123156.245,46.5,1649213376516.37,-2.86087724971401,2381.42542469934,,127.087885839305,69.0506342866219,692532027.0
XQ,"Middle East, North Africa, Afghanistan & Pakistan (excluding high income)",2019,65756226.1253439,ST.INT.ARVL,"Middle East, North Africa, Afghanistan & Pakistan (excluding high income)",67.6570070470602,77266751.2532391,41.5,1819885021237.61,1.21907744890855,2674.37046083008,1.00531614370882,133.839417987858,70.417484585256,680490997.0
XQ,"Middle East, North Africa, Afghanistan & Pakistan (excluding high income)",2018,58807590.7872825,ST.INT.ARVL,"Middle East, North Africa, Afghanistan & Pakistan (excluding high income)",66.4596824458768,75246086.9211654,37.7,1864852275838.18,2.55406846146956,2789.82637461637,1.04099553666645,141.996227893092,70.0733668958653,668447432.0
T3,"Middle East, North Africa, Afghanistan & Pakistan (IDA & IBRD)",2024,,ST.INT.ARVL,"Middle East, North Africa, Afghanistan & Pakistan (IDA & IBRD)",,,56.7,2139861115659.73,2.16135713353849,2905.83377209255,,,,736401764.0
T3,"Middle East, North Africa, Afghanistan & Pakistan (IDA & IBRD)",2023,,ST.INT.ARVL,"Middle East, North Africa, Afghanistan & Pakistan (IDA & IBRD)",,,54.2,2021678672152.72,2.89299751449825,2792.71457545742,,,71.3194560888195,723911670.0
T3,"Middle East, North Africa, Afghanistan & Pakistan (IDA & IBRD)",2022,,ST.INT.ARVL,"Middle East, North Africa, Afghanistan & Pakistan (IDA & IBRD)",70.7680179688465,,52.0,2113132495335.66,4.17989600248718,2970.11428767476,,131.036106017943,70.965432550888,711465045.0
T3,"Middle East, North Africa, Afghanistan & Pakistan (IDA & IBRD)",2021,,ST.INT.ARVL,"Middle East, North Africa, Afghanistan & Pakistan (IDA & IBRD)",69.5921921684118,39460765.316,49.4,1897688738870.79,4.44983157654002,2712.78189413176,,134.701576106449,68.893103228232,699536053.0
T3,"Middle East, North Africa, Afghanistan & Pakistan (IDA & IBRD)",2020,,ST.INT.ARVL,"Middle East, North Africa, Afghanistan & Pakistan (IDA & IBRD)",68.4175628707434,31123156.245,46.3,1633681676516.37,-2.79396103092033,2375.4738441756,,125.776700236826,69.0090964026373,687728758.0
T3,"Middle East, North Africa, Afghanistan & Pakistan (IDA & IBRD)",2019,65078454.6035971,ST.INT.ARVL,"Middle East, North Africa, Afghanistan & Pakistan (IDA & IBRD)",67.2314161863196,77266751.2532391,41.3,1802751521237.61,1.21794283279864,2667.55895258895,1.00531614370882,132.566460218822,70.3800917806817,675805691.0
T3,"Middle East, North Africa, Afghanistan & Pakistan (IDA & IBRD)",2018,58212100.3830495,ST.INT.ARVL,"Middle East, North Africa, Afghanistan & Pakistan (IDA & IBRD)",66.0449357978312,75246086.9211654,37.5,1848575675838.18,2.56469112428024,2784.50967675137,1.04099553666645,140.743453079831,70.0368444388331,663878345.0
XP,Middle income,2024,,ST.INT.ARVL,Middle income,,,,38748293620690.3,4.3554994954611,6524.2573581605,,,,5939111763.0
XP,Middle income,2023,,ST.INT.ARVL,Middle income,,,,37397441616315.5,4.87568310039465,6347.75391928371,,,72.7431938727471,5891444768.0
XP,Middle income,2022,,ST.INT.ARVL,Middle income,93.7815832728045,,,36282529025324.2,3.96278401748734,6205.5459977675,,321.071896340452,72.5175506717212,5846790764.0
XP,Middle income,2021,,ST.INT.ARVL,Middle income,93.061299419413,921375962.628,,34618128912439.9,7.4897638989351,5966.0001578766,,317.446646247624,70.3957107787488,5802569225.0
XP,Middle income,2020,,ST.INT.ARVL,Middle income,92.2979769058255,833242521.054,,29324478257136.1,-1.05760642757627,5096.7359040376,2.81131829473826,278.256215145423,71.5214553857761,5753580097.0
XP,Middle income,2019,790163362.933784,ST.INT.ARVL,Middle income,91.4158140342159,1718046074.11931,,30263574824888.8,4.14501518615187,5310.45350032975,2.54137008019328,274.732197417909,72.1896324078539,5698868246.0
XP,Middle income,2018,758857901.867136,ST.INT.ARVL,Middle income,90.4776322909713,1666389936.8247,,29559838322315.3,5.0380875932462,5240.73875711968,2.52793711685929,266.587803445623,71.9601326916177,5640395313.0
XU,North America,2024,,ST.INT.ARVL,North America,,,94.2,31435123430970.3,2.70006925323977,82406.4788664869,,,,381464223.0
XU,North America,2023,,ST.INT.ARVL,North America,,,93.2,29902627912064.3,2.78414041057677,79326.9076599571,,,78.7328213732191,376954413.0
XU,North America,2022,,ST.INT.ARVL,North America,20.7969661757296,,92.4,28205178461134.3,2.64000633148727,75613.4507146586,,11789.3100248525,77.8327679594239,373018004.0
XU,North America,2021,,ST.INT.ARVL,North America,20.65124212109,691104000.0,91.5,25710839785423.2,6.0467295655091,69412.9137512303,,11429.5591405352,76.8657678890549,370404272.0
XU,North America,2020,,ST.INT.ARVL,North America,20.4090671793574,397121000.0,90.5,23016677094000.2,-2.38760840938158,62262.642409838,2.72147987800578,11053.004803704,77.4498099795241,369670740.0
XU,North America,2019,198713000.0,ST.INT.ARVL,North America,20.3117942386777,1020089000.0,89.7,23291130648672.5,2.53036586266846,63306.7999807977,2.72750118893917,9989.45727296132,79.1334134419141,367908829.0
XU,North America,2018,201364921.875,ST.INT.ARVL,North America,20.1879719521777,980528000.0,89.1,22389071169783.0,2.94789314154824,61228.195827322,2.75769166469205,9663.09312713969,78.9607960728398,365666028.0
OE,OECD members,2024,,ST.INT.ARVL,OECD members,,,,67687054565878.2,1.78452408783704,48454.6975400673,,,,1396914190.0
OE,OECD members,2023,,ST.INT.ARVL,OECD members,,,,64803502836722.8,1.82330715907888,46672.5139916762,,,80.1615573011432,1388472514.0
OE,OECD members,2022,,ST.INT.ARVL,OECD members,39.0565255286911,,,60744315658542.2,3.0534747681364,44046.426245598,,5551.64894212939,79.5215684599377,1379097485.0
OE,OECD members,2021,,ST.INT.ARVL,OECD members,38.8262894312956,1302098734.934,,59193139223744.6,5.95708967391334,43149.6072484462,,5654.94559407424,78.5886217634772,1371811773.0
OE,OECD members,2020,,ST.INT.ARVL,OECD members,38.5630534797704,872244225.3065,,52999808975237.4,-3.90217697222562,38704.9773091343,4.60594576955395,5292.30387213498,78.958047957323,1369327995.0
OE,OECD members,2019,1364524985.83971,ST.INT.ARVL,OECD members,38.4165132279225,2504574292.338,,54181531589081.8,1.85801249341864,39718.0136147565,4.63222682349199,4885.36058686858,80.2450777215729,1364155119.0
OE,OECD members,2018,1331200523.4375,ST.INT.ARVL,OECD members,38.2000604347237,2413352567.63458,,53633758340295.1,2.33792285052236,39539.1861151287,4.68849148158561,4799.82858920173,80.0281711116686,1356470975.0
S4,Other small states,2024,,ST.INT.ARVL,Other small states,,,,205790426259.972,2.9351387274728,15867.6733515992,,,,12969162.0
S4,Other small states,2023,,ST.INT.ARVL,Other small states,,,,194578375098.132,2.68442243093109,15151.4664915358,,,73.5646945094343,12842214.0
S4,Other small states,2022,,ST.INT.ARVL,Other small states,46.1953342694381,,,181571679219.508,4.61997486607761,14298.1028214028,,1146.19053797,72.9049248661262,12699005.0
S4,Other small states,2021,,ST.INT.ARVL,Other small states,45.6204722862817,,,171465890505.668,7.74005616712579,13671.456548983,,1172.49404063857,71.7699719301416,12541889.0
S4,Other small states,2020,,ST.INT.ARVL,Other small states,45.1674062811457,,,145642308336.75,-5.79719347818802,11728.9524519274,,992.511575571232,72.5097097789427,12417333.0
S4,Other small states,2019,51930012.4665974,ST.INT.ARVL,Other small states,44.6748012134527,13862604.4751241,,158082460872.925,4.3378061036871,12871.1657622001,,933.764210955297,72.6570116424877,12281907.0
S4,Other small states,2018,51524462.8351512,ST.INT.ARVL,Other small states,44.1414058010025,16978786.642642,,157519922450.079,4.41884745536811,12980.3425379993,3.09500234952871,918.967151885942,72.4217850423792,12135267.0
S2,Pacific island small states,2024,,ST.INT.ARVL,Pacific island small states,,,,11977251413.7163,4.00145098516238,4399.41105391407,,,,2722467.0
S2,Pacific island small states,2023,,ST.INT.ARVL,Pacific island small states,,,,11168877227.3837,5.05453814756179,4153.19706628517,,,69.2745949035856,2689224.0
S2,Pacific island small states,2022,,ST.INT.ARVL,Pacific island small states,41.4037256430242,,,10328388317.1998,9.37496227830425,3888.62868011839,,219.941936686575,69.1004348993561,2656049.0
S2,Pacific island small states,2021,,ST.INT.ARVL,Pacific island small states,40.9274045206547,449526.842,,9581825673.82542,-2.68886923051545,3649.53388709298,,264.308702277573,67.4810209240703,2625493.0
S2,Pacific island small states,2020,,ST.INT.ARVL,Pacific island small states,40.460202650039,787299.92,,9515415337.73428,-10.1509279374191,3666.08926363725,,227.952101156833,68.3568108792759,2595522.0
S2,Pacific island small states,2019,1752269.77187474,ST.INT.ARVL,Pacific island small states,40.0414029618083,2609710.5531334,,10712120596.8045,1.1536188414301,4170.32120953703,,225.932251105481,68.6421578303985,2568656.0
S2,Pacific island small states,2018,1928869.84006484,ST.INT.ARVL,Pacific island small states,39.626017147311,2681606.0,,10792820189.4419,2.76809485992598,4245.78362603826,,217.301131379356,68.5825887890247,2542009.0
V4,Post-demographic dividend,2024,,ST.INT.ARVL,Post-demographic dividend,,,,63040640005163.4,1.7925252956905,55865.7865373976,,,,1128430188.0
V4,Post-demographic dividend,2023,,ST.INT.ARVL,Post-demographic dividend,,,,60538844740701.7,1.86086159205388,53961.341810452,,,80.8228346378274,1121892872.0
V4,Post-demographic dividend,2022,,ST.INT.ARVL,Post-demographic dividend,35.8682354989274,,,57128680173110.1,2.73537662870143,51102.3562661077,,6984.79144973527,80.1978532076615,1117926537.0
V4,Post-demographic dividend,2021,,ST.INT.ARVL,Post-demographic dividend,35.8247013958893,1067970234.934,,55855082520061.0,5.67921579694656,50022.0389228787,,6837.68285992763,79.7955815488505,1116609473.0
V4,Post-demographic dividend,2020,,ST.INT.ARVL,Post-demographic dividend,35.6359337390826,730930007.4665,,50140341964133.7,-4.07885321043369,44887.3835189149,5.40752668923684,6348.53441356553,80.0659140743109,1117025276.0
V4,Post-demographic dividend,2019,1275198369.71218,ST.INT.ARVL,Post-demographic dividend,35.5674632755163,2176459264.46508,,51135209515081.4,1.83639112828892,45864.970468297,5.48225931156395,5830.5698024451,80.9700933374947,1114907717.0
V4,Post-demographic dividend,2018,1257774889.54502,ST.INT.ARVL,Post-demographic dividend,35.4548360427958,2089907217.41444,,50599156664416.6,2.24541979474166,45528.3268108868,5.53795154466063,5714.04822013046,80.7442826647034,1111377470.0
V1,Pre-demographic dividend,2024,,ST.INT.ARVL,Pre-demographic dividend,,,,1426898998276.72,3.09973287185412,1290.20000126508,,,,1105951788.0
V1,Pre-demographic dividend,2023,,ST.INT.ARVL,Pre-demographic dividend,,,,1527124866810.94,2.28536883876953,1416.33353040951,,,62.1636298902791,1078224044.0
V1,Pre-demographic dividend,2022,,ST.INT.ARVL,Pre-demographic dividend,51.7611956981529,,,1658497791360.45,4.29857927800728,1577.71627123527,,67.5807973137606,61.3832880029503,1051201551.0
V1,Pre-demographic dividend,2021,,ST.INT.ARVL,Pre-demographic dividend,50.4690763570164,15075193.281,,1447970750253.63,3.18732049747442,1412.70908920903,,64.6270770066943,60.2752505117259,1024960313.0
V1,Pre-demographic dividend,2020,,ST.INT.ARVL,Pre-demographic dividend,49.1722883716943,10279740.062,,1318892160079.38,-2.53540855344319,1320.70911111119,,58.7104287611817,60.5012070014439,998624261.0
V1,Pre-demographic dividend,2019,,ST.INT.ARVL,Pre-demographic dividend,47.8761105936639,28357862.0622005,,1435723143391.13,3.34123143574784,1476.62187329691,,57.5729129465807,60.5568008955552,972302503.0
V1,Pre-demographic dividend,2018,,ST.INT.ARVL,Pre-demographic dividend,46.5966013671188,28768397.3600062,,1362634002287.22,2.62073084017263,1439.93370870327,,56.0676660532705,60.2074724802348,946317177.0
S1,Small states,2024,,ST.INT.ARVL,Small states,,,75.7,309361541400.629,6.19207435277293,15291.69576976,,,,20230689.0
S1,Small states,2023,,ST.INT.ARVL,Small states,,,73.5,285189556483.076,4.65816169044288,14222.966048012,,,72.9007197557042,20051342.0
S1,Small states,2022,,ST.INT.ARVL,Small states,26.9157002086878,,72.3,269954645297.005,7.67919806073043,13598.1107991474,,976.579804644009,72.3794678577605,19852364.0
S1,Small states,2021,,ST.INT.ARVL,Small states,26.6359353738561,5843535.584,70.7,243009421520.273,6.9162272557131,12369.0639776112,,980.511980680234,70.7756825891382,19646549.0
S1,Small states,2020,,ST.INT.ARVL,Small states,26.399502296387,6944153.031,66.4,208338277477.527,-6.94107249427533,10699.2911713647,,846.764545494012,71.8255552822673,19472157.0
S1,Small states,2019,79086475.9232005,ST.INT.ARVL,Small states,26.157554001711,22982275.579338,62.7,230723882097.479,3.19524875897925,11958.5107041682,,814.855753907928,72.0009607335469,19293697.0
S1,Small states,2018,78864839.6236104,ST.INT.ARVL,Small states,25.8745222195669,26125093.8846304,58.3,229205977078.088,3.39672634992898,12009.7862050813,,797.345744494367,71.8640735615265,19084934.0
8S,South Asia,2024,,ST.INT.ARVL,South Asia,,,52.3,4514924632400.27,6.2248422535276,2691.64556264089,,,,1677384532.0
8S,South Asia,2023,,ST.INT.ARVL,South Asia,,,48.9,4210278492152.87,8.50511785369001,2532.37560051691,,,72.3247648783903,1662580579.0
8S,South Asia,2022,,ST.INT.ARVL,South Asia,492.382623595388,,47.3,3930640282535.14,7.10115392632341,2385.08341578414,,79.0444496715748,72.0115731308447,1648009565.0
8S,South Asia,2021,,ST.INT.ARVL,South Asia,488.431572059838,91438001.434,45.6,3717045071833.11,9.24659959715393,2273.72055798689,1.57563128461018,75.0718153271172,67.8215299767513,1634785356.0
8S,South Asia,2020,,ST.INT.ARVL,South Asia,484.334799417988,75515185.694,42.5,3172770463749.49,-4.98750173641923,1957.20343722686,1.63092446124431,63.8982524233205,70.3622206982499,1621073417.0
8S,South Asia,2019,27102764.1528023,ST.INT.ARVL,South Asia,479.655227185199,182499352.675124,29.7,3318484576527.33,4.09454306494122,2067.05975687637,1.56307928270365,60.8005548786456,70.9975623145981,1605412986.0
8S,South Asia,2018,26712613.6296487,ST.INT.ARVL,South Asia,474.800737015142,181588446.62766,20.9,3159841615195.07,6.39366632536145,1988.3663331799,1.57813687399807,57.6271200102098,70.6523573971364,1589164714.0
T5,South Asia (IDA & IBRD),2024,,ST.INT.ARVL,South Asia (IDA & IBRD),,,52.3,4514924632400.27,6.2248422535276,2691.64556264089,,,,1677384532.0
T5,South Asia (IDA & IBRD),2023,,ST.INT.ARVL,South Asia (IDA & IBRD),,,48.9,4210278492152.87,8.50511785369001,2532.37560051691,,,72.3247648783903,1662580579.0
T5,South Asia (IDA & IBRD),2022,,ST.INT.ARVL,South Asia (IDA & IBRD),492.382623595388,,47.3,3930640282535.14,7.10115392632341,2385.08341578414,,79.0444496715748,72.0115731308447,1648009565.0
T5,South Asia (IDA & IBRD),2021,,ST.INT.ARVL,South Asia (IDA & IBRD),488.431572059838,91438001.434,45.6,3717045071833.11,9.24659959715393,2273.72055798689,1.57563128461018,75.0718153271172,67.8215299767513,1634785356.0
T5,South Asia (IDA & IBRD),2020,,ST.INT.ARVL,South Asia (IDA & IBRD),484.334799417988,75515185.694,42.5,3172770463749.49,-4.98750173641923,1957.20343722686,1.63092446124431,63.8982524233205,70.3622206982499,1621073417.0
T5,South Asia (IDA & IBRD),2019,26260132.181425,ST.INT.ARVL,South Asia (IDA & IBRD),479.655227185199,182499352.675124,29.7,3318484576527.33,4.09454306494122,2067.05975687637,1.56307928270365,60.8005548786456,70.9975623145981,1605412986.0
T5,South Asia (IDA & IBRD),2018,25882111.5392904,ST.INT.ARVL,South Asia (IDA & IBRD),474.800737015142,181588446.62766,20.9,3159841615195.07,6.39366632536145,1988.3663331799,1.57813687399807,57.6271200102098,70.6523573971364,1589164714.0
ZG,Sub-Saharan Africa,2024,,ST.INT.ARVL,Sub-Saharan Africa,,,37.4,1860829213452.29,3.4284375945618,1441.32038465812,,,,1291058694.0
ZG,Sub-Saharan Africa,2023,,ST.INT.ARVL,Sub-Saharan Africa,,,34.8,1946245643472.37,2.57466153784003,1544.75911473464,,,62.6029134885664,1259902353.0
ZG,Sub-Saharan Africa,2022,,ST.INT.ARVL,Sub-Saharan Africa,51.4509903312293,,32.9,2085278582815.11,3.75065831797936,1696.43999286939,,85.2331865877916,61.8571795894802,1229208573.0
ZG,Sub-Saharan Africa,2021,,ST.INT.ARVL,Sub-Saharan Africa,50.1870490616922,31483072.692,30.8,1943719394821.09,4.31482574912398,1621.10097013513,,84.2222592284782,60.7034363660672,1199011925.0
ZG,Sub-Saharan Africa,2020,,ST.INT.ARVL,Sub-Saharan Africa,48.9314926208051,24494981.602,27.8,1730702407679.05,-1.99429357937267,1480.47864226138,,74.5919860889771,61.1675270829902,1169015451.0
ZG,Sub-Saharan Africa,2019,56014499.1539477,ST.INT.ARVL,Sub-Saharan Africa,47.6882621146341,66236333.920235,24.8,1843035420525.45,2.6966970225991,1617.66888069241,,75.8174834634606,61.1293218424873,1139315618.0
ZG,Sub-Saharan Africa,2018,56673405.0653589,ST.INT.ARVL,Sub-Saharan Africa,46.4610849355483,64951730.3600062,22.0,1790131601908.14,2.77483897499333,1612.7355316349,,76.2443732764131,60.7667275136709,1109997000.0
ZF,Sub-Saharan Africa (excluding high income),2024,,ST.INT.ARVL,Sub-Saharan Africa (excluding high income),,,38.7,1745534471319.04,3.19564992818877,1506.22853698028,,,,1158877573.0
ZF,Sub-Saharan Africa (excluding high income),2023,,ST.INT.ARVL,Sub-Saharan Africa (excluding high income),,,36.3,1825737943161.89,2.34397090114797,1614.13902501696,,,62.0654798813283,1131090888.0
ZF,Sub-Saharan Africa (excluding high income),2022,,ST.INT.ARVL,Sub-Saharan Africa (excluding high income),48.4892611584016,,34.4,1956487528375.04,3.653276276141,1772.65535427221,,91.7746729217248,61.2833535992957,1103704408.0
ZF,Sub-Saharan Africa (excluding high income),2021,,ST.INT.ARVL,Sub-Saharan Africa (excluding high income),47.3061257586537,24279553.692,32.5,1830970332357.42,4.2444845352626,1700.42199943914,,90.7683186875985,60.1774746494858,1076774079.0
ZF,Sub-Saharan Africa (excluding high income),2020,,ST.INT.ARVL,Sub-Saharan Africa (excluding high income),46.1298310381034,19405309.602,29.1,1621662123503.33,-2.39734821680698,1544.4411207735,,79.779039329591,60.6222294256854,1049999318.0
ZF,Sub-Saharan Africa (excluding high income),2019,55555231.2954125,ST.INT.ARVL,Sub-Saharan Africa (excluding high income),44.9646949255304,53191029.920235,26.0,1745254110180.65,2.41858916335194,1705.21463047615,,81.3995046511567,60.6065912895076,1023480610.0
ZF,Sub-Saharan Africa (excluding high income),2018,56247033.3736039,ST.INT.ARVL,Sub-Saharan Africa (excluding high income),43.8116831200619,52995285.3600062,22.8,1704078107124.46,2.58418521542021,1708.80108637029,,82.1395534161548,60.2582610385453,997236086.0
T6,Sub-Saharan Africa (IDA & IBRD countries),2024,,ST.INT.ARVL,Sub-Saharan Africa (IDA & IBRD countries),,,37.1,1860829213452.29,3.42843759456181,1441.32038465812,,,,1291058694.0
T6,Sub-Saharan Africa (IDA & IBRD countries),2023,,ST.INT.ARVL,Sub-Saharan Africa (IDA & IBRD countries),,,34.7,1946245643472.37,2.57466153784,1544.75911473464,,,62.6029134885664,1259902353.0
T6,Sub-Saharan Africa (IDA & IBRD countries),2022,,ST.INT.ARVL,Sub-Saharan Africa (IDA & IBRD countries),51.4509903312293,,32.9,2085278582815.11,3.75065831797934,1696.43999286939,,85.2331865877916,61.8571795894802,1229208573.0
T6,Sub-Saharan Africa (IDA & IBRD countries),2021,,ST.INT.ARVL,Sub-Saharan Africa (IDA & IBRD countries),50.1870490616922,31483072.692,30.9,1943719394821.09,4.31482574912401,1621.10097013513,,84.2222592284782,60.7034363660672,1199011925.0
T6,Sub-Saharan Africa (IDA & IBRD countries),2020,,ST.INT.ARVL,Sub-Saharan Africa (IDA & IBRD countries),48.9314926208051,24494981.602,27.7,1730702407679.05,-1.99429357937267,1480.47864226138,,74.591986088977,61.1675270829902,1169015451.0
T6,Sub-Saharan Africa (IDA & IBRD countries),2019,56014499.1539477,ST.INT.ARVL,Sub-Saharan Africa (IDA & IBRD countries),47.6882621146341,66236333.920235,25.0,1843035420525.45,2.6966970225991,1617.66888069241,,75.8174834634606,61.1293218424873,1139315618.0
T6,Sub-Saharan Africa (IDA & IBRD countries),2018,56673405.0653589,ST.INT.ARVL,Sub-Saharan Africa (IDA & IBRD countries),46.4610849355483,64951730.3600062,22.1,1790131601908.14,2.77483897499333,1612.7355316349,,76.2443732764131,60.7667275136709,1109997000.0
XT,Upper middle income,2024,,ST.INT.ARVL,Upper middle income,,,80.7,30891808644564.4,4.1542622629821,10961.8184459945,,,,2818128105.0
XT,Upper middle income,2023,,ST.INT.ARVL,Upper middle income,,,78.5,29868066574997.4,4.58498208066551,10631.3167441564,,,76.1953051028563,2809441887.0
XT,Upper middle income,2022,,ST.INT.ARVL,Upper middle income,64.2182728867798,,76.5,28905818138526.2,3.42505615924939,10310.8668761078,,572.957237243075,76.0092804332746,2803432387.0
XT,Upper middle income,2021,,ST.INT.ARVL,Upper middle income,64.0535425057839,768105896.173,74.1,27697767122738.2,7.6983651962929,9905.05583452615,,561.506115096318,74.7276149865895,2796326198.0
XT,Upper middle income,2020,,ST.INT.ARVL,Upper middle income,63.8203213249238,685149771.46,70.3,23214223345858.7,-0.398382933666042,8334.90582376743,3.75073081597228,490.915631545518,75.2315516201179,2785181241.0
XT,Upper middle income,2019,573310641.28494,ST.INT.ARVL,Upper middle income,63.4736737537186,1357362972.27612,64.5,23955467100412.2,4.16428972743392,8647.39963930799,3.58035123899753,484.631837383598,76.029480770985,2770250954.0
XT,Upper middle income,2018,556608632.209134,ST.INT.ARVL,Upper middle income,63.051503494143,1319414931.65775,59.5,23555219100370.3,4.93578649722562,8559.82716365995,3.46182445802664,470.41850798846,75.8220642064272,2751833495.0
1W,World,2024,,ST.INT.ARVL,World,,,67.6,111252997846886.0,2.86326302627853,13663.9924550685,,,,8142056446.0
1W,World,2023,,ST.INT.ARVL,World,,,65.4,106939249843452.0,2.94333273070461,13259.7098707258,,,73.3297162833404,8064976601.0
1W,World,2022,,ST.INT.ARVL,World,61.5978420781725,,63.7,102434886179161.0,3.35991138278709,12819.7448379733,,1235.60315069913,72.9690157226638,7990399768.0
1W,World,2021,,ST.INT.ARVL,World,61.0315500482907,2279974770.123,61.7,98365745535038.5,6.41954127739832,12418.5659245064,,1245.90985835296,71.2154841745704,7920861888.0
1W,World,2020,,ST.INT.ARVL,World,60.4493566980575,1771894087.0245,58.6,86116567565730.4,-2.84908234670674,10963.1756422364,3.28374238702316,1158.07092985814,72.1822239463873,7855075060.0
1W,World,2019,2403074088.46029,ST.INT.ARVL,World,59.8567522747398,4455690101.02828,52.9,88492389499432.0,2.71004016031682,11376.8233409998,3.04372477263058,1084.16397702769,72.8689103086688,7778303912.0
1W,World,2018,2339399881.49679,ST.INT.ARVL,World,59.2347954923675,4293921426.12931,48.5,87188987385051.5,3.29609128087935,11326.9339016063,3.05173044623924,1066.64776000779,72.6436120803356,7697492379.0
AF,Afghanistan,2024,,ST.INT.ARVL,Afghanistan,,,,,,,,,,42647492.0
AF,Afghanistan,2023,,ST.INT.ARVL,Afghanistan,63.5585008355948,,17.7089,17152234636.8715,2.26694373649188,413.757894705303,,,66.035,41454761.0
AF,Afghanistan,2022,,ST.INT.ARVL,Afghanistan,62.2155405301811,,17.1917,14497243872.1337,-6.24017199240269,357.261152798144,,80.6516037,65.617,40578842.0
AF,Afghanistan,2021,,ST.INT.ARVL,Afghanistan,61.3286907992579,293212.994,16.5143,14259995441.0759,-20.7388393676343,356.496214115892,0.36,81.52112579,60.417,40000412.0
AF,Afghanistan,2020,,ST.INT.ARVL,Afghanistan,59.9006163469942,449041.025,17.0485,19955929052.1496,-2.35110067203466,510.787063366811,0.34,80.0892334,61.454,39068979.0
AF,Afghanistan,2019,,ST.INT.ARVL,Afghanistan,58.0410606687825,1066747.35619248,17.6,18799444490.1128,3.91160341625552,496.6025042585,0.38,74.0642395,62.941,37856121.0
AF,Afghanistan,2018,,ST.INT.ARVL,Afghanistan,56.3344817012404,1125367.0,16.8,18053222687.4126,1.18922812944517,491.337221382603,0.4,71.22509003,62.443,36743039.0
AL,Albania,2024,,ST.INT.ARVL,Albania,,,,27177735527.5667,3.96171911223713,10011.6279856667,,,,2714617.0
AL,Albania,2023,,ST.INT.ARVL,Albania,100.21795620438,,83.1356,23547180412.3404,3.93661689192599,8575.17134637222,,,79.602,2745972.0
AL,Albania,2022,,ST.INT.ARVL,Albania,101.375510948905,,82.6137,19017244116.7203,4.82669611912765,6846.42669381643,,414.35025024,78.769,2777689.0
AL,Albania,2021,,ST.INT.ARVL,Albania,102.615547445255,193259.0,79.3237,18032009220.4405,8.96957619074095,6413.28280828537,,465.57043457,76.844,2811666.0
AL,Albania,2020,2658000.0,ST.INT.ARVL,Albania,103.571131386861,124714.0,72.2377,15241455556.3737,-3.31375636888916,5370.77749956875,2.91,396.17477417,77.824,2837849.0
AL,Albania,2019,6406000.0,ST.INT.ARVL,Albania,104.167554744526,307741.0,68.5504,15585111614.0376,2.06257790176122,5460.4305086932,2.85,366.34014893,79.467,2854191.0
AL,Albania,2018,5927000.0,ST.INT.ARVL,Albania,104.612262773723,303137.0,65.4,15379508329.7568,3.67141928098908,5365.48880180298,2.84,349.21127319,79.238,2866376.0
DZ,Algeria,2024,,ST.INT.ARVL,Algeria,,,,263619794506.723,3.29999999939609,5631.17999109851,,,,46814308.0
DZ,Algeria,2023,,ST.INT.ARVL,Algeria,19.3825602290762,,76.9081,247626161016.414,4.10000000005964,5364.02795022731,,,76.261,46164219.0
DZ,Algeria,2022,,ST.INT.ARVL,Algeria,19.0941870229328,,74.8319,225638456572.143,3.60000000094915,4961.55257664733,,179.69688416,76.129,45477389.0
DZ,Algeria,2021,,ST.INT.ARVL,Algeria,18.7934447084904,1949936.0,72.2124,186231205262.082,3.79999999900707,4160.55926736925,,208.52682495,75.208,44761099.0
DZ,Algeria,2020,591000.0,ST.INT.ARVL,Algeria,18.4915612115512,1460077.0,63.4727,164873415325.201,-4.99999999908597,3743.5419522929,,211.07276917,73.257,44042091.0
DZ,Algeria,2019,2371000.0,ST.INT.ARVL,Algeria,18.1776961381175,6752002.0,55.7907,193459662090.677,0.899999999219148,4468.45341883656,,242.07002258,75.682,43294546.0
DZ,Algeria,2018,2657000.0,ST.INT.ARVL,Algeria,17.846203680417,6442442.0,49.0385,194554483655.528,1.40000000088281,4577.21029180491,,271.53778076,75.555,42505035.0
AS,American Samoa,2024,,ST.INT.ARVL,American Samoa,,,,,,,,,,46765.0
AS,American Samoa,2023,,ST.INT.ARVL,American Samoa,237.605,,,,,,,,72.852,47521.0
AS,American Samoa,2022,,ST.INT.ARVL,American Samoa,241.71,,,871000000.0,1.73501577287065,18017.4589383973,,,72.752,48342.0
AS,American Samoa,2021,,ST.INT.ARVL,American Samoa,246.125,,,750000000.0,-0.782472613458523,15236.1604875571,,,72.708,49225.0
AS,American Samoa,2020,899.999976158142,ST.INT.ARVL,American Samoa,248.805,,,721000000.0,4.41176470588236,14489.2586563775,,,72.672,49761.0
AS,American Samoa,2019,19200.0007629395,ST.INT.ARVL,American Samoa,251.045,,,647000000.0,-0.487804878048777,12886.1359517218,,,72.751,50209.0
AS,American Samoa,2018,20200.0007629395,ST.INT.ARVL,American Samoa,254.54,,,639000000.0,2.6711185308848,12552.0546868861,,,72.794,50908.0
AD,Andorra,2024,,ST.INT.ARVL,Andorra,,,,4039844390.22543,3.37182032638998,49303.6733899464,,,,81938.0
AD,Andorra,2023,,ST.INT.ARVL,Andorra,172.034042553191,,95.4456,3785067331.7625,2.58355480961319,46812.4484486309,,3654.07470703,84.041,80856.0
AD,Andorra,2022,,ST.INT.ARVL,Andorra,169.585106382979,,94.4855,3380612573.32922,9.56461225648184,42414.0590092117,,3192.31567383,84.016,79705.0
AD,Andorra,2021,,ST.INT.ARVL,Andorra,166.731914893617,,93.8975,3324647529.381,8.28677879049404,42425.6996756291,,3535.98974609,82.331,78364.0
AD,Andorra,2020,5207000.0,ST.INT.ARVL,Andorra,164.63829787234,,93.2056,2891001149.3611,-11.1839399355384,37361.0900666982,,3282.81738281,79.418,77380.0
AD,Andorra,2019,8235000.0,ST.INT.ARVL,Andorra,162.710638297872,,90.7187,3155149347.80639,2.01554763848308,41257.8045846483,,3021.43261719,84.098,76474.0
AD,Andorra,2018,8328000.0,ST.INT.ARVL,Andorra,159.91914893617,,,3218419896.9641,1.58876549046354,42819.7745797624,,3158.13647461,84.242,75162.0
AO,Angola,2024,,ST.INT.ARVL,Angola,,,,80396942241.6233,4.42390452944746,2122.08368991872,,,,37885849.0
AO,Angola,2023,,ST.INT.ARVL,Angola,29.4777460495709,,44.7581,84875162197.0107,1.07809951970673,2309.53413042773,,,64.617,36749906.0
AO,Angola,2022,,ST.INT.ARVL,Angola,28.5834835966953,,42.0719,104399746853.401,3.04472652391918,2929.69445467272,,101.25614166,64.246,35635029.0
AO,Angola,2021,,ST.INT.ARVL,Angola,27.6990687414775,311488.0,39.3876,66505129987.7235,1.19921052145153,1925.87466082167,,67.04656982,62.958,34532429.0
AO,Angola,2020,,ST.INT.ARVL,Angola,26.8317413972888,356695.0,36.6347,48501561203.5686,-5.63821471714934,1449.92286669308,,55.93916321,63.116,33451132.0
AO,Angola,2019,218000.0,ST.INT.ARVL,Angola,25.969063928772,1436959.0,32.1294,70897962732.0277,-0.702272957616017,2189.85571407618,0.75,64.61397552,63.051,32375632.0
AO,Angola,2018,218000.0,ST.INT.ARVL,Angola,25.1039985561883,1516628.0,29.0,79450688259.3664,-1.31636168896895,2538.59139143371,,84.03104401,62.622,31297155.0
AG,Antigua and Barbuda,2024,,ST.INT.ARVL,Antigua and Barbuda,,,,2224814814.81481,4.32752145036402,23725.7903725506,,,,93772.0
AG,Antigua and Barbuda,2023,,ST.INT.ARVL,Antigua and Barbuda,212.081818181818,,77.5756,2005785185.18518,2.42736300110336,21494.5474000727,,,77.598,93316.0
AG,Antigua and Barbuda,2022,,ST.INT.ARVL,Antigua and Barbuda,211.0,,77.1648,1866566666.66667,9.10780623385958,20105.1989085164,,1084.88330078,77.483,92840.0
AG,Antigua and Barbuda,2021,,ST.INT.ARVL,Antigua and Barbuda,209.884090909091,40633.0,76.0528,1602125925.92593,8.17286311186622,17348.6006987182,,843.4654541,77.197,92349.0
AG,Antigua and Barbuda,2020,384500.0,ST.INT.ARVL,Antigua and Barbuda,208.740909090909,356.0,75.0089,1411637037.03704,-18.8687765208148,15369.6082250401,3.29,883.50018311,77.161,91846.0
AG,Antigua and Barbuda,2019,1035000.0,ST.INT.ARVL,Antigua and Barbuda,207.645454545455,526333.995080553,73.9792,1726448148.14815,3.1722219373937,18896.3721832248,,808.14996338,77.168,91364.0
AG,Antigua and Barbuda,2018,1064000.0,ST.INT.ARVL,Antigua and Barbuda,206.65,580174.156834825,72.9637,1661529629.62963,6.71200487159726,18273.4270684912,,856.37127686,77.132,90926.0
AR,Argentina,2024,,ST.INT.ARVL,Argentina,,,89.6672,633266692533.689,-1.71910514722377,13858.2039802008,,,,45696159.0
AR,Argentina,2023,,ST.INT.ARVL,Argentina,16.6399559321662,,89.229,646075277525.125,-1.61100162090189,14187.4827252965,,,77.395,45538401.0
AR,Argentina,2022,,ST.INT.ARVL,Argentina,16.5922716858687,,88.3754,632790070063.124,5.26987967384072,13935.6811110049,,1370.88464355,75.806,45407904.0
AR,Argentina,2021,,ST.INT.ARVL,Argentina,16.5573305708721,6708097.0,87.1507,486564085480.036,10.4418119882506,10738.0179223384,3.34,1080.88208008,73.948,45312281.0
AR,Argentina,2020,,ST.INT.ARVL,Argentina,16.5133665121004,3680874.0,85.5144,385740508436.965,-9.9004848136464,8535.59938004389,3.2,891.99621582,75.878,45191965.0
AR,Argentina,2019,7399000.0,ST.INT.ARVL,Argentina,16.4335255363231,19461377.0,79.947,447754683615.225,-2.00086100285785,9955.97478680428,3.71,1011.08013916,76.847,44973465.0
AR,Argentina,2018,6942000.0,ST.INT.ARVL,Argentina,16.3171137395905,18084553.0,77.7,524819892360.176,-2.61739646282038,11752.7998922979,3.71,1209.5357666,76.77,44654882.0
AM,Armenia,2024,,ST.INT.ARVL,Armenia,,,,25786585949.6346,5.90000000046228,8500.60522486719,,,,3033500.0
AM,Armenia,2023,,ST.INT.ARVL,Armenia,105.119108748259,,79.9966,24085749592.3359,8.29999999959539,8125.27395754003,,,77.4658536585366,2964300.0
AM,Armenia,2022,,ST.INT.ARVL,Armenia,105.297053157777,,77.0277,19513506553.1251,12.5999999997766,6571.97445545099,,674.78619385,74.7658536585366,2969200.0
AM,Armenia,2021,,ST.INT.ARVL,Armenia,105.056940272915,179200.0,78.6123,13878908628.9378,5.80000000065645,4685.17997128509,,595.83544922,72.2780487804878,2962300.0
AM,Armenia,2020,375000.0,ST.INT.ARVL,Armenia,105.027376627853,54940.0,76.5077,12641698583.2152,-7.19999999920631,4268.68093304583,4.59,535.2723999,73.3756097560976,2961500.0
AM,Armenia,2019,1894000.0,ST.INT.ARVL,Armenia,104.056902002107,193668.0,66.5439,13619290539.2116,7.59999999853918,4597.22887399548,4.18,533.69952393,76.2219512195122,2962500.0
AM,Armenia,2018,1652000.0,ST.INT.ARVL,Armenia,104.285212504391,53259.0,68.2451,12457940694.7395,5.19999999965324,4196.00562301769,4.28,428.34570313,75.619512195122,2969000.0
AW,Aruba,2024,,ST.INT.ARVL,Aruba,,,,,,,,,,107624.0
AW,Aruba,2023,,ST.INT.ARVL,Aruba,596.438888888889,,,3648573136.15155,4.26371941452948,33984.7906198041,,,76.353,107359.0
AW,Aruba,2022,,ST.INT.ARVL,Aruba,596.166666666667,,,3279343543.60416,8.51791810517545,30559.5335346581,,,76.226,107310.0
AW,Aruba,2021,,ST.INT.ARVL,Aruba,598.333333333333,,,2929446578.25104,24.1326273569798,27200.0610793969,,,73.655,107700.0
AW,Aruba,2020,,ST.INT.ARVL,Aruba,603.261111111111,,,2481857122.8401,-26.2118202145169,22855.9323200761,,,75.406,108587.0
AW,Aruba,2019,1951000.0,ST.INT.ARVL,Aruba,606.683333333333,,,3395798882.68156,-2.23244202651868,31096.2050738676,,,76.019,109203.0
AW,Aruba,2018,1897000.0,ST.INT.ARVL,Aruba,605.044444444444,274280.0,,3276184357.5419,2.39708619981323,30082.1276448186,,,75.88,108908.0
AU,Australia,2024,,ST.INT.ARVL,Australia,,,,1752193307380.34,1.4311125201703,64407.484256932,,,,27204809.0
AU,Australia,2023,,ST.INT.ARVL,Australia,3.46499060064846,,97.0631,1728057316695.61,3.44199220009025,64835.9199754535,,,83.0512195121951,26652777.0
AU,Australia,2022,,ST.INT.ARVL,Australia,3.38199835673854,,97.0424,1690858246994.43,4.24238555336139,64997.0136536475,,6730.99511719,83.2,26014399.0
AU,Australia,2021,,ST.INT.ARVL,Australia,3.33922844714392,24572955.0,96.9722,1556735770437.26,2.11116814768786,60607.7788605166,,7039.57763672,83.3,25685412.0
AU,Australia,2020,1828000.0,ST.INT.ARVL,Australia,3.33452695130798,23346254.0,94.6935,1328414058378.38,-0.119590735829973,51791.540179984,,5952.890625,83.2,25649248.0
AU,Australia,2019,9466000.0,ST.INT.ARVL,Australia,3.29365056253104,76850596.719,93.6099,1392723834562.64,2.17154505737176,54972.7017885437,,5529.19482422,82.9,25334826.0
AU,Australia,2018,9246000.0,ST.INT.ARVL,Australia,3.24534491589985,75667645.0347507,90.0,1427809041019.44,2.87846971467883,57196.4220783778,,5830.1015625,82.7487804878049,24963258.0
AT,Austria,2024,,ST.INT.ARVL,Austria,,,94.9197,521642466921.745,-1.17354053552188,56833.1960472053,,,,9178482.0
AT,Austria,2023,,ST.INT.ARVL,Austria,110.661185167232,,95.3347,511685203845.001,-0.954962529389121,56033.573792065,,6208.64453125,81.5414634146342,9131761.0
AT,Austria,2022,,ST.INT.ARVL,Austria,109.571631119729,,93.6141,471773629830.381,5.27789448538658,52176.6649141178,,5851.96240234,81.2951219512195,9041851.0
AT,Austria,2021,,ST.INT.ARVL,Austria,108.528805138148,18901048.0,92.5292,480467037338.783,4.79532885699543,53648.7190742245,,6520.49072266,81.190243902439,8955797.0
AT,Austria,2020,15091000.0,ST.INT.ARVL,Austria,108.057004362579,13285414.0,87.5294,434397601557.696,-6.31825509209936,48716.4098900349,7.06,5531.0234375,81.1926829268293,8916864.0
AT,Austria,2019,31884000.0,ST.INT.ARVL,Austria,107.609306834707,46476602.0,87.7522,442983642371.842,1.75497619649288,49885.9947355204,7.19,5263.390625,81.8951219512195,8879920.0
AT,Austria,2018,30816000.0,ST.INT.ARVL,Austria,107.131858943286,12935505.0,87.4791,452582294972.775,2.48422114080024,51194.0749841299,7.27,5337.21826172,81.6926829268293,8840521.0
AZ,Azerbaijan,2024,,ST.INT.ARVL,Azerbaijan,,,,74315882352.9412,4.07140210544654,7283.83562954872,,,,10202850.0
AZ,Azerbaijan,2023,,ST.INT.ARVL,Azerbaijan,122.854906231095,,89.0,72428470588.2353,1.35447731755447,7133.02838048328,,,74.429,10153958.0
AZ,Azerbaijan,2022,,ST.INT.ARVL,Azerbaijan,122.707271627344,,88.0,78807470588.2353,4.71468037857544,7770.594223351,,304.20162964,74.125,10141756.0
AZ,Azerbaijan,2021,,ST.INT.ARVL,Azerbaijan,122.658802177858,1102455.0,86.0,54825411764.7059,5.61644026860644,5408.04535175023,,250.9887085,70.999,10137750.0
AZ,Azerbaijan,2020,796000.0,ST.INT.ARVL,Azerbaijan,122.124736829369,545265.0,84.6,42693000000.0,-4.19896079231232,4229.91064904503,,245.21949768,70.312,10093121.0
AZ,Azerbaijan,2019,3170000.0,ST.INT.ARVL,Azerbaijan,121.280071139933,2585280.0,81.1,48174235294.1176,2.47980893443938,4805.75371765917,3.9,199.25746155,73.29,10024283.0
AZ,Azerbaijan,2018,2850000.0,ST.INT.ARVL,Azerbaijan,120.25759188908,2279546.0,79.8,47112470051.7701,1.5004017069941,4739.7943123408,3.9,180.03610229,73.016,9939771.0
BS,"Bahamas, The",2024,,ST.INT.ARVL,"Bahamas, The",,,,15832800000.0,3.37850660746146,39455.4466548546,,,,401283.0
BS,"Bahamas, The",2023,,ST.INT.ARVL,"Bahamas, The",39.9040959040959,,94.8186,15271300000.0,3.0487749628502,38231.774484278,,,74.552,399440.0
BS,"Bahamas, The",2022,,ST.INT.ARVL,"Bahamas, The",39.7140859140859,,94.7326,13896800000.0,10.8774550145968,34957.1613279737,,2341.32348633,74.491,397538.0
BS,"Bahamas, The",2021,,ST.INT.ARVL,"Bahamas, The",39.5977022977023,1065149.134,94.3479,12037000000.0,17.5868973691568,30367.8605757708,2.68,2037.53186035,70.752,396373.0
BS,"Bahamas, The",2020,1794500.0,ST.INT.ARVL,"Bahamas, The",39.5467532467532,1272798.762,92.4437,10363200000.0,-20.0895554324841,26178.7537607708,2.69,1871.10473633,72.994,395863.0
BS,"Bahamas, The",2019,7250000.0,ST.INT.ARVL,"Bahamas, The",39.4280719280719,1856546.0,90.6933,13277000000.0,-0.839051301013157,33640.3369861278,2.7,1941.60742188,71.408,394675.0
BS,"Bahamas, The",2018,6622000.0,ST.INT.ARVL,"Bahamas, The",39.2324675324675,1830394.86207463,83.0,12819200000.0,2.39852000603884,32642.3353203452,2.72,1941.9576416,74.062,392717.0
BH,Bahrain,2024,,ST.INT.ARVL,Bahrain,,,100.0,47736702127.6596,3.01724839092739,30048.2177718844,,,,1588670.0
BH,Bahrain,2023,,ST.INT.ARVL,Bahrain,1971.32375,,100.0,46192260638.2979,3.87811614845566,29290.1284215098,,,81.284,1577059.0
BH,Bahrain,2022,,ST.INT.ARVL,Bahrain,1929.99113924051,,100.0,46458191489.3617,6.18016125475185,30470.5219276023,,1110.67590332,80.992,1524693.0
BH,Bahrain,2021,,ST.INT.ARVL,Bahrain,1904.25949367089,1840268.0,100.0,40840212765.9574,4.35004091668986,27147.8083882286,,1175.28198242,78.083,1504365.0
BH,Bahrain,2020,1909000.0,ST.INT.ARVL,Bahrain,1875.41910828025,1451359.0,99.671,35837632978.7234,-5.9113629524152,24342.8444554718,,1101.79211426,78.683,1472204.0
BH,Bahrain,2019,11061000.0,ST.INT.ARVL,Bahrain,1902.25128205128,6440562.0,99.7015,40446808510.6383,2.05287774418655,27259.7438599327,1.74,1030.26379395,80.471,1483756.0
BH,Bahrain,2018,12045000.0,ST.INT.ARVL,Bahrain,1931.99357326478,5877003.0,98.6447,39567978723.4043,2.05258864979861,26324.4066549559,1.8,1041.8560791,80.412,1503091.0
BD,Bangladesh,2024,,ST.INT.ARVL,Bangladesh,,,,450119424622.389,4.22325911250161,2593.41607390407,,,,173562364.0
BD,Bangladesh,2023,,ST.INT.ARVL,Bangladesh,1319.17979689183,,44.5027,437415333018.291,5.77511237007889,2551.01773827307,,,74.672,171466990.0
BD,Bangladesh,2022,,ST.INT.ARVL,Bangladesh,1300.36002610164,,41.6165,460131689083.083,7.09982877575158,2716.48592780431,,61.09237671,74.265,169384897.0
BD,Bangladesh,2021,,ST.INT.ARVL,Bangladesh,1287.99918568026,3750753.0,38.9174,416271647911.014,6.93867912442445,2482.84917843357,,58.53958511,71.103,167658854.0
BD,Bangladesh,2020,,ST.INT.ARVL,Bangladesh,1277.54493354844,2984121.694,36.1091,373979442362.193,3.44801755122445,2248.85078828233,,51.00624084,71.421,166298024.0
BD,Bangladesh,2019,323000.0,ST.INT.ARVL,Bangladesh,1266.90523930245,6260241.0,30.4,351231654603.692,7.88191515117722,2129.79896954606,0.88,47.84217072,72.625,164913055.0
BD,Bangladesh,2018,267000.0,ST.INT.ARVL,Bangladesh,1256.22726434662,5677396.0,25.6,321362752441.78,7.31941263014136,1965.24372731467,0.88,44.78892899,72.122,163523103.0
BB,Barbados,2024,,ST.INT.ARVL,Barbados,,,,7165000000.0,3.80000031896743,25365.7949424181,,,,282467.0
BB,Barbados,2023,,ST.INT.ARVL,Barbados,656.595348837209,,79.9923,6720733200.0,4.09382010970572,23804.0249914995,,,76.178,282336.0
BB,Barbados,2022,,ST.INT.ARVL,Barbados,656.553488372093,,79.4451,6257303500.0,17.8328630251327,22164.0260273876,,1302.0592041,75.676,282318.0
BB,Barbados,2021,,ST.INT.ARVL,Barbados,656.155813953488,,77.8697,5275242050.0,-0.254965880216531,18696.7858952957,,1391.49853516,76.58,282147.0
BB,Barbados,2020,,ST.INT.ARVL,Barbados,655.111627906977,,76.002,5168344450.0,-15.0543629495892,18347.1109131055,5.66,1234.30041504,76.647,281698.0
BB,Barbados,2019,966000.0,ST.INT.ARVL,Barbados,653.96976744186,,74.1791,5788288000.0,0.652585417698418,20583.7265786414,5.74,1168.11938477,76.495,281207.0
BB,Barbados,2018,1356000.0,ST.INT.ARVL,Barbados,652.816279069767,,72.4,5629916200.0,-1.17406509373819,20055.915870771,6.06,1169.35559082,76.378,280711.0
BY,Belarus,2024,,ST.INT.ARVL,Belarus,,,94.2618,75961865471.9129,4.00984852465452,8316.64776291533,,,,9133712.0
BY,Belarus,2023,,ST.INT.ARVL,Belarus,45.217077292187,,91.5125,72478760370.4258,4.12654007153881,7896.75388295584,,,74.1837804878049,9178298.0
BY,Belarus,2022,,ST.INT.ARVL,Belarus,45.4607172767131,,89.5073,73775179924.603,-4.65839591573585,7994.64806074889,,529.01873779,74.1033658536585,9228071.0
BY,Belarus,2021,,ST.INT.ARVL,Belarus,45.8368317319537,1040730.0,86.8884,69673747131.87,2.43886212396822,7489.71894713888,,484.03930664,72.0714634146342,9302585.0
BY,Belarus,2020,3598000.0,ST.INT.ARVL,Belarus,46.211212927382,1227674.0,85.0879,61371673344.7424,-0.67274295062424,6542.85579976768,,420.43655396,72.1385609756098,9379952.0
BY,Belarus,2019,11832000.0,ST.INT.ARVL,Belarus,46.4107506220284,3208254.0,82.7892,64410170653.4569,1.4464554769185,6837.77339645635,9.69,400.11621094,74.2268292682927,9419758.0
BY,Belarus,2018,11502000.0,ST.INT.ARVL,Belarus,46.5010592176569,2760168.0,79.1299,60031026576.26,3.14919759374968,6360.037502312,9.71,349.99176025,74.1756097560976,9438785.0
BE,Belgium,2024,,ST.INT.ARVL,Belgium,,,95.7758,664564181486.953,1.01889862506124,55954.6106261018,,,,11876844.0
BE,Belgium,2023,,ST.INT.ARVL,Belgium,386.5489276579,,94.6263,644655275111.58,1.201691781997,54690.0942734964,,,82.3975609756098,11787423.0
BE,Belgium,2022,,ST.INT.ARVL,Belgium,383.033055683085,,94.0078,593614574325.878,4.2593607365269,50822.2518538518,,5404.62402344,81.7487804878049,11680210.0
BE,Belgium,2021,,ST.INT.ARVL,Belgium,379.949990161999,5404284.479,92.7887,598522422241.851,6.20759981274431,51658.238294958,5.48,5743.62109375,81.790243902439,11586195.0
BE,Belgium,2020,2584000.0,ST.INT.ARVL,Belgium,378.38932248967,3520849.848,91.5264,529694473501.791,-4.7929839083518,45906.2875805246,5.52,5144.98144531,80.6951219512195,11538604.0
BE,Belgium,2019,9343000.0,ST.INT.ARVL,Belgium,376.761985964452,14279187.0,90.2754,536726344405.489,2.4428900448156,46716.6227467964,5.56,5033.16601563,81.9951219512195,11488980.0
BE,Belgium,2018,9119000.0,ST.INT.ARVL,Belgium,374.74351490506,13639487.0,88.6473,542638913427.921,1.87796847383565,47487.2100392561,5.61,5176.85498047,81.5951219512195,11427054.0
BZ,Belize,2024,,ST.INT.ARVL,Belize,,,,3515783328.91079,8.15178982706797,8429.67959707387,,,,417072.0
BZ,Belize,2023,,ST.INT.ARVL,Belize,18.0230600613766,,72.3595,3066850000.0,1.14901682065862,7459.99815132837,,,73.566,411106.0
BZ,Belize,2022,,ST.INT.ARVL,Belize,17.6559842174485,,71.8096,2846700000.0,9.65297772389758,7068.45478269722,,297.4163208,72.19,402733.0
BZ,Belize,2021,,ST.INT.ARVL,Belize,17.3321350284963,670361.821,70.6537,2420550000.0,17.7461701205679,6122.61158580079,,310.2124939,70.917,395346.0
BZ,Belize,2020,487000.0,ST.INT.ARVL,Belize,17.1333625602806,971426.138,64.4359,2042850000.0,-13.9029100645218,5227.19363786168,,280.52630615,71.58,390812.0
BZ,Belize,2019,1674000.0,ST.INT.ARVL,Belize,16.9149057430951,1278187.556,58.7652,2388300000.0,4.26763689618086,6190.04792278445,,299.69824219,72.577,385829.0
BZ,Belize,2018,1697000.0,ST.INT.ARVL,Belize,16.6692678649715,1297533.22307894,53.5936,2293250000.0,1.11057125008675,6031.28139580144,1.03,287.49368286,72.322,380226.0
BJ,Benin,2024,,ST.INT.ARVL,Benin,,,,21482643720.2743,7.45311566226201,1485.38018980894,,,,14462724.0
BJ,Benin,2023,,ST.INT.ARVL,Benin,125.142195814118,,32.2083,19673290995.8491,6.3527773854442,1394.17784663045,,,60.774,14111034.0
BJ,Benin,2022,,ST.INT.ARVL,Benin,122.024663001064,,30.0134,17425405083.8797,6.25294705373625,1266.42710981159,,33.88216782,60.475,13759501.0
BJ,Benin,2021,,ST.INT.ARVL,Benin,118.955454061724,,28.2047,17687623534.6665,7.1554516457574,1318.65158107487,0.45,34.03829193,59.61,13413417.0
BJ,Benin,2020,,ST.INT.ARVL,Benin,115.911395885066,,22.1206,15686741893.5187,3.84879240030133,1200.19426631122,0.47,32.55360031,60.154,13070169.0
BJ,Benin,2019,337000.0,ST.INT.ARVL,Benin,112.865865555161,,20.5,14391686313.4641,6.86568662848335,1130.82135339795,0.42,28.372015,59.888,12726755.0
BJ,Benin,2018,322000.0,ST.INT.ARVL,Benin,109.820388435615,,19.0,14262408089.9261,6.69725362180888,1151.7409703472,0.46,33.21631241,59.71,12383347.0
BM,Bermuda,2024,,ST.INT.ARVL,Bermuda,,,,8980200000.0,2.10536882220231,138934.958846463,,,,64636.0
BM,Bermuda,2023,,ST.INT.ARVL,Bermuda,1198.11111111111,,,8579242000.0,4.91721557264164,132604.439086216,,,82.309,64698.0
BM,Bermuda,2022,,ST.INT.ARVL,Bermuda,1199.05555555556,,,7874381000.0,6.47622571186707,121613.939983629,,,82.062,64749.0
BM,Bermuda,2021,,ST.INT.ARVL,Bermuda,1197.18518518519,,,7290037000.0,4.60742917109469,112765.08167306,,,81.745,64648.0
BM,Bermuda,2020,51400.0015258789,ST.INT.ARVL,Bermuda,1192.25925925926,,,6887364000.0,-6.82757303480177,106976.546239632,,,81.456,64382.0
BM,Bermuda,2019,805000.0,ST.INT.ARVL,Bermuda,1187.16666666667,,,7423465000.0,0.307106461240664,115798.040775578,,,81.251,64107.0
BM,Bermuda,2018,766000.0,ST.INT.ARVL,Bermuda,1182.05555555556,,,7225977000.0,-0.432801300339307,113204.82210838,,,80.986,63831.0
BT,Bhutan,2024,,ST.INT.ARVL,Bhutan,,,,,,,,,,791524.0
BT,Bhutan,2023,,ST.INT.ARVL,Bhutan,20.6183796539067,,88.426,3019253885.46989,4.88259396253632,3839.4093039286,,,72.975,786385.0
BT,Bhutan,2022,,ST.INT.ARVL,Bhutan,20.4749344520189,,86.2903,2898227743.75576,5.21386783786224,3711.32767981591,,154.48924255,72.754,780914.0
BT,Bhutan,2021,,ST.INT.ARVL,Bhutan,20.3314630309386,22380.0,85.6369,2768802960.11204,4.42136738945015,3570.61257980872,2.2,103.67519379,72.448,775442.0
BT,Bhutan,2020,29799.9992370605,ST.INT.ARVL,Bhutan,20.1889355007866,48825.0,76.8508,2457604333.90927,-10.2183974208569,3191.66906999331,2.12,134.13723755,72.253,770006.0
BT,Bhutan,2019,316000.0,ST.INT.ARVL,Bhutan,20.0530676455165,276092.0,74.1794,2735683570.46155,5.75514851246506,3576.87987100503,2.08,115.71811676,72.005,764824.0
BT,Bhutan,2018,274000.0,ST.INT.ARVL,Bhutan,19.920267435763,275849.0,63.5,2583335721.85904,3.50187185732737,3400.20417245342,1.72,102.01222992,71.711,759759.0
BO,Bolivia,2024,,ST.INT.ARVL,Bolivia,,,,49668296743.8495,1.38468278972252,4001.21133990795,,,,12413315.0
BO,Bolivia,2023,,ST.INT.ARVL,Bolivia,11.3026483891812,,70.2368,45135398002.8944,3.08196521047731,3686.27996442176,,,68.581,12244159.0
BO,Bolivia,2022,,ST.INT.ARVL,Bolivia,11.1484851841595,,67.3612,44008282879.8842,3.60568042633635,3643.92826984604,,307.13800049,67.434,12077154.0
BO,Bolivia,2021,,ST.INT.ARVL,Bolivia,11.0194405981723,4311879.56,65.9774,40406111693.1983,6.11137269714146,3384.84486462654,1.35,276.20880127,61.427,11937360.0
BO,Bolivia,2020,323299.987792969,ST.INT.ARVL,Bolivia,10.9076885442629,2627202.201,59.9401,36629843806.0781,-8.7378843576993,3099.94219053514,1.36,248.69514465,62.906,11816299.0
BO,Bolivia,2019,1239000.0,ST.INT.ARVL,Bolivia,10.7739185821102,4066959.0,47.4748,40895322850.9407,2.21670563961031,3503.89601123129,1.26,241.34619141,67.82,11671386.0
BO,Bolivia,2018,1142000.0,ST.INT.ARVL,Bolivia,10.6234357980246,4122113.0,44.2861,40287647930.5355,4.22362365271844,3500.72642189887,1.25,231.18806458,67.699,11508368.0
BA,Bosnia and Herzegovina,2024,,ST.INT.ARVL,Bosnia and Herzegovina,,,86.1009,28343394203.4694,2.48004708382834,8957.37294188215,,,,3164253.0
BA,Bosnia and Herzegovina,2023,,ST.INT.ARVL,Bosnia and Herzegovina,62.20845703125,,83.3772,27592361387.8597,1.99439520319464,8663.02322987879,,,77.85,3185073.0
BA,Bosnia and Herzegovina,2022,,ST.INT.ARVL,Bosnia and Herzegovina,62.5937890625,,78.8455,24534663636.1778,4.22681101095546,7655.59421024383,,667.29681396,76.777,3204802.0
BA,Bosnia and Herzegovina,2021,,ST.INT.ARVL,Bosnia and Herzegovina,63.37708984375,,75.6762,23672712242.2149,7.38996234012757,7295.3438240957,,697.07427979,74.567,3244907.0
BA,Bosnia and Herzegovina,2020,197000.0,ST.INT.ARVL,Bosnia and Herzegovina,64.44041015625,1593.0,73.2118,20226036564.4129,-3.01509514759861,6130.31133245161,,594.8225708,76.04,3299349.0
BA,Bosnia and Herzegovina,2019,1198000.0,ST.INT.ARVL,Bosnia and Herzegovina,65.34244140625,5375.0,69.9463,20482608755.379,2.88734334414875,6122.3753450882,2.34,546.4508667,77.394,3345533.0
BA,Bosnia and Herzegovina,2018,1053000.0,ST.INT.ARVL,Bosnia and Herzegovina,66.15234375,,70.1201,20484053868.9246,3.82749920546897,6047.84584261133,2.38,529.85546875,77.942,3387000.0
BW,Botswana,2024,,ST.INT.ARVL,Botswana,,,,19400774882.4495,-2.98986879467928,7695.2420641819,,,,2521139.0
BW,Botswana,2023,,ST.INT.ARVL,Botswana,4.37641204806522,,81.36,19411266967.1044,3.20806812224438,7826.35376483298,,,69.163,2480244.0
BW,Botswana,2022,,ST.INT.ARVL,Botswana,4.30521059411007,,80.3696,20321150598.0672,5.48601706446772,8328.70905682185,,477.83258057,68.749,2439892.0
BW,Botswana,2021,,ST.INT.ARVL,Botswana,4.23736347114146,172017.0,78.738,18750182234.5317,11.916272413183,7807.88794500125,2.22,492.14260864,63.303,2401441.0
BW,Botswana,2020,,ST.INT.ARVL,Botswana,4.17464048135797,,69.523,14960251610.8975,-8.72888241149465,6323.29749806946,2.26,386.28860474,67.643,2365894.0
BW,Botswana,2019,,ST.INT.ARVL,Botswana,4.11498067863004,254439.0,61.3865,16725908148.5481,3.03177337082403,7172.08956480028,2.3,438.28546143,67.167,2332083.0
BW,Botswana,2018,1830000.0,ST.INT.ARVL,Botswana,4.05685423393856,253417.0,54.2022,17031943186.1353,4.1886923900019,7407.95940141786,2.35,447.4473877,66.371,2299141.0
BR,Brazil,2024,,ST.INT.ARVL,Brazil,,,84.4635,2179412080828.59,3.39586645454844,10280.3148624429,,,,211998573.0
BR,Brazil,2023,,ST.INT.ARVL,Brazil,25.2616884857157,,84.1506,2191131765684.63,3.24165532906981,10377.5892792557,,,75.848,211140729.0
BR,Brazil,2022,,ST.INT.ARVL,Brazil,25.161867951482,,80.5278,1951923942083.32,3.01669435393015,9281.33334441234,,848.57122803,74.872,210306415.0
BR,Brazil,2021,,ST.INT.ARVL,Brazil,25.0714027283582,61896523.0,80.6899,1670647398904.9,4.76260437908608,7972.5366498646,2.46,768.27075195,73.038,209550294.0
BR,Brazil,2020,,ST.INT.ARVL,Brazil,24.9649852718428,45405756.0,81.3427,1476107231310.49,-3.2767587964736,7074.19378337644,2.43,680.76843262,74.506,208660842.0
BR,Brazil,2019,6353000.0,ST.INT.ARVL,Brazil,24.8207686159839,102917546.0,73.9124,1873288205059.69,1.22077782360842,9029.83326681073,2.24,868.17248535,75.809,207455459.0
BR,Brazil,2018,6621000.0,ST.INT.ARVL,Brazil,24.659465024515,102109977.0,70.4343,1916933898010.99,1.783666761634,9300.66164923219,2.26,880.28430176,75.633,206107261.0
VG,British Virgin Islands,2024,,ST.INT.ARVL,British Virgin Islands,,,,,,,,,,39471.0
VG,British Virgin Islands,2023,,ST.INT.ARVL,British Virgin Islands,259.9,,,,,,,,77.276,38985.0
VG,British Virgin Islands,2022,,ST.INT.ARVL,British Virgin Islands,255.46,,,,,,,,77.177,38319.0
VG,British Virgin Islands,2021,,ST.INT.ARVL,British Virgin Islands,252.06,,,,,,,,75.297,37809.0
VG,British Virgin Islands,2020,83000.0,ST.INT.ARVL,British Virgin Islands,247.566666666667,,,,,,,,76.894,37135.0
VG,British Virgin Islands,2019,302399.993896484,ST.INT.ARVL,British Virgin Islands,242.633333333333,,,,,,,,76.845,36395.0
VG,British Virgin Islands,2018,192000.0,ST.INT.ARVL,British Virgin Islands,231.046666666667,,,,,,,,76.728,34657.0
BN,Brunei Darussalam,2024,,ST.INT.ARVL,Brunei Darussalam,,,,15463134387.2013,4.20037273472056,33417.8357740437,,,,462721.0
BN,Brunei Darussalam,2023,,ST.INT.ARVL,Brunei Darussalam,87.0870967741936,,99.0336,15095084686.1651,1.12764419161606,32890.5492465722,,,75.327,458949.0
BN,Brunei Darussalam,2022,,ST.INT.ARVL,Brunei Darussalam,86.4079696394687,,98.9704,16681536442.5498,-1.62833154022366,36632.9280421411,,665.86773682,72.917,455370.0
BN,Brunei Darussalam,2021,,ST.INT.ARVL,Brunei Darussalam,85.715559772296,27881.0,97.6288,14006496614.3195,-1.59076248075436,31006.9636220576,3.87,665.54083252,74.869,451721.0
BN,Brunei Darussalam,2020,1071000.0,ST.INT.ARVL,Brunei Darussalam,84.896394686907,280622.0,96.3055,12005799664.2691,1.13357340605403,26834.3592463839,3.88,657.90374756,75.114,447404.0
BN,Brunei Darussalam,2019,4449000.0,ST.INT.ARVL,Brunei Darussalam,84.0,1421313.0,95.0,13469235348.2211,3.86884416432889,30426.5730284202,3.7,677.82629395,75.049,442680.0
BN,Brunei Darussalam,2018,4521000.0,ST.INT.ARVL,Brunei Darussalam,83.0759013282732,1234455.0,95.0,13566908401.1864,0.0523710544736673,30988.1190497851,3.45,747.7253418,74.992,437810.0
BG,Bulgaria,2024,,ST.INT.ARVL,Bulgaria,,,82.439,112211952703.831,2.81082775188881,17412.4115085691,,,,6444366.0
BG,Bulgaria,2023,,ST.INT.ARVL,Bulgaria,59.3827929255711,,80.3896,102396840296.147,1.88681483907177,15883.8618545581,,,75.7073170731707,6446596.0
BG,Bulgaria,2022,,ST.INT.ARVL,Bulgaria,59.5532148120855,,79.1269,90509236929.2237,4.03877758301681,13999.6719197289,,1011.09472656,74.1609756097561,6465097.0
BG,Bulgaria,2021,,ST.INT.ARVL,Bulgaria,59.9419767870302,41126.0,75.2714,84414122840.1687,7.78061481406978,12972.2173356002,,1047.45739746,71.2121951219512,6507301.0
BG,Bulgaria,2020,4973000.0,ST.INT.ARVL,Bulgaria,60.3417096536478,443067.0,70.1625,70550652466.6251,-3.21573743445016,10769.9475699414,7.77,856.70440674,73.3560975609756,6550696.0
BG,Bulgaria,2019,12552000.0,ST.INT.ARVL,Bulgaria,60.9499447310243,832828.0,67.947,68634004792.1,3.78885036478003,10372.8044341114,7.66,697.8961792,75.1121951219512,6616726.0
BG,Bulgaria,2018,12368000.0,ST.INT.ARVL,Bulgaria,61.816488577745,1022645.0,64.782,66251582035.9412,2.5494643471818,9872.38507789106,7.47,689.90539551,74.9634146341464,6710798.0
BF,Burkina Faso,2024,,ST.INT.ARVL,Burkina Faso,,,,23250214909.5391,4.98510300625183,987.321378101867,,,,23548781.0
BF,Burkina Faso,2023,,ST.INT.ARVL,Burkina Faso,84.1585380116959,,17.0226,20324617844.5265,2.96018147384929,882.689810086163,,,61.092,23025776.0
BF,Burkina Faso,2022,,ST.INT.ARVL,Burkina Faso,82.2698757309942,,14.6238,18820218690.5948,1.4972397409897,836.118304593682,,56.75708389,60.7,22509038.0
BF,Burkina Faso,2021,,ST.INT.ARVL,Burkina Faso,80.3919700292398,112940.0,12.5631,19697516284.3787,6.94252492572348,895.535288442991,,57.22399521,60.046,21995243.0
BF,Burkina Faso,2020,67000.0,ST.INT.ARVL,Burkina Faso,78.5039839181287,70228.0,10.7927,17725010532.5268,2.01077262406221,825.237038782475,0.2,54.28778839,60.454,21478690.0
BF,Burkina Faso,2019,143000.0,ST.INT.ARVL,Burkina Faso,76.6153216374269,185841.0,9.27181,16032813503.3707,5.88920497068135,764.853077774946,,41.05052185,60.184,20961952.0
BF,Burkina Faso,2018,144000.0,ST.INT.ARVL,Burkina Faso,74.7013450292398,189545.336876033,8.5,15890066221.2882,6.60456906812341,777.465618514048,,38.91588593,59.972,20438288.0
BI,Burundi,2024,,ST.INT.ARVL,Burundi,,,,2162378759.3467,3.48923174838968,153.930217854023,,,,14047786.0
BI,Burundi,2023,,ST.INT.ARVL,Burundi,533.078271028037,,11.0784,2629391599.50157,2.66553960418187,192.074305359351,,,63.651,13689450.0
BI,Burundi,2022,,ST.INT.ARVL,Burundi,518.734306853583,,11.0009,3338722827.65691,1.84899943948213,250.634225368744,,24.68718529,62.882,13321097.0
BI,Burundi,2021,,ST.INT.ARVL,Burundi,504.886331775701,,10.9847,2775798697.46022,3.09999999870627,214.091455416133,,23.21740532,62.101,12965481.0
BI,Burundi,2020,,ST.INT.ARVL,Burundi,491.317601246106,,9.17302,2649680261.44299,0.327156892638385,210.008139902508,,26.21934319,62.569,12617036.0
BI,Burundi,2019,,ST.INT.ARVL,Burundi,477.232710280374,,6.1,2576518879.82353,1.81256532401552,210.236494521532,,22.24477386,62.18,12255336.0
BI,Burundi,2018,,ST.INT.ARVL,Burundi,461.816433021807,,4.0,2667182199.51333,1.60993542127714,224.89939239264,,18.67819214,61.806,11859446.0
CV,Cabo Verde,2024,,ST.INT.ARVL,Cabo Verde,,,,2767599017.44874,7.27188147204411,5272.85253011419,,,,524877.0
CV,Cabo Verde,2023,,ST.INT.ARVL,Cabo Verde,129.610669975186,,73.539,2539203428.73837,5.3911442736601,4861.29184126229,,,76.059,522331.0
CV,Cabo Verde,2022,,ST.INT.ARVL,Cabo Verde,128.967990074442,,72.7601,2247003344.34242,15.843675684642,4323.31362032709,,285.9694519,75.907,519741.0
CV,Cabo Verde,2021,,ST.INT.ARVL,Cabo Verde,128.200744416873,76354.068,70.2825,2051842618.70539,7.03353010694514,3971.44409203423,,282.93057251,74.424,516649.0
CV,Cabo Verde,2020,180000.0,ST.INT.ARVL,Cabo Verde,127.711910669975,226645.666,69.3734,1821565613.68613,-20.8052758990735,3539.22661248299,,235.4349823,73.818,514679.0
CV,Cabo Verde,2019,758000.0,ST.INT.ARVL,Cabo Verde,127.569230769231,675482.0,61.9434,2252177124.32402,6.94782634051859,4380.78117331128,,195.76327515,75.449,514104.0
CV,Cabo Verde,2018,710000.0,ST.INT.ARVL,Cabo Verde,127.398263027295,561944.0,59.5,2205099506.99994,3.70696458310842,4294.96510035729,1.97,204.45397949,74.84,513415.0
KH,Cambodia,2024,,ST.INT.ARVL,Cambodia,,,,46352647034.7775,6.01581457354608,2627.8796974226,,,,17638801.0
KH,Cambodia,2023,,ST.INT.ARVL,Cambodia,98.7076818490823,,60.7171,42335646895.7984,5.00733043812642,2429.74853452838,,,70.668,17423880.0
KH,Cambodia,2022,,ST.INT.ARVL,Cambodia,97.4491502379334,,59.6606,39994532959.6074,5.12990110767267,2325.03050040841,,109.52975464,70.528,17201724.0
KH,Cambodia,2021,,ST.INT.ARVL,Cambodia,96.160803308407,50217.459,57.9592,36790163687.4421,3.08984284151994,2167.40324198499,,119.6354599,69.301,16974305.0
KH,Cambodia,2020,1306000.0,ST.INT.ARVL,Cambodia,94.7511556764106,609564.382,53.6508,34818073901.4851,-3.55572193406549,2081.73914242939,,110.01118469,70.059,16725474.0
KH,Cambodia,2019,6611000.0,ST.INT.ARVL,Cambodia,93.3679129843644,1429503.73046387,52.3059,36685356407.7206,7.93695013588524,2225.87705485686,,112.5851059,70.127,16481304.0
KH,Cambodia,2018,6201000.0,ST.INT.ARVL,Cambodia,92.1964763199638,1411059.0,,33145892168.8958,8.77622376224463,2036.67377566578,0.74,91.59080505,69.993,16274522.0
CM,Cameroon,2024,,ST.INT.ARVL,Cameroon,,,,51326764684.8595,3.67074284680984,1762.3683508844,,,,29123744.0
CM,Cameroon,2023,,ST.INT.ARVL,Cameroon,60.0213386642973,,41.9088,49279410982.826,3.24834497823876,1736.86091073524,,,63.7,28372687.0
CM,Cameroon,2022,,ST.INT.ARVL,Cameroon,58.4560745488777,,41.775,44347206072.5513,3.7367840056412,1604.87726954895,,71.97737885,62.443,27632771.0
CM,Cameroon,2021,,ST.INT.ARVL,Cameroon,56.9392608576083,177992.0,42.0405,45011937346.8384,3.33885747179505,1672.32657340872,,72.56921387,61.146,26915758.0
CM,Cameroon,2020,,ST.INT.ARVL,Cameroon,55.4474371178947,40884.0,41.2264,40773241177.0505,0.259932915907115,1555.60370660749,,66.17185211,61.674,26210558.0
CM,Cameroon,2019,1021000.0,ST.INT.ARVL,Cameroon,53.9571724736096,83882.0,36.5392,39667757527.6578,3.47505998194981,1555.22660476477,,56.79493713,61.695,25506095.0
CM,Cameroon,2018,997000.0,ST.INT.ARVL,Cameroon,52.4769583888642,265136.0,29.7,39955552189.795,3.95551423892049,1610.69641591017,,58.32909393,61.189,24806383.0
CA,Canada,2024,,ST.INT.ARVL,Canada,,,,2241253230970.34,1.5280811085284,54282.6176051733,,,,41288599.0
CA,Canada,2023,,ST.INT.ARVL,Canada,4.56079784268436,,93.9564,2173339670064.33,1.52874550838358,54220.3285039875,,6112.01953125,81.6465853658537,40083484.0
CA,Canada,2022,,ST.INT.ARVL,Canada,4.43022676846405,,94.0,2190411080134.32,4.18903628100851,56256.8007264015,,6255.02783203,81.2453658536585,38935934.0
CA,Canada,2021,,ST.INT.ARVL,Canada,4.351026204103,24951000.0,93.9371,2022378748423.23,5.95052802804381,52886.6616372703,,6483.37695313,81.5168292682927,38239864.0
CA,Canada,2020,,ST.INT.ARVL,Canada,4.24162135453439,27620000.0,92.3,1655684730000.19,-5.03823343468899,43537.839298904,2.56,5649.16943359,81.5351219512195,38028638.0
CA,Canada,2019,32430000.0,ST.INT.ARVL,Canada,4.19587500655283,93352000.0,91.9129,1743725183672.52,1.90843194590616,46352.8693445211,2.53,5103.84130859,82.1636585365854,37618495.0
CA,Canada,2018,31274000.0,ST.INT.ARVL,Canada,4.13498944297029,91504000.0,94.64,1725329192783.02,2.74296344906655,46539.1761570405,2.56,5062.38476563,81.8087804878049,37072620.0
KY,Cayman Islands,2024,,ST.INT.ARVL,Cayman Islands,,,,,,,,,,74457.0
KY,Cayman Islands,2023,,ST.INT.ARVL,Cayman Islands,304.325,,,7139428557.71423,4.35967595700366,97749.5078960846,,,80.358,73038.0
KY,Cayman Islands,2022,,ST.INT.ARVL,Cayman Islands,298.295833333333,,,6600843963.37585,5.15632954248333,92202.1478031576,,,79.984,71591.0
KY,Cayman Islands,2021,,ST.INT.ARVL,Cayman Islands,292.116666666667,,,6060026520.10608,4.90492941270442,86438.445257404,,,79.3,70108.0
KY,Cayman Islands,2020,660000.0,ST.INT.ARVL,Cayman Islands,286.183333333333,,,5655358021.43209,-4.95480640759244,82338.7982853661,,,79.23,68684.0
KY,Cayman Islands,2019,2334000.0,ST.INT.ARVL,Cayman Islands,280.529166666667,,,5941896607.58643,3.91563534249416,88254.2903677044,,,79.052,67327.0
KY,Cayman Islands,2018,2384000.0,ST.INT.ARVL,Cayman Islands,274.754166666667,,,5530178440.71376,4.26726745249641,83865.5531568184,,,78.835,65941.0
CF,Central African Republic,2024,,ST.INT.ARVL,Central African Republic,,,,2751544520.37918,1.53963247482849,516.170424537757,,,,5330690.0
CF,Central African Republic,2023,,ST.INT.ARVL,Central African Republic,8.27060419275097,,,2555492085.94725,0.69996838992121,495.978897288721,,,57.408,5152421.0
CF,Central African Republic,2022,,ST.INT.ARVL,Central African Republic,8.18331086070179,,,2382618615.01694,0.453901881507008,467.359825026238,,47.91517639,18.818,5098039.0
CF,Central African Republic,2021,,ST.INT.ARVL,Central African Republic,8.20588140871296,,,2516498412.46384,0.982919996264229,492.263142830507,,46.24643707,40.279,5112100.0
CF,Central African Republic,2020,,ST.INT.ARVL,Central African Republic,8.06868278275386,,,2326720900.38047,0.899999996857062,462.879071294011,,42.634758,50.596,5026628.0
CF,Central African Republic,2019,87000.0,ST.INT.ARVL,Central African Republic,7.93717775851552,,7.50916,2221301351.43918,3.09999999999999,449.228467602439,,35.76098633,31.53,4944703.0
CF,Central African Republic,2018,109000.0,ST.INT.ARVL,Central African Republic,7.83116151401329,,5.1,2220979146.11241,3.78944359275462,455.243962859534,,51.3541069,52.297,4878657.0
TD,Chad,2024,,ST.INT.ARVL,Chad,,,,20625711664.6472,3.65445110463405,1016.08880662712,,,,20299123.0
TD,Chad,2023,,ST.INT.ARVL,Chad,15.342331639136,,13.1832,19107685020.89,4.11745179201004,989.058528968588,,,55.069,19319064.0
TD,Chad,2022,,ST.INT.ARVL,Chad,14.6563818297332,,12.4865,17828508289.6049,12.8966164300082,966.036468278568,,40.17007446,54.528,18455316.0
TD,Chad,2021,,ST.INT.ARVL,Chad,14.1584124841169,,13.1283,16871937697.5854,0.29397916326441,946.358500208374,,37.59156799,53.136,17828273.0
TD,Chad,2020,10399.9996185303,ST.INT.ARVL,Chad,13.6790652795426,,8.34311,14932897821.2387,-0.408894363255357,866.947814890409,,37.73088074,53.082,17224679.0
TD,Chad,2019,81000.0,ST.INT.ARVL,Chad,13.2506535895807,,7.6,14905517742.8454,5.38865646919793,893.336441643325,,30.23999405,52.993,16685223.0
TD,Chad,2018,63000.0,ST.INT.ARVL,Chad,12.830790184244,,7.0,15327000248.8701,5.74111580758154,948.656629871231,,31.2043705,52.447,16156531.0
JG,Channel Islands,2024,,ST.INT.ARVL,Channel Islands,,,,,,,,,,168126.0
JG,Channel Islands,2023,,ST.INT.ARVL,Channel Islands,,,,12507927159.7265,3.71500590367266,74589.1381155014,,,81.1,167691.0
JG,Channel Islands,2022,,ST.INT.ARVL,Channel Islands,,,,11308300382.1028,5.34196140375869,67627.3084478235,,,81.0,167215.0
JG,Channel Islands,2021,,ST.INT.ARVL,Channel Islands,842.126262626263,,,11157003025.7186,9.93680136985076,66912.1753241171,,,80.3,166741.0
JG,Channel Islands,2020,,ST.INT.ARVL,Channel Islands,839.570707070707,,,9439810769.23077,-8.89677926591959,56785.9402005039,,,80.9,166235.0
JG,Channel Islands,2019,,ST.INT.ARVL,Channel Islands,836.560606060606,,,10032440898.6469,1.57335596156342,60568.108347955,,,81.2,165639.0
JG,Channel Islands,2018,,ST.INT.ARVL,Channel Islands,833.075757575758,,,10026153281.7503,1.1222435658518,60783.3529257544,,,81.1,164949.0
CL,Chile,2024,,ST.INT.ARVL,Chile,,,,330267137371.592,2.64431154871538,16709.8893972307,,,,19764771.0
CL,Chile,2023,,ST.INT.ARVL,Chile,26.4647249005172,,94.4574,335518054097.637,0.521367977246825,17067.0364799154,,1714.8927002,81.167,19658835.0
CL,Chile,2022,,ST.INT.ARVL,Chile,26.3222982801325,,93.5377,301226575540.242,2.15399356192458,15405.6165774073,,1547.28967285,79.176,19553036.0
CL,Chile,2021,,ST.INT.ARVL,Chile,26.192118041714,10302876.0,90.2328,315325547162.072,11.3149204879049,16206.8325493421,1.97,1576.69287109,78.876,19456334.0
CL,Chile,2020,,ST.INT.ARVL,Chile,26.0767352343796,8019753.0,87.4593,254042159309.311,-6.14347479224092,13114.815470545,2.03,1270.97814941,79.349,19370624.0
CL,Chile,2019,5431000.0,ST.INT.ARVL,Chile,25.84400416762,21197759.0,85.0176,278285058719.466,0.634367533828438,14495.716721687,2.04,1348.99401855,80.324,19197744.0
CL,Chile,2018,6603000.0,ST.INT.ARVL,Chile,25.4526848895971,19517185.0,84.9,295857562991.709,3.99002947789977,15659.4808675628,2.07,1430.70263672,80.559,18893191.0
CN,China,2024,,ST.INT.ARVL,China,,,92.0,18743803170827.2,4.9773565917572,13303.1481543868,,,,1408975000.0
CN,China,2023,,ST.INT.ARVL,China,150.264001337848,,90.6,18270356654533.2,5.41484330099675,12951.1782397043,,,77.953,1410710000.0
CN,China,2022,,ST.INT.ARVL,China,150.42004812419,,75.6113,18316765021690.2,3.1341888719577,12970.6056414327,,672.45159912,78.202,1412175000.0
CN,China,2021,,ST.INT.ARVL,China,150.439753691066,440301216.0,73.0532,18201698719564.0,8.57008513166322,12887.4357242941,,670.25897217,78.117,1412360000.0
CN,China,2020,30402000.0,ST.INT.ARVL,China,150.305542803154,417255845.0,70.0528,14996414166715.1,2.34018843078414,10627.4637989619,5.0,582.95092773,78.019,1411100000.0
CN,China,2019,162538000.0,ST.INT.ARVL,China,149.948179684945,659629070.0,64.0809,14560167101283.4,6.06850235053705,10342.9009524335,4.83,538.99157715,77.94,1407745000.0
CN,China,2018,158606000.0,ST.INT.ARVL,China,149.417194545073,611439830.0,59.2,14147765772963.8,6.75671800166833,10085.6638148819,4.6,504.10980225,77.709,1402760000.0
CO,Colombia,2024,,ST.INT.ARVL,Colombia,,,,418542042920.189,1.7438014504116,7913.98801464547,,,,52886363.0
CO,Colombia,2023,,ST.INT.ARVL,Colombia,47.1574150518251,,77.3369,366291836137.916,0.712380031974334,7000.83660501046,,534.43713379,77.725,52321152.0
CO,Colombia,2022,,ST.INT.ARVL,Colombia,46.6317656602073,,72.7964,345632492851.448,7.32827729427979,6680.44506854481,,505.50805664,76.508,51737944.0
CO,Colombia,2021,,ST.INT.ARVL,Colombia,46.1362532672375,26167360.0,73.0284,318524633225.395,10.8011981904878,6222.62164397614,,561.11627197,72.698,51188173.0
CO,Colombia,2020,1396000.0,ST.INT.ARVL,Colombia,45.6331653898152,12273939.724,69.7953,270348342541.465,-7.18591413760859,5339.68711357943,1.69,464.9777832,74.757,50629997.0
CO,Colombia,2019,4531000.0,ST.INT.ARVL,Colombia,44.9824109959441,37031843.0,65.0069,323031701192.84,3.18685539245533,6472.54544924705,1.74,503.53485107,76.793,49907985.0
CO,Colombia,2018,4397000.0,ST.INT.ARVL,Colombia,44.1860883280757,33704037.0,64.1264,334198218098.276,2.56432428277704,6816.96818309544,1.73,519.82202148,76.579,49024465.0
KM,Comoros,2024,,ST.INT.ARVL,Comoros,,,,1546164420.32442,3.3887835062684,1784.11546860293,,,,866628.0
KM,Comoros,2023,,ST.INT.ARVL,Comoros,456.951638903815,,35.6678,1430523435.81695,3.06466236855576,1682.20285095721,,,66.777,850387.0
KM,Comoros,2022,,ST.INT.ARVL,Comoros,448.247178936056,,32.7685,1279542248.45017,2.81839506562636,1533.87755332151,,122.93584442,66.481,834188.0
KM,Comoros,2021,,ST.INT.ARVL,Comoros,439.642127888232,,30.6812,1299039311.76025,2.72579845079559,1587.72988601478,,100.04210663,65.201,818174.0
KM,Comoros,2020,7000.0,ST.INT.ARVL,Comoros,431.038688876948,,22.4204,1225039195.93742,4.00531793513311,1527.16990927956,,89.67817688,65.756,802163.0
KM,Comoros,2019,45099.9984741211,ST.INT.ARVL,Comoros,422.664159054272,,16.3838,1195019531.03664,3.62877024437186,1519.26386326167,,78.23674774,65.662,786578.0
KM,Comoros,2018,35900.0015258789,ST.INT.ARVL,Comoros,414.610424502955,,,1188797449.96029,4.05960593662805,1540.71132331975,,74.89152527,65.401,771590.0
CD,"Congo, Dem. Rep.",2024,,ST.INT.ARVL,"Congo, Dem. Rep.",,,,70749355652.1207,6.67593028986779,647.435704836002,,,,109276265.0
CD,"Congo, Dem. Rep.",2023,,ST.INT.ARVL,"Congo, Dem. Rep.",46.6640484329856,,30.548,67006756666.3604,8.60908972348436,633.395661686298,,,61.895,105789731.0
CD,"Congo, Dem. Rep.",2022,,ST.INT.ARVL,"Congo, Dem. Rep.",45.1674943208134,,29.4996,65801547755.6552,8.92444785079518,642.612267148918,,24.38615036,60.979,102396968.0
CD,"Congo, Dem. Rep.",2021,,ST.INT.ARVL,"Congo, Dem. Rep.",43.7347795593392,392102.214,28.4193,55328482783.5393,6.20015401075946,558.034077296358,,21.58848572,60.044,99148932.0
CD,"Congo, Dem. Rep.",2020,,ST.INT.ARVL,"Congo, Dem. Rep.",42.3413678569066,277588.159,21.6422,48716961860.1325,1.73542276681493,507.521230077872,,20.5593071,60.428,95989998.0
CD,"Congo, Dem. Rep.",2019,,ST.INT.ARVL,"Congo, Dem. Rep.",40.9992907081891,550457.892628576,16.4812,51775829877.2088,4.38452887429834,557.044161335917,,19.20812035,60.242,92947442.0
CD,"Congo, Dem. Rep.",2018,,ST.INT.ARVL,"Congo, Dem. Rep.",39.7201843805827,587653.030752826,11.7,47568210009.8172,5.82112109969025,528.256019777898,,17.29077148,59.926,90047644.0
CG,"Congo, Rep.",2024,,ST.INT.ARVL,"Congo, Rep.",,,,15719985776.3966,2.57966639535138,2482.24894743495,,,,6332961.0
CG,"Congo, Rep.",2023,,ST.INT.ARVL,"Congo, Rep.",18.1050805270864,,38.3791,15321055818.3263,1.90686426346754,2477.97845477092,,,65.772,6182885.0
CG,"Congo, Rep.",2022,,ST.INT.ARVL,"Congo, Rep.",17.6723396778917,,37.4939,15817030156.9459,1.47535613247133,2620.83804304713,,50.60568619,65.0,6035104.0
CG,"Congo, Rep.",2021,,ST.INT.ARVL,"Congo, Rep.",17.2538301610542,157784.0,33.3461,14825690210.9157,1.01507036990908,2516.16255145432,,79.3296051,64.192,5892183.0
CG,"Congo, Rep.",2020,,ST.INT.ARVL,"Congo, Rep.",16.845654465593,79620.0,24.8206,11468687464.0046,-6.26777227963225,1993.586671931,,80.09735107,64.391,5752791.0
CG,"Congo, Rep.",2019,,ST.INT.ARVL,"Congo, Rep.",16.4470307467057,541787.136860717,,13976637779.9763,1.12447391976529,2488.42466724916,,58.42106628,63.152,5616661.0
CG,"Congo, Rep.",2018,158000.0,ST.INT.ARVL,"Congo, Rep.",16.0559824304539,508978.939934003,,14773900288.5135,-2.30431780125842,2694.43413191427,,47.310215,64.472,5483118.0
CR,Costa Rica,2024,,ST.INT.ARVL,Costa Rica,,,,95350423176.664,4.32122429647224,18587.1532203614,,,,5129910.0
CR,Costa Rica,2023,,ST.INT.ARVL,Costa Rica,99.9906972189581,,85.3951,86497941438.9809,5.11192183229137,16942.0268119304,,,80.799,5105525.0
CR,Costa Rica,2022,,ST.INT.ARVL,Costa Rica,99.5253623188406,,82.598,69243626028.6698,4.55149177958398,13625.9008491478,,978.84155273,79.316,5081765.0
CR,Costa Rica,2021,,ST.INT.ARVL,Costa Rica,99.0988640814728,669298.0,82.749,64960725734.2362,7.93576224743147,12838.1185359009,1.18,977.14831543,78.05,5059988.0
CR,Costa Rica,2020,1146500.0,ST.INT.ARVL,Costa Rica,98.5961613787701,455830.6,80.5302,62395610759.9798,-4.27335432161462,12394.0493969354,1.15,969.89099121,79.725,5034320.0
CR,Costa Rica,2019,3366000.0,ST.INT.ARVL,Costa Rica,97.9152565609087,2033146.0,81.2026,64417670521.3339,2.41751181762513,12884.6859951947,1.09,930.43511963,80.296,4999553.0
CR,Costa Rica,2018,3313000.0,ST.INT.ARVL,Costa Rica,97.0978848413631,1950049.0,73.4797,62420164991.5444,2.6159044043379,12590.2493781628,1.11,917.31018066,80.09,4957818.0
CI,Cote d'Ivoire,2024,,ST.INT.ARVL,Cote d'Ivoire,,,,86538413923.3943,5.95000000002031,2709.89511641252,,,,31934230.0
CI,Cote d'Ivoire,2023,,ST.INT.ARVL,Cote d'Ivoire,98.0052012578616,,40.6528,79618056323.7639,6.45045796902575,2554.67304885576,,,61.944,31165654.0
CI,Cote d'Ivoire,2022,,ST.INT.ARVL,Cote d'Ivoire,95.5817672955975,,38.4133,70922824824.0069,6.39988362720531,2333.37128334477,,86.15213013,61.562,30395002.0
CI,Cote d'Ivoire,2021,,ST.INT.ARVL,Cote d'Ivoire,93.2067169811321,569309.0,35.9507,72794636649.4342,7.06332910205232,2455.98127626488,,92.39588928,60.29,29639736.0
CI,Cote d'Ivoire,2020,668000.0,ST.INT.ARVL,Cote d'Ivoire,90.9290849056604,322841.0,36.0166,63027852805.4204,0.699728593494228,2179.72934832935,,78.97766876,60.14,28915449.0
CI,Cote d'Ivoire,2019,2070000.0,ST.INT.ARVL,Cote d'Ivoire,88.6572610062893,748540.0,36.289,60382894697.3557,6.72137167584978,2141.76836170115,,68.30471039,60.274,28193009.0
CI,Cote d'Ivoire,2018,1965000.0,ST.INT.ARVL,Cote d'Ivoire,86.3653238993711,825257.0,37.5465,58522477786.6889,4.84314605889178,2130.86619381144,,65.87952423,59.795,27464173.0
HR,Croatia,2024,,ST.INT.ARVL,Croatia,,,83.6324,92526176108.621,3.81494521667429,23931.4528382746,,,,3866300.0
HR,Croatia,2023,,ST.INT.ARVL,Croatia,68.9722301644031,,83.2412,84393795502.4421,3.30254488086325,21865.4562838641,,,78.4731707317073,3859686.0
HR,Croatia,2022,,ST.INT.ARVL,Croatia,68.8999463902788,,82.0716,71198635101.9514,7.28793643206565,18466.0955472648,,1344.19006348,77.5756097560976,3855641.0
HR,Croatia,2021,,ST.INT.ARVL,Croatia,69.3170300214439,767762.0,81.254,69006802298.6956,12.6317003277712,17789.9304736722,,1384.11914063,76.4243902439025,3878981.0
HR,Croatia,2020,21608000.0,ST.INT.ARVL,Croatia,69.946497498213,608458.0,78.3209,57963370885.0798,-8.31164257884687,14808.4620188819,5.6,1094.53283691,77.5243902439024,3914206.0
HR,Croatia,2019,60021000.0,ST.INT.ARVL,Croatia,70.5701879779859,2108591.0,79.0798,61467582193.6824,3.10043911443758,15563.8167397199,5.58,1040.08569336,78.2243902439024,3949390.0
HR,Croatia,2018,57668000.0,ST.INT.ARVL,Croatia,71.2739439639768,2093577.0,75.2946,61668130122.5878,2.90468149344008,15460.4183295843,5.52,1024.62414551,77.919512195122,3988775.0
CU,Cuba,2024,,ST.INT.ARVL,Cuba,,,,,,,,,,10979783.0
CU,Cuba,2023,,ST.INT.ARVL,Cuba,106.165038535645,,71.275,,-1.92937123169681,,,,78.085,11019931.0
CU,Cuba,2022,,ST.INT.ARVL,Cuba,106.549325626204,,68.25,,1.77504879825767,,,,77.629,11059820.0
CU,Cuba,2021,,ST.INT.ARVL,Cuba,107.149980732177,22359.0,67.6435,,1.25369342501311,,4.22,,73.201,11122168.0
CU,Cuba,2020,1086000.0,ST.INT.ARVL,Cuba,107.672003853565,99838.0,71.1191,107351800000.0,-10.9490846048862,9605.26125067263,4.19,1199.35327148,77.407,11176354.0
CU,Cuba,2019,4276000.0,ST.INT.ARVL,Cuba,107.927225433526,457130.0,67.9708,103427600000.0,-0.163087223606624,9232.26115935183,4.17,1023.39715576,77.413,11202846.0
CU,Cuba,2018,4712000.0,ST.INT.ARVL,Cuba,108.16105973025,563540.0,62.6789,100050036096.123,2.24794854086232,8911.46205964193,4.15,981.90283203,77.426,11227118.0
CW,Curacao,2024,,ST.INT.ARVL,Curacao,,,,,,,,,,155900.0
CW,Curacao,2023,,ST.INT.ARVL,Curacao,350.900900900901,,,3281419347.37053,4.20199999999993,21061.741639092,,,76.8,155800.0
CW,Curacao,2022,,ST.INT.ARVL,Curacao,337.828828828829,,,3075180834.72417,7.92300000000002,20501.7522782219,,,76.729,149996.0
CW,Curacao,2021,,ST.INT.ARVL,Curacao,343.173423423423,,,2739594359.5908,4.18371193053551,17979.9982909306,,,75.686,152369.0
CW,Curacao,2020,,ST.INT.ARVL,Curacao,348.97972972973,,,2534327592.49914,-18.4384703505394,16356.0933254541,,,76.501,154947.0
CW,Curacao,2019,1293000.0,ST.INT.ARVL,Curacao,354.596846846847,,,3026124115.73275,-3.20613171902535,19220.6865793075,,,76.492,157441.0
CW,Curacao,2018,1210000.0,ST.INT.ARVL,Curacao,358.864864864865,,,3046364804.46927,-2.10411133101029,19119.1243941688,,,76.493,159336.0
CY,Cyprus,2024,,ST.INT.ARVL,Cyprus,,,,36333022329.4981,3.4480617042135,38654.16796875,,,,1358282.0
CY,Cyprus,2023,,ST.INT.ARVL,Cyprus,145.560173160173,,91.2211,33886930712.3394,2.76390975419605,36551.41796875,,,81.648,1344976.0
CY,Cyprus,2022,,ST.INT.ARVL,Cyprus,144.087662337662,,89.601,30935566076.6788,7.20486780743879,33894.44921875,,2864.15649414,80.434,1331370.0
CY,Cyprus,2021,,ST.INT.ARVL,Cyprus,142.565909090909,103016.0,90.7595,30372642502.4897,11.3881892684305,33734.03515625,,3118.24267578,80.573,1317309.0
CY,Cyprus,2020,,ST.INT.ARVL,Cyprus,140.935822510823,104559.0,90.8019,25555093854.2968,-3.22063018637567,28649.015625,,2483.06005859,81.23,1302247.0
CY,Cyprus,2019,4117000.0,ST.INT.ARVL,Cyprus,139.250108225108,395436.0,86.0636,26196667099.5303,5.87559583386607,29703.052734375,2.24,2093.0612793,81.454,1286671.0
CY,Cyprus,2018,4024000.0,ST.INT.ARVL,Cyprus,137.525649350649,401408.0,84.4336,25754001367.5448,6.27166360056404,29599.986328125,2.27,2020.73339844,81.556,1270737.0
CZ,Czechia,2024,,ST.INT.ARVL,Czechia,,,87.6878,345036675975.047,1.12038462698665,31706.6234229743,,,,10882164.0
CZ,Czechia,2023,,ST.INT.ARVL,Czechia,140.785547662605,,85.994,343206568134.637,-0.0552618201120225,31591.0568216357,,2609.24072266,79.8780487804878,10864042.0
CZ,Czechia,2022,,ST.INT.ARVL,Czechia,138.290511305111,,84.5401,301831228325.556,2.8471706583814,28282.2236715857,,2431.08496094,78.9292682926829,10672118.0
CZ,Czechia,2021,,ST.INT.ARVL,Czechia,136.108349053848,1418032.0,82.6706,290972714482.313,4.02901832055149,27696.4619527544,,2538.03344727,77.2219512195122,10505772.0
CZ,Czechia,2020,,ST.INT.ARVL,Czechia,138.575928842168,929888.181,81.3389,251109660602.536,-5.30487955463876,23472.8915454417,6.6,2106.28027344,78.2268292682927,10697858.0
CZ,Czechia,2019,37202000.0,ST.INT.ARVL,Czechia,138.226810266108,5446163.2,80.8669,256794209028.77,3.56577658128261,24062.7190013343,6.66,1805.44030762,79.2292682926829,10671870.0
CZ,Czechia,2018,36268000.0,ST.INT.ARVL,Czechia,137.675534257221,8851291.0,80.6882,251992360762.236,2.83030588267866,23705.9329811299,6.68,1750.81188965,79.0292682926829,10629928.0
DK,Denmark,2024,,ST.INT.ARVL,Denmark,,,99.7692,429457372071.869,3.67619734971929,71851.7562131368,,,,5976992.0
DK,Denmark,2023,,ST.INT.ARVL,Denmark,148.6738,,98.7756,407091920305.404,2.49518434516773,68453.8769281145,,6432.37158203,81.8536585365854,5946952.0
DK,Denmark,2022,,ST.INT.ARVL,Denmark,147.575925,,97.8601,401945576107.963,1.54017307357893,68091.3191138669,,6456.08398438,81.3048780487805,5903037.0
DK,Denmark,2021,,ST.INT.ARVL,Denmark,146.418325,,98.8659,408378204639.999,7.38206633449863,69727.9873677012,2.51,7465.77294922,81.4048780487805,5856733.0
DK,Denmark,2020,15595000.0,ST.INT.ARVL,Denmark,145.7851,,96.5491,355631021931.621,-1.78010601831291,60985.4885601514,2.59,6530.47509766,81.6024390243903,5831404.0
DK,Denmark,2019,33093000.0,ST.INT.ARVL,Denmark,145.36055,,98.0464,345401473012.615,1.71140093932736,59404.2663247723,2.6,6058.83007813,81.4512195121951,5814422.0
DK,Denmark,2018,30801000.0,ST.INT.ARVL,Denmark,144.8409,,97.3192,355293374912.393,1.8600074900921,61324.7665045565,2.62,6232.72167969,80.9536585365854,5793636.0
DJ,Djibouti,2024,,ST.INT.ARVL,Djibouti,,,,4086402718.86834,5.95382998854848,3496.47111876763,,,,1168722.0
DJ,Djibouti,2023,,ST.INT.ARVL,Djibouti,49.7387402933563,,65.0248,3917150480.80981,7.37207148701995,3397.52015779588,,,65.987,1152944.0
DJ,Djibouti,2022,,ST.INT.ARVL,Djibouti,49.0550474547023,,63.2573,3562814908.76149,5.16653702854374,3133.25779772463,,81.80969238,65.54,1137096.0
DJ,Djibouti,2021,,ST.INT.ARVL,Djibouti,48.3713546160483,,61.4112,3392796953.08939,4.40715667561153,3025.91126413549,,87.16930389,63.83,1121248.0
DJ,Djibouti,2020,,ST.INT.ARVL,Djibouti,47.6785159620362,,59.9257,3144136196.6228,1.2021151728969,2844.88810647853,,66.92816925,64.2,1105188.0
DJ,Djibouti,2019,,ST.INT.ARVL,Djibouti,46.9676013805004,,58.4762,3088851450.30694,5.54508081154978,2837.16902340932,,68.27401733,64.381,1088709.0
DJ,Djibouti,2018,,ST.INT.ARVL,Djibouti,46.2416738567731,,57.0617,2913464658.08768,4.77433934943193,2718.08338799203,1.42,68.46080017,64.105,1071882.0
DM,Dominica,2024,,ST.INT.ARVL,Dominica,,,,688881481.481481,2.052738472526,10405.2787777582,,,,66205.0
DM,Dominica,2023,,ST.INT.ARVL,Dominica,88.68,,83.8255,659311111.111111,3.65221012208734,9912.96212766668,,,71.132,66510.0
DM,Dominica,2022,,ST.INT.ARVL,Dominica,89.1013333333333,,83.3101,623062962.962963,10.3968076616121,9323.66089490562,,574.41748047,71.081,66826.0
DM,Dominica,2021,,ST.INT.ARVL,Dominica,89.6026666666667,,82.6979,562911111.111111,5.37983838954712,8376.40414141113,2.98,521.84313965,69.832,67202.0
DM,Dominica,2020,140000.0,ST.INT.ARVL,Dominica,90.0973333333333,,75.6567,528944444.444444,-15.7064024545862,7827.74842680426,3.0,457.01919556,71.269,67573.0
DM,Dominica,2019,322000.0,ST.INT.ARVL,Dominica,90.5066666666667,,73.3819,644259259.259259,3.94809757938053,9491.14995962374,3.02,465.63766479,71.305,67880.0
DM,Dominica,2018,199000.0,ST.INT.ARVL,Dominica,90.8986666666667,,,628244444.444444,2.964010610466,9215.3085405645,3.11,503.34179688,71.378,68174.0
DO,Dominican Republic,2024,,ST.INT.ARVL,Dominican Republic,,,91.0022,124282245638.568,4.95169687182482,10875.6618443092,,,,11427557.0
DO,Dominican Republic,2023,,ST.INT.ARVL,Dominican Republic,235.098143035751,,84.6161,120456239153.739,2.19229848237939,10630.431743829,,,73.72,11331265.0
DO,Dominican Republic,2022,,ST.INT.ARVL,Dominican Republic,233.012351959686,,81.5127,113478087134.8,5.23795652902595,10104.2449349081,,462.26287842,74.211,11230734.0
DO,Dominican Republic,2021,,ST.INT.ARVL,Dominican Republic,230.786990834893,69447.0,85.243,94850719516.7127,14.0124289062207,8527.0754858205,,416.68310547,71.757,11123476.0
DO,Dominican Republic,2020,2748000.0,ST.INT.ARVL,Dominican Republic,228.397349102723,31391.0,81.6173,78546672406.8291,-7.92905234231061,7135.22273255899,1.42,353.79364014,72.636,11008300.0
DO,Dominican Republic,2019,7550000.0,ST.INT.ARVL,Dominican Republic,226.026774543851,113752.0,79.7155,89146130744.723,4.8940301149584,8183.01623600375,1.25,346.12109375,73.112,10894043.0
DO,Dominican Republic,2018,7551000.0,ST.INT.ARVL,Dominican Republic,223.18470296005,,74.822,84994732049.3461,7.09751640210159,7882.98221584944,1.24,327.39859009,73.555,10782053.0
EC,Ecuador,2024,,ST.INT.ARVL,Ecuador,,,77.1727,124676074700.0,-2.00125476341026,6874.705739766,,,,18135478.0
EC,Ecuador,2023,,ST.INT.ARVL,Ecuador,72.3952448059269,,72.6943,121147057000.0,1.98823813984235,6737.84748379638,,,77.392,17980083.0
EC,Ecuador,2022,,ST.INT.ARVL,Ecuador,71.7663754227734,,69.7181,116133121000.0,5.86842354862311,6515.58528418336,,492.83575439,76.577,17823897.0
EC,Ecuador,2021,,ST.INT.ARVL,Ecuador,71.1968674504751,1534854.0,69.1148,107179074000.0,9.42189269033631,6061.32350181711,1.3,498.60794067,72.746,17682454.0
EC,Ecuador,2020,,ST.INT.ARVL,Ecuador,70.6477089708488,1146368.544,70.7,95865473000.0,-9.24509619165865,5463.64515348598,1.32,473.01956177,72.004,17546065.0
EC,Ecuador,2019,2108000.0,ST.INT.ARVL,Ecuador,69.8180906748269,4827978.0,59.2,107595830000.0,0.1654044646003,6205.05765246766,1.39,484.47195435,77.286,17340021.0
EC,Ecuador,2018,2535000.0,ST.INT.ARVL,Ecuador,68.6485223063295,5365261.0,57.5,107478961000.0,1.04429460679607,6303.91886658338,1.4,493.73196411,77.248,17049547.0
EG,"Egypt, Arab Rep.",2024,,ST.INT.ARVL,"Egypt, Arab Rep.",,,,389059911003.566,2.3991692678251,3338.47371395895,,,,116538258.0
EG,"Egypt, Arab Rep.",2023,,ST.INT.ARVL,"Egypt, Arab Rep.",115.059291777588,,72.6899,395926075163.006,3.76028052279247,3456.78968456253,,,71.633,114535772.0
EG,"Egypt, Arab Rep.",2022,,ST.INT.ARVL,"Egypt, Arab Rep.",113.13300517354,,72.1981,476747720364.742,6.58784560886967,4233.30783744856,,170.97909546,71.01,112618250.0
EG,"Egypt, Arab Rep.",2021,,ST.INT.ARVL,"Egypt, Arab Rep.",111.464169973379,5563387.0,72.056,424671765455.704,3.29064601202211,3827.35415374308,,176.93664551,68.976,110957008.0
EG,"Egypt, Arab Rep.",2020,,ST.INT.ARVL,"Egypt, Arab Rep.",109.814781254709,4638192.256,71.9142,383817841547.099,3.55016483786838,3511.11381026379,1.13,148.35269165,69.79,109315124.0
EG,"Egypt, Arab Rep.",2019,13026000.0,ST.INT.ARVL,"Egypt, Arab Rep.",108.044761665578,13206889.61,57.2829,318678815489.749,5.55209307156956,2962.98892023003,1.22,142.69670105,71.213,107553158.0
EG,"Egypt, Arab Rep.",2018,11346000.0,ST.INT.ARVL,"Egypt, Arab Rep.",106.165145411623,12386010.0,46.9243,262588632526.73,5.3311086189448,2484.70315630508,1.26,118.01481628,70.974,105682094.0
SV,El Salvador,2024,,ST.INT.ARVL,El Salvador,,,,35364960000.0,2.60202016121069,5579.65969165029,,,,6338193.0
SV,El Salvador,2023,,ST.INT.ARVL,El Salvador,304.518532818533,,67.6558,33853940000.0,3.5391566928735,5365.44491399171,,,72.099,6309624.0
SV,El Salvador,2022,,ST.INT.ARVL,El Salvador,303.104198841699,,65.5298,31870120000.0,2.95461516549889,5074.60210221806,,501.24411011,71.969,6280319.0
SV,El Salvador,2021,,ST.INT.ARVL,El Salvador,301.919980694981,1412026.0,61.7527,29043140000.0,11.9047617015957,4642.60743101342,1.16,470.14025879,69.941,6255782.0
SV,El Salvador,2020,707000.0,ST.INT.ARVL,El Salvador,300.901206563707,805271.999,54.6014,24921190000.0,-7.893101359867,3997.19279583709,1.08,357.78799438,70.244,6234673.0
SV,El Salvador,2019,2639000.0,ST.INT.ARVL,El Salvador,300.304922779923,2609917.0,50.4912,26881140000.0,2.43747159065784,4320.11671534627,1.06,380.53384399,71.725,6222318.0
SV,El Salvador,2018,2536000.0,ST.INT.ARVL,El Salvador,300.183735521236,2545105.0,43.8,26020850000.0,2.4124442237792,4183.54620971358,1.07,348.18817139,71.384,6219807.0
GQ,Equatorial Guinea,2024,,ST.INT.ARVL,Equatorial Guinea,,,,12765777677.0622,0.907248245986736,6745.40013244916,,,,1892516.0
GQ,Equatorial Guinea,2023,,ST.INT.ARVL,Equatorial Guinea,65.8662745098039,,60.3661,12337550583.754,-5.08930872071532,6677.793435386,,,63.707,1847549.0
GQ,Equatorial Guinea,2022,,ST.INT.ARVL,Equatorial Guinea,64.297504456328,,59.3433,13687643435.6249,3.22350831658598,7589.29964909381,,190.09381104,63.355,1803545.0
GQ,Equatorial Guinea,2021,,ST.INT.ARVL,Equatorial Guinea,62.7018181818182,31268.0,58.7173,12215878032.7166,0.860269956382069,6945.63069794539,,236.81486511,62.447,1758786.0
GQ,Equatorial Guinea,2020,,ST.INT.ARVL,Equatorial Guinea,61.1931550802139,138898.0,55.0013,9893816007.7398,-4.79108083383294,5764.05502912947,,230.32144165,62.141,1716468.0
GQ,Equatorial Guinea,2019,,ST.INT.ARVL,Equatorial Guinea,59.5428520499109,425475.0,49.1337,11364133549.7478,-5.48182537893445,6804.14923073888,,215.54243469,62.297,1670177.0
GQ,Equatorial Guinea,2018,,ST.INT.ARVL,Equatorial Guinea,57.6264527629233,404301.328013225,,13097012133.6159,-6.23654406734575,8102.47084834031,,231.10166931,61.915,1616422.0
ER,Eritrea,2024,,ST.INT.ARVL,Eritrea,,,,,,,,,,3535603.0
ER,Eritrea,2023,,ST.INT.ARVL,Eritrea,28.638732049164,,20.0104,,,,,,68.624,3470390.0
ER,Eritrea,2022,,ST.INT.ARVL,Eritrea,28.1358115568642,,18.7092,,,,,27.08350372,67.789,3409447.0
ER,Eritrea,2021,,ST.INT.ARVL,Eritrea,27.6467466920618,,18.3844,,,,,27.58759499,66.94,3350183.0
ER,Eritrea,2020,,ST.INT.ARVL,Eritrea,27.1914115855899,45104.031,14.3494,,,,1.0,27.66241646,66.98,3291271.0
ER,Eritrea,2019,,ST.INT.ARVL,Eritrea,26.7606490641362,101357.3758656,11.2,,,,1.01,28.42930794,67.306,3240194.0
ER,Eritrea,2018,,ST.INT.ARVL,Eritrea,26.3695100817645,89136.8159108722,5.3,,,,1.08,26.68201065,66.979,3192760.0
EE,Estonia,2024,,ST.INT.ARVL,Estonia,,,92.238,42764929169.3258,-0.261006210060856,31170.0915091887,,,,1371986.0
EE,Estonia,2023,,ST.INT.ARVL,Estonia,32.0684764802247,,93.1834,41291245222.1948,-3.02303874520777,30133.304450454,,,78.490243902439,1370286.0
EE,Estonia,2022,,ST.INT.ARVL,Estonia,31.5665808565411,,91.5202,38376046174.971,0.0604305165130938,28451.1477825175,,1998.88549805,77.8439024390244,1348840.0
EE,Estonia,2021,,ST.INT.ARVL,Estonia,31.1329122807018,,90.9797,37204563051.4723,7.15444676280146,27953.7670230126,,2091.15649414,76.9439024390244,1330932.0
EE,Estonia,2020,1695000.0,ST.INT.ARVL,Estonia,31.0999298245614,,89.0583,31820771493.8974,-2.88380751483778,23933.9939421065,4.46,1789.03417969,78.5951219512195,1329522.0
EE,Estonia,2019,6103000.0,ST.INT.ARVL,Estonia,31.0385497076023,857.0,90.2289,31873748770.0313,3.72664943466884,24021.2501413306,4.53,1599.3503418,78.6463414634147,1326898.0
EE,Estonia,2018,6033000.0,ST.INT.ARVL,Estonia,30.9234385964912,62802.0,89.357,31222632740.7247,3.69969756161726,23618.1361254581,4.53,1553.43347168,78.2439024390244,1321977.0
SZ,Eswatini,2024,,ST.INT.ARVL,Eswatini,,,,4891883720.15742,2.64070461612,3936.10969242371,,,,1242822.0
SZ,Eswatini,2023,,ST.INT.ARVL,Eswatini,71.5410465116279,,57.62,4604172127.36299,3.44447831200682,3741.69010745416,,,64.123,1230506.0
SZ,Eswatini,2022,,ST.INT.ARVL,Eswatini,70.8672674418605,,57.465,4741163884.9523,1.1195906677553,3889.65276959161,,283.88345337,63.028,1218917.0
SZ,Eswatini,2021,,ST.INT.ARVL,Eswatini,70.1507558139535,13338.0,53.9953,4785708165.93031,3.43496891197057,3966.29863253832,,296.82846069,58.228,1206593.0
SZ,Eswatini,2020,345299.987792969,ST.INT.ARVL,Eswatini,69.3447093023256,10647.0,49.013,4120621324.89015,-2.86288213677992,3454.784217446,,236.25013733,59.862,1192729.0
SZ,Eswatini,2019,1226000.0,ST.INT.ARVL,Eswatini,68.5973255813954,52744.0,43.9,4616996144.90635,6.0831764512818,3913.12643969301,,320.05084229,59.85,1179874.0
SZ,Eswatini,2018,1277000.0,ST.INT.ARVL,Eswatini,67.960988372093,51633.0,39.4,4644696656.36967,0.256586001893197,3973.46344933667,,292.33929443,58.707,1168929.0
ET,Ethiopia,2024,,ST.INT.ARVL,Ethiopia,,,,,7.31669112848382,,,,,132059767.0
ET,Ethiopia,2023,,ST.INT.ARVL,Ethiopia,114.037952012,,,,6.59424599357075,,,,67.315,128691692.0
ET,Ethiopia,2022,,ST.INT.ARVL,Ethiopia,111.107151376678,,,126772707851.339,5.32175988403378,1011.07332413462,,27.0685215,66.897,125384287.0
ET,Ethiopia,2021,,ST.INT.ARVL,Ethiopia,108.230378298522,7065954.0,16.6981,111261888668.864,5.64153069257077,910.947887074508,,26.06936646,65.33,122138588.0
ET,Ethiopia,2020,518000.0,ST.INT.ARVL,Ethiopia,105.370090895445,4940183.0,16.0696,107657732424.155,6.05953089054807,905.313159254148,,28.28001595,65.969,118917671.0
ET,Ethiopia,2019,812000.0,ST.INT.ARVL,Ethiopia,102.552159549746,12631216.0,16.0,95912620248.0592,8.36408573314054,828.709080522921,,25.93511963,65.741,115737383.0
ET,Ethiopia,2018,849000.0,ST.INT.ARVL,Ethiopia,99.8298825389562,11501244.0,15.9,84269180856.9147,6.81614778557282,747.968003672674,,23.5205574,65.257,112664152.0
FO,Faroe Islands,2024,,ST.INT.ARVL,Faroe Islands,,,,,,,,,,54719.0
FO,Faroe Islands,2023,,ST.INT.ARVL,Faroe Islands,39.736496350365,,,3907323961.33964,2.4890581166362,71774.3522353393,,,83.1439024390244,54439.0
FO,Faroe Islands,2022,,ST.INT.ARVL,Faroe Islands,39.3627737226277,,,3566698397.6602,3.55602380418398,66139.3809716876,,,82.9439024390244,53927.0
FO,Faroe Islands,2021,,ST.INT.ARVL,Faroe Islands,38.9087591240876,,,3664686796.62669,5.50438017256558,68749.4005557957,,,82.8439024390244,53305.0
FO,Faroe Islands,2020,,ST.INT.ARVL,Faroe Islands,38.4824304538799,,,3271813311.5831,-1.63732118017028,62240.822409175,,,82.6439024390244,52567.0
FO,Faroe Islands,2019,,ST.INT.ARVL,Faroe Islands,37.1010028653295,,,3266432734.22819,4.53851028676189,63067.0695697911,,,82.4439024390244,51793.0
FO,Faroe Islands,2018,,ST.INT.ARVL,Faroe Islands,36.5300859598854,,,3188600927.46688,2.76370952267429,62526.4908515743,,,82.2926829268293,50996.0
FJ,Fiji,2024,,ST.INT.ARVL,Fiji,,,,5840564072.77313,3.82899888724594,6288.39867264416,,,,928784.0
FJ,Fiji,2023,,ST.INT.ARVL,Fiji,50.5826491516147,,79.3485,5442046552.96928,7.5242913513424,5888.73667332429,,212.88697815,67.316,924145.0
FJ,Fiji,2022,,ST.INT.ARVL,Fiji,50.3241379310345,,78.2433,4969503549.32096,19.7927266886699,5405.03006162671,,217.15068054,67.148,919422.0
FJ,Fiji,2021,,ST.INT.ARVL,Fiji,50.1757525998905,133708.0,74.4958,4305031649.74189,-4.88103619598493,4696.17103944634,,331.58413696,64.904,916711.0
FJ,Fiji,2020,168000.0,ST.INT.ARVL,Fiji,50.0800766283525,409104.0,68.6256,4432466219.87685,-17.0386673704039,4844.42127154524,,256.25967407,66.924,914963.0
FJ,Fiji,2019,969000.0,ST.INT.ARVL,Fiji,50.0765736179529,1700293.0,63.2179,5444407198.13478,-0.581946709343811,5950.82866866702,,254.83047485,67.009,914899.0
FJ,Fiji,2018,1058000.0,ST.INT.ARVL,Fiji,50.2014230979748,1670216.0,58.2364,5581425327.44397,3.81235122208518,6085.41979485376,,249.86022949,66.965,917180.0
FI,Finland,2024,,ST.INT.ARVL,Finland,,,,299835625550.781,-0.154214821070312,53188.6186245158,,,,5637214.0
FI,Finland,2023,,ST.INT.ARVL,Finland,18.3705454665088,,93.5139,294950618733.339,-0.946904862611035,52821.5114340717,,,81.6853658536585,5583911.0
FI,Finland,2022,,ST.INT.ARVL,Finland,18.2798093224591,,92.9888,280253099309.34,0.763041912763526,50440.560224974,,4902.0390625,81.1878048780488,5556106.0
FI,Finland,2021,,ST.INT.ARVL,Finland,18.2301659134121,2805555.0,92.8081,294223210496.119,2.67634641498897,53099.1351400148,,5261.90966797,81.8853658536585,5541017.0
FI,Finland,2020,896000.0,ST.INT.ARVL,Finland,18.1928768835954,3500299.0,92.1703,270000311606.226,-2.49103605535707,48828.6846862799,2.83,4736.21435547,81.9317073170732,5529543.0
FI,Finland,2019,3290000.0,ST.INT.ARVL,Finland,18.1673609054717,14610547.0,89.6074,267014821129.411,1.34973845741737,48358.1807773701,3.35,4459.9296875,81.9829268292683,5521606.0
FI,Finland,2018,3224000.0,ST.INT.ARVL,Finland,18.1479501184522,13364839.0,88.89,273869255596.078,1.19297759742292,49654.2497035329,3.61,4521.27636719,81.7341463414634,5515525.0
FR,France,2024,,ST.INT.ARVL,France,,,88.6538,3162079073495.78,1.16613851497229,46150.4876861593,,,,68516699.0
FR,France,2023,,ST.INT.ARVL,France,126.704679469339,,86.8364,3051831611384.76,0.936487518850853,44690.9345395117,,,82.9292682926829,68287487.0
FR,France,2022,,ST.INT.ARVL,France,126.291891641154,,85.3333,2796302210398.84,2.57084047567793,41082.8119320747,,4865.17822266,82.1292682926829,68065015.0
FR,France,2021,,ST.INT.ARVL,France,125.879601076167,32000528.0,86.0955,2966433692008.09,6.88233783360239,43725.0999521245,,5376.74560547,82.3243902439024,67842811.0
FR,France,2020,117109000.0,ST.INT.ARVL,France,125.431134613601,24956343.0,84.7064,2647926055110.05,-7.44064589948231,39169.8606000707,6.0,4747.51367188,82.1756097560976,67601110.0
FR,France,2019,217877000.0,ST.INT.ARVL,France,125.024698023935,71289277.0,83.3397,2722793515171.76,2.02744646419237,40408.2848574751,6.1,4508.76074219,82.8268292682927,67382061.0
FR,France,2018,211998000.0,ST.INT.ARVL,France,124.609607570276,70188028.0,82.0432,2781576320884.39,1.64590872395887,41418.1766484844,6.16,4667.95751953,82.6756097560976,67158348.0
PF,French Polynesia,2024,,ST.INT.ARVL,French Polynesia,,,,,,,,,,281807.0
PF,French Polynesia,2023,,ST.INT.ARVL,French Polynesia,80.990492653414,,,6402221222.32749,2.99692707779566,22774.1418988734,,,84.07,281118.0
PF,French Polynesia,2022,,ST.INT.ARVL,French Polynesia,80.7772976087583,,,5814661208.90544,4.46637969963146,20738.6499971661,,,83.859,280378.0
PF,French Polynesia,2021,,ST.INT.ARVL,French Polynesia,80.6084701815039,,,6150640646.38319,2.09452990658549,21982.9038942614,,,79.571,279792.0
PF,French Polynesia,2020,89400.0015258789,ST.INT.ARVL,French Polynesia,80.4405070584846,,,5574821989.38239,-7.05094422106298,19966.4838503859,,,82.459,279209.0
PF,French Polynesia,2019,300000.0,ST.INT.ARVL,French Polynesia,80.3900893114376,,,6022276196.13871,2.70001206709303,21582.5892046801,,,83.195,279034.0
PF,French Polynesia,2018,264000.0,ST.INT.ARVL,French Polynesia,80.6150965139729,,,6135116253.33452,1.87123191091266,21925.616043938,,,82.985,279815.0
GA,Gabon,2024,,ST.INT.ARVL,Gabon,,,,20867044935.6729,3.38390760783467,8218.76307061848,,,,2538952.0
GA,Gabon,2023,,ST.INT.ARVL,Gabon,9.64329956921644,,71.9256,20055720403.471,2.44588083096593,8071.39777400455,,,68.337,2484789.0
GA,Gabon,2022,,ST.INT.ARVL,Gabon,9.43356618931191,,70.7069,20440655695.229,3.03761449525692,8409.20741452279,,247.09622192,67.713,2430747.0
GA,Gabon,2021,,ST.INT.ARVL,Gabon,9.22389878526798,,68.6436,19444935097.2333,1.46795731508091,8181.40914134398,,228.84915161,67.072,2376722.0
GA,Gabon,2020,,ST.INT.ARVL,Gabon,9.01361819381379,,63.9179,15342236163.9943,-1.8377610635094,6605.80346077904,,225.32466125,67.073,2322539.0
GA,Gabon,2019,,ST.INT.ARVL,Gabon,8.80081499592502,,59.5176,16874405465.391,3.92080879452831,7441.1786472281,,205.99945068,67.337,2267706.0
GA,Gabon,2018,,ST.INT.ARVL,Gabon,8.58585788023441,,55.4202,16867326401.9626,0.83791658082157,7624.2775233771,,209.28697205,67.043,2212318.0
GM,"Gambia, The",2024,,ST.INT.ARVL,"Gambia, The",,,,2507519958.34857,5.74671765535597,908.525674150965,,,,2759988.0
GM,"Gambia, The",2023,,ST.INT.ARVL,"Gambia, The",266.5854743083,,45.9137,2396111020.8801,4.79750894530943,888.157407441902,,,65.86,2697845.0
GM,"Gambia, The",2022,,ST.INT.ARVL,"Gambia, The",260.520750988142,,44.0389,2204734527.12734,5.49299825508946,836.244875582631,,28.89956109,64.859,2636470.0
GM,"Gambia, The",2021,,ST.INT.ARVL,"Gambia, The",254.546442687747,,37.6247,2014158842.14596,5.25596878816744,781.890925169531,1.15,25.39263344,63.847,2576010.0
GM,"Gambia, The",2020,246000.0,ST.INT.ARVL,"Gambia, The",248.590217391304,,34.2172,1812170891.19069,0.591487287873974,720.335143352133,1.11,26.85589027,64.418,2515733.0
GM,"Gambia, The",2019,620000.0,ST.INT.ARVL,"Gambia, The",242.771146245059,109542.145080475,31.1183,1813609692.49994,6.22205315994859,738.186751987483,0.94,23.21861267,64.427,2456844.0
GM,"Gambia, The",2018,552000.0,ST.INT.ARVL,"Gambia, The",237.117786561265,104891.39475506,28.3,1670671327.81651,7.23489033258579,696.219806960615,,22.5376339,64.034,2399632.0
GE,Georgia,2024,,ST.INT.ARVL,Georgia,,,,33776141250.5716,9.42857220157775,9193.66366361489,,,,3673850.0
GE,Georgia,2023,,ST.INT.ARVL,Georgia,65.0037265124742,,81.8843,30777833600.6515,7.83220126555726,8283.66960652261,,,74.496,3715483.0
GE,Georgia,2022,,ST.INT.ARVL,Georgia,64.9515728331992,,78.7113,24984568959.605,10.9585321385624,6729.84659930283,,477.70956421,74.141,3712502.0
GE,Georgia,2021,,ST.INT.ARVL,Georgia,64.8834808775675,84591.0,76.4427,18853115588.8106,10.6442336580969,5083.60695484577,,413.7199707,71.635,3708610.0
GE,Georgia,2020,1513000.0,ST.INT.ARVL,Georgia,65.1302704783232,72906.0,72.5316,16010869215.68,-6.2904717853839,4300.85701291207,4.94,351.94335938,73.509,3722716.0
GE,Georgia,2019,7726000.0,ST.INT.ARVL,Georgia,65.0855698239966,509913.0,68.8467,17638337116.9126,5.38071926589951,4741.2832715876,4.64,306.46075439,74.165,3720161.0
GE,Georgia,2018,7203000.0,ST.INT.ARVL,Georgia,65.197330207495,516034.0,62.7179,17902544880.6471,6.062036412677,4804.0546040444,4.24,329.89413452,73.985,3726549.0
DE,Germany,2024,,ST.INT.ARVL,Germany,,,93.5,4659929336890.62,-0.238526858256165,55800.2194549412,,,,83510950.0
DE,Germany,2023,,ST.INT.ARVL,Germany,240.110817617262,,92.4764,4525703903627.53,-0.266438401180253,53940.4073447462,,6232.59130859,80.5414634146342,83901923.0
DE,Germany,2022,,ST.INT.ARVL,Germany,239.861418021525,,91.6298,4163596357879.39,1.36973104612758,49686.1154582583,,6182.34375,80.6080487804878,83797985.0
DE,Germany,2021,,ST.INT.ARVL,Germany,238.118085806692,33073180.0,91.4306,4348297440387.53,3.6699998840452,52265.6541620571,,6638.20800781,80.790243902439,83196078.0
DE,Germany,2020,12449000.0,ST.INT.ARVL,Germany,238.017318755545,25758450.0,89.8129,3940142541354.1,-4.09513751682526,47379.765194548,7.8,5932.20019531,81.0414634146342,83160871.0
DE,Germany,2019,39563000.0,ST.INT.ARVL,Germany,237.822954291766,109633750.727,88.1345,3957208055215.68,0.987893350164853,47623.8656074829,7.91,5488.53955078,81.2926829268293,83092962.0
DE,Germany,2018,38881000.0,ST.INT.ARVL,Germany,237.294012250272,109796202.17431,87.0371,4052008447223.53,1.11644310902427,48874.8595028454,7.98,5507.67675781,80.8926829268293,82905782.0
GH,Ghana,2024,,ST.INT.ARVL,Ghana,,,,82825288888.9734,5.68487260389836,2405.79466378083,,,,34427414.0
GH,Ghana,2023,,ST.INT.ARVL,Ghana,148.49676310689,,69.9445,80547146878.3843,3.14009099763754,2383.90410483418,,,65.498,33787914.0
GH,Ghana,2022,,ST.INT.ARVL,Ghana,145.689425270181,,69.3607,73919003209.9866,3.80484980952164,2229.89122647803,,82.32108307,65.246,33149152.0
GH,Ghana,2021,,ST.INT.ARVL,Ghana,142.918455784436,559393.0,68.6,79514204730.3979,5.07646643533542,2445.18662529344,,94.40388489,64.286,32518665.0
GH,Ghana,2020,,ST.INT.ARVL,Ghana,140.147712389575,321437.0,62.5176,70008243859.8666,0.513941670628171,2195.45481659987,,97.37677765,64.309,31887809.0
GH,Ghana,2019,,ST.INT.ARVL,Ghana,137.382028101418,597343.0,22.0732,68352629246.1555,6.5077747939152,2186.65822682613,,71.14958191,64.455,31258945.0
GH,Ghana,2018,,ST.INT.ARVL,Ghana,134.647029093786,467624.0,43.0,67259353965.6087,6.20007768127284,2195.32166016377,,53.37788773,64.138,30637585.0
GI,Gibraltar,2024,,ST.INT.ARVL,Gibraltar,,,,,,,,,,39329.0
GI,Gibraltar,2023,,ST.INT.ARVL,Gibraltar,3847.1,,,,,,,,83.553,38471.0
GI,Gibraltar,2022,,ST.INT.ARVL,Gibraltar,3760.9,,,,,,,,83.517,37609.0
GI,Gibraltar,2021,,ST.INT.ARVL,Gibraltar,3685.8,,,,,,,,80.274,36858.0
GI,Gibraltar,2020,,ST.INT.ARVL,Gibraltar,3617.3,,,,,,,,83.07,36173.0
GI,Gibraltar,2019,,ST.INT.ARVL,Gibraltar,3549.4,,,,,,,,83.183,35494.0
GI,Gibraltar,2018,,ST.INT.ARVL,Gibraltar,3485.4,,,,,,,,83.028,34854.0
GR,Greece,2024,,ST.INT.ARVL,Greece,,,86.2697,257144811301.673,2.27173622615105,24752.1068401681,,,,10388805.0
GR,Greece,2023,,ST.INT.ARVL,Greece,80.7260512024826,,85.0102,243498333237.802,2.33212444945818,23400.7278817691,,,81.5365853658537,10405588.0
GR,Greece,2022,,ST.INT.ARVL,Greece,80.968828549263,,83.1707,218880566444.349,5.74364902526337,20971.8349258283,,1768.11071777,80.7878048780488,10436882.0
GR,Greece,2021,,ST.INT.ARVL,Greece,81.9953995345229,8726345.0,78.4943,218303801895.326,8.65449786002131,20654.7001960815,,1846.37304688,80.0829268292683,10569207.0
GR,Greece,2020,7406000.0,ST.INT.ARVL,Greece,82.999216446858,5647917.0,78.1158,191362985554.861,-9.19623149726978,17886.733165236,,1674.78417969,81.2878048780488,10698599.0
GR,Greece,2019,34005000.0,ST.INT.ARVL,Greece,83.1775174553918,16124738.33,75.6712,207305649887.019,2.27718065334808,19335.3602002969,4.24,1569.02905273,81.6390243902439,10721582.0
GR,Greece,2018,33072000.0,ST.INT.ARVL,Greece,83.2651823118697,15125933.5152598,72.2384,213298873494.394,2.06467207892409,19873.4015238771,4.24,1603.07788086,81.7878048780488,10732882.0
GL,Greenland,2024,,ST.INT.ARVL,Greenland,,,,,,,,,,56836.0
GL,Greenland,2023,,ST.INT.ARVL,Greenland,0.138543062492386,,,3326544174.37945,0.865961986998158,58498.9743142433,,,71.549756097561,56865.0
GL,Greenland,2022,,ST.INT.ARVL,Greenland,0.138046047021562,,,3152334771.77992,2.00455580865604,55635.0006491223,,,71.5404878048781,56661.0
GL,Greenland,2021,,ST.INT.ARVL,Greenland,0.138026556218784,,,3293578467.57327,1.63409410992996,58135.9939910203,,,71.8139024390244,56653.0
GL,Greenland,2020,,ST.INT.ARVL,Greenland,0.137329760019491,,,3089625554.40473,0.250789762104304,54812.6661771023,,,71.8507317073171,56367.0
GL,Greenland,2019,,ST.INT.ARVL,Greenland,0.136983798270191,,,2997309971.87623,2.83217756798683,53309.2035905065,,,71.9443902439024,56225.0
GL,Greenland,2018,,ST.INT.ARVL,Greenland,0.136491655500061,,,3055782146.15957,0.62306542854094,54545.135857765,,,71.9675609756098,56023.0
GD,Grenada,2024,,ST.INT.ARVL,Grenada,,,,1391435992.59259,3.69305932786197,11871.6117006031,,,,117207.0
GD,Grenada,2023,,ST.INT.ARVL,Grenada,344.355882352941,,74.1201,1323985600.0,4.67976181593586,11308.2874249451,,,75.205,117081.0
GD,Grenada,2022,,ST.INT.ARVL,Grenada,343.861764705882,,74.2689,1231732103.7037,7.32074061551874,10535.4588771454,,521.23730469,75.151,116913.0
GD,Grenada,2021,,ST.INT.ARVL,Grenada,343.2,,70.5594,1122800000.0,4.68747816934534,9622.24050459345,,514.32141113,74.522,116688.0
GD,Grenada,2020,217000.0,ST.INT.ARVL,Grenada,342.179411764706,,67.3637,1043411111.11111,-13.7566222572107,8968.55890108484,,477.34429932,75.019,116341.0
GD,Grenada,2019,526000.0,ST.INT.ARVL,Grenada,341.120588235294,,64.3128,1213485185.18519,0.676511738873756,10462.7929159533,,515.94726563,74.971,115981.0
GD,Grenada,2018,529000.0,ST.INT.ARVL,Grenada,340.267647058824,,61.4,1166514814.81481,4.36144039364797,10083.021279225,3.18,462.2394104,74.957,115691.0
GU,Guam,2024,,ST.INT.ARVL,Guam,,,,,,,,,,167777.0
GU,Guam,2023,,ST.INT.ARVL,Guam,308.344444444444,,,,,,,,77.209,166506.0
GU,Guam,2022,,ST.INT.ARVL,Guam,305.888888888889,,,6910000000.0,5.09986426216793,41833.1517132825,,,77.102,165180.0
GU,Guam,2021,,ST.INT.ARVL,Guam,303.203703703704,,,6234000000.0,2.0581832574708,38074.8793745801,,,75.434,163730.0
GU,Guam,2020,328000.0,ST.INT.ARVL,Guam,300.292592592593,,,5916000000.0,-10.5188595714539,36482.9363953675,,,75.529,162158.0
GU,Guam,2019,1667000.0,ST.INT.ARVL,Guam,299.644444444444,,,6355000000.0,2.52360203340596,39274.9431424899,,,76.645,161808.0
GU,Guam,2018,1549000.0,ST.INT.ARVL,Guam,301.257407407407,,,6051000000.0,-0.828231904933389,37195.9503070464,,,76.561,162679.0
GT,Guatemala,2024,,ST.INT.ARVL,Guatemala,,,,113199586004.477,3.65186462898195,6150.02597767851,,,,18406359.0
GT,Guatemala,2023,,ST.INT.ARVL,Guatemala,169.138092571855,,56.0535,104368413483.146,3.53315670086947,5758.30876298845,,,72.602,18124838.0
GT,Guatemala,2022,,ST.INT.ARVL,Guatemala,166.553536767451,,55.4086,95641441234.943,4.18451808712605,5358.70127494396,,396.07998657,71.206,17847877.0
GT,Guatemala,2021,,ST.INT.ARVL,Guatemala,164.227790220231,1766.181,50.8416,86455519686.8841,8.0417038372514,4912.62225721201,0.44,341.14865112,67.858,17598650.0
GT,Guatemala,2020,594000.0,ST.INT.ARVL,Guatemala,161.97578387458,25217.454,47.5123,77719464220.73,-1.78555194467604,4477.61761796418,0.43,289.21640015,69.971,17357325.0
GT,Guatemala,2019,2560000.0,ST.INT.ARVL,Guatemala,159.609957073535,107350.0,44.401,77172317258.6478,4.0178979343828,4511.99755157656,0.47,278.59024048,71.639,17103803.0
GT,Guatemala,2018,2406000.0,ST.INT.ARVL,Guatemala,157.201241134752,145795.0,41.5,73328365862.4329,3.40687346472738,4352.94651790253,0.44,265.81820679,71.496,16845685.0
GN,Guinea,2024,,ST.INT.ARVL,Guinea,,,,25334307878.737,5.6685239347435,1717.02318120779,,,,14754785.0
GN,Guinea,2023,,ST.INT.ARVL,Guinea,58.6255412664822,,26.5014,22407615556.0571,5.54172668627702,1555.49375806861,,,60.74,14405468.0
GN,Guinea,2022,,ST.INT.ARVL,Guinea,57.1998087253785,,24.6954,19910452541.9219,3.97240784200721,1416.59612011764,,55.03785324,60.432,14055137.0
GN,Guinea,2021,,ST.INT.ARVL,Guinea,55.7973018069347,,24.3044,17069115737.8259,5.5823328114905,1244.96550477914,,44.10476303,59.373,13710513.0
GN,Guinea,2020,,ST.INT.ARVL,Guinea,54.4163397362852,,23.4499,14088693742.9464,4.70459096113575,1053.66097696415,,41.1027565,59.35,13371183.0
GN,Guinea,2019,,ST.INT.ARVL,Guinea,53.0455233599219,,22.6255,13442861496.4454,5.61691446889876,1031.34146480732,,42.16910172,59.379,13034346.0
GN,Guinea,2018,,ST.INT.ARVL,Guinea,51.7042731564382,,21.83,11857030366.7891,6.35849192736715,933.273615633705,,34.88978195,59.043,12704774.0
GW,Guinea-Bissau,2024,,ST.INT.ARVL,Guinea-Bissau,,,,2119865935.24909,4.81348595188295,962.983627901892,,,,2201352.0
GW,Guinea-Bissau,2023,,ST.INT.ARVL,Guinea-Bissau,76.5767780938834,,32.4661,2077816134.67419,4.46369936133392,964.927554218909,,,64.085,2153339.0
GW,Guinea-Bissau,2022,,ST.INT.ARVL,Guinea-Bissau,74.8765647226174,,27.5672,1839048747.87671,5.58513728011474,873.437861875428,,66.05480957,63.605,2105529.0
GW,Guinea-Bissau,2021,,ST.INT.ARVL,Guinea-Bissau,73.2162517780939,,23.3519,1878659686.58993,5.23736640634888,912.484104692847,,68.37879181,61.653,2058841.0
GW,Guinea-Bissau,2020,,ST.INT.ARVL,Guinea-Bissau,71.5951280227596,,20.4573,1683619351.72486,2.12811490126288,836.26731423732,,68.1931076,61.343,2013255.0
GW,Guinea-Bissau,2019,52400.0015258789,ST.INT.ARVL,Guinea-Bissau,69.9749644381223,,17.9215,1588767975.59018,5.56574533585568,807.425524872835,,54.16643524,62.161,1967696.0
GW,Guinea-Bissau,2018,55000.0,ST.INT.ARVL,Guinea-Bissau,68.3559032716927,,15.7,1554133593.91699,3.76145359637003,808.531613218504,,58.8792572,61.652,1922168.0
GY,Guyana,2024,,ST.INT.ARVL,Guyana,,,,24835899825.8993,43.3720094777132,29883.6341152001,,,,831087.0
GY,Guyana,2023,,ST.INT.ARVL,Guyana,3.91376811594203,,81.7221,16918503597.1223,33.795011115873,20473.7002190617,,,70.18,826353.0
GY,Guyana,2022,,ST.INT.ARVL,Guyana,3.89143222506394,,78.3924,14718388489.2086,63.3346343654855,17913.4928066879,,531.62786865,69.888,821637.0
GY,Guyana,2021,,ST.INT.ARVL,Guyana,3.86228095102775,7512.0,71.6509,8041362110.31175,20.0599975568418,9860.87014834386,2.59,462.59054565,64.323,815482.0
GY,Guyana,2020,86400.0015258789,ST.INT.ARVL,Guyana,3.82438666287771,17990.0,62.954,5471256594.72422,43.479651716849,6775.70939096303,2.25,367.11260986,67.751,807481.0
GY,Guyana,2019,315000.0,ST.INT.ARVL,Guyana,4.10294640589281,28697.0,55.3127,5173760191.84652,5.35284003535665,6405.82443444562,2.18,314.0977478,69.067,807665.0
GY,Guyana,2018,287000.0,ST.INT.ARVL,Guyana,4.02111252222504,26069.0,48.5989,4787636997.85343,4.44091288475967,6048.38697180418,1.69,296.66903687,68.829,791556.0
HT,Haiti,2024,,ST.INT.ARVL,Haiti,,,,25224154990.7946,-4.16963395808132,2142.62330526788,,,,11772557.0
HT,Haiti,2023,,ST.INT.ARVL,Haiti,422.256821480406,,,19850585722.3241,-1.86388420254838,1705.75808460999,,,64.936,11637398.0
HT,Haiti,2022,,ST.INT.ARVL,Haiti,417.402249637155,,,20253551920.5516,-1.68198396897978,1760.62635668777,,52.29947662,63.948,11503606.0
HT,Haiti,2021,,ST.INT.ARVL,Haiti,412.720827285922,23119.0,,20877414952.6375,-1.79823988931486,1835.44394078496,4.77,57.62987518,62.613,11374586.0
HT,Haiti,2020,,ST.INT.ARVL,Haiti,407.977068214804,23119.0,,14508222518.3018,-3.30550546965893,1290.32538667383,5.03,44.4271965,63.773,11243848.0
HT,Haiti,2019,938000.0,ST.INT.ARVL,Haiti,402.944956458636,,39.262,15016090929.5125,-1.72309699839232,1352.17204191532,4.87,49.32995987,64.328,11105163.0
HT,Haiti,2018,1333000.0,ST.INT.ARVL,Haiti,397.763497822932,,32.4736,16403864617.8458,1.66781095484656,1496.38048970156,5.26,62.30102539,64.077,10962362.0
HN,Honduras,2024,,ST.INT.ARVL,Honduras,,,,37093565854.0437,3.55397003296669,3426.43483328923,,,,10825703.0
HN,Honduras,2023,,ST.INT.ARVL,Honduras,95.1367503798373,,58.2789,34355805527.9795,3.57584760454412,3227.45762509776,,,72.884,10644851.0
HN,Honduras,2022,,ST.INT.ARVL,Honduras,93.5192778621861,,56.3896,31426041806.7985,4.14356194013767,3003.28996826399,,251.04405212,72.715,10463872.0
HN,Honduras,2021,,ST.INT.ARVL,Honduras,91.9642237912235,271314.0,51.9516,28144331506.6149,12.5652843771279,2735.14751503977,0.66,253.63349915,69.492,10289877.0
HN,Honduras,2020,669000.0,ST.INT.ARVL,Honduras,90.4427562784878,,45.2483,23352232483.755,-8.96508223267296,2307.61494319511,0.71,212.7419281,70.864,10119640.0
HN,Honduras,2019,2315000.0,ST.INT.ARVL,Honduras,88.8697202609706,321243.0,39.3884,24882225741.8119,2.55963434592314,2502.32744328073,0.65,183.75006104,72.124,9943633.0
HN,Honduras,2018,2323000.0,ST.INT.ARVL,Honduras,87.2750916078291,411989.0,36.0401,24067750760.499,3.84499476966735,2464.64241531918,0.64,178.1494751,72.001,9765210.0
HK,"Hong Kong SAR, China",2024,,ST.INT.ARVL,"Hong Kong SAR, China",,,,407106738445.069,2.5411975388228,54107.034521746,,,,7524100.0
HK,"Hong Kong SAR, China",2023,,ST.INT.ARVL,"Hong Kong SAR, China",7177.2380952381,,95.9778,381066399066.208,3.21448901714471,50565.4647717265,,,85.2473170731707,7536100.0
HK,"Hong Kong SAR, China",2022,,ST.INT.ARVL,"Hong Kong SAR, China",6996.28571428571,,95.6136,358679533984.718,-3.68375141698573,48825.8441873536,,,83.6609756097561,7346100.0
HK,"Hong Kong SAR, China",2021,,ST.INT.ARVL,"Hong Kong SAR, China",7060.09523809524,777197.0,93.0872,368954169748.818,6.4544247325683,49770.5642374739,,,85.5326829268293,7413100.0
HK,"Hong Kong SAR, China",2020,3569000.0,ST.INT.ARVL,"Hong Kong SAR, China",7124.7619047619,5878548.0,92.4131,344943149590.058,-6.54478320166854,46109.2299946609,,,85.4963414634146,7481000.0
HK,"Hong Kong SAR, China",2019,55913000.0,ST.INT.ARVL,"Hong Kong SAR, China",7150.38095238095,46469864.0,91.7434,363074545072.389,-1.67239516545338,48359.0011950597,,,85.1558536585366,7507900.0
HK,"Hong Kong SAR, China",2018,65148000.0,ST.INT.ARVL,"Hong Kong SAR, China",7097.71428571429,47101822.0,90.5074,361731070995.726,2.84693457597662,48537.5668888343,,,84.869756097561,7452600.0
HU,Hungary,2024,,ST.INT.ARVL,Hungary,,,93.779,222904723252.11,0.512305790657138,23310.7512733957,,,,9562314.0
HU,Hungary,2023,,ST.INT.ARVL,Hungary,105.108327854482,,91.4501,214022571311.24,-0.842528840639091,22312.1790289763,,1407.48730469,76.7707317073171,9592186.0
HU,Hungary,2022,,ST.INT.ARVL,Hungary,105.249550734166,,89.1428,177536698164.902,4.27034755162904,18483.6366867035,,1224.43383789,75.8682926829268,9605074.0
HU,Hungary,2021,,ST.INT.ARVL,Hungary,105.532895025203,20127200.0,88.6408,183282685440.486,7.22291580811137,19030.628130329,6.84,1381.62109375,74.0658536585366,9630932.0
HU,Hungary,2020,31641000.0,ST.INT.ARVL,Hungary,105.965581854043,14597294.0,84.7712,158468487754.196,-4.33872540024058,16386.9308821258,6.76,1172.83972168,75.419512195122,9670419.0
HU,Hungary,2019,61397000.0,ST.INT.ARVL,Hungary,106.233004602235,39803373.0,80.3717,164936682033.992,5.07718495088933,17012.8598553199,6.91,1054.28076172,76.3195121951219,9694824.0
HU,Hungary,2018,57667000.0,ST.INT.ARVL,Hungary,106.366031119877,31226848.0,76.0744,161184691013.835,5.60613813768876,16605.0570511887,6.95,1080.44775391,76.0658536585366,9706964.0
IS,Iceland,2024,,ST.INT.ARVL,Iceland,,,,33462807982.85,0.516863121729386,82703.8579937471,,,,404610.0
IS,Iceland,2023,,ST.INT.ARVL,Iceland,3.90111078052167,,99.8301,31452223861.9091,5.64646181923563,79960.0961535662,,7196.90917969,82.6073170731707,393349.0
IS,Iceland,2022,,ST.INT.ARVL,Iceland,3.78858474660319,,99.8082,28696453180.1657,8.97897085175497,75121.0152280628,,6851.62939453,82.119512195122,382003.0
IS,Iceland,2021,,ST.INT.ARVL,Iceland,3.69453535654071,1499034.0,99.687,25770339317.3897,5.03340613127381,69178.4046960961,,6722.421875,83.1658536585366,372520.0
IS,Iceland,2020,488000.0,ST.INT.ARVL,Iceland,3.63446394922146,903927.0,99.5328,21629953194.0659,-6.94045306829003,59023.5663465778,2.83,5692.89111328,83.0634146341463,366463.0
IS,Iceland,2019,2202000.0,ST.INT.ARVL,Iceland,3.5759496181692,4656017.0,99.5049,24681343649.2952,1.8611779461166,68452.23622306,2.8,5912.00976563,83.1634146341463,360563.0
IS,Iceland,2018,2488000.0,ST.INT.ARVL,Iceland,3.49817514628583,7819740.55998243,99.011,26260850582.0687,4.88917300218223,74452.1890731447,2.87,6280.03857422,82.8609756097561,352721.0
IN,India,2024,,ST.INT.ARVL,India,,,,3912686168582.21,6.48422363033757,2696.66389984463,,,,1450935791.0
IN,India,2023,,ST.INT.ARVL,India,483.679010086809,,,3638489096033.86,9.19075493028345,2530.12031278204,,,72.003,1438069596.0
IN,India,2022,,ST.INT.ARVL,India,479.425536881262,,55.9,3346107287730.93,7.60936497768895,2347.44829434623,,79.51509857,71.698,1425423212.0
IN,India,2021,,ST.INT.ARVL,India,475.652042419085,83964797.0,,3167270623260.47,9.68959249192875,2239.61384367482,1.6,75.54971313,67.282,1414203896.0
IN,India,2020,,ST.INT.ARVL,India,471.755150192218,68959633.0,43.4054,2674851578587.27,-5.77772470686801,1907.04251637669,1.62,63.83099747,70.156,1402617695.0
IN,India,2019,17914000.0,ST.INT.ARVL,India,467.185182245332,167499116.0,29.5235,2835606256558.19,3.87143694070356,2041.42863698585,1.63,60.6913681,70.746,1389030312.0
IN,India,2018,17423000.0,ST.INT.ARVL,India,462.351569862673,164035637.545,20.0813,2702929641648.74,6.45385134497769,1966.25455171679,1.65,57.46551132,70.415,1374659064.0
ID,Indonesia,2024,,ST.INT.ARVL,Indonesia,,,72.7808,1396300098190.97,5.03034469419038,4925.43048751861,,,,283487931.0
ID,Indonesia,2023,,ST.INT.ARVL,Indonesia,148.57692229227,,69.2084,1371169301563.62,5.04902331835997,4876.30774512252,,,71.146,281190067.0
ID,Indonesia,2022,,ST.INT.ARVL,Indonesia,147.330175215419,,66.4846,1319101183380.15,5.30719722664799,4730.83484836107,,127.44384766,70.925,278830529.0
ID,Indonesia,2021,,ST.INT.ARVL,Indonesia,146.235107708626,33549828.0,62.1045,1186509691086.73,3.70288562827751,4287.17313995098,1.36,158.89761353,67.452,276758053.0
ID,Indonesia,2020,4053000.0,ST.INT.ARVL,Indonesia,146.371283592869,37523686.817,53.7265,1059054842698.48,-2.06551182934165,3853.70288774146,1.4,131.8225708,68.817,274814866.0
ID,Indonesia,2019,16107000.0,ST.INT.ARVL,Indonesia,145.132688936836,91323153.0,47.6906,1119099871350.2,5.01928768046282,4106.94856160358,1.18,118.22380829,70.349,272489381.0
ID,Indonesia,2018,15810000.0,ST.INT.ARVL,Indonesia,143.781152680745,115154100.909,39.9046,1042271532988.63,5.17429153955024,3860.95353090726,1.16,110.71585846,70.08,269951846.0
IR,"Iran, Islamic Rep.",2024,,ST.INT.ARVL,"Iran, Islamic Rep.",,,,436906331671.859,3.0400003094751,4771.40029026226,,,,91567738.0
IR,"Iran, Islamic Rep.",2023,,ST.INT.ARVL,"Iran, Islamic Rep.",55.8451198767334,,79.6309,404625655076.275,5.04489019512138,4465.63766853306,,,77.654,90608707.0
IR,"Iran, Islamic Rep.",2022,,ST.INT.ARVL,"Iran, Islamic Rep.",55.1767309707242,,79.061,394362621793.035,3.77663140152906,4405.09291519791,,237.82546997,76.799,89524246.0
IR,"Iran, Islamic Rep.",2021,,ST.INT.ARVL,"Iran, Islamic Rep.",54.518020338983,13695897.024,78.5957,383436202446.695,4.71977773157164,4334.79268631354,,233.74671936,73.752,88455488.0
IR,"Iran, Islamic Rep.",2020,1550000.0,ST.INT.ARVL,"Iran, Islamic Rep.",54.0668369799692,12744853.781,75.5699,262186179355.944,3.33028845926594,2988.78122414716,,201.4589386,74.141,87723443.0
IR,"Iran, Islamic Rep.",2019,9107000.0,ST.INT.ARVL,"Iran, Islamic Rep.",53.6527876733436,21641449.393,72.4509,333519146339.191,-3.0705879849703,3831.27894763337,1.86,225.23252869,76.855,87051648.0
IR,"Iran, Islamic Rep.",2018,7295000.0,ST.INT.ARVL,"Iran, Islamic Rep.",53.0773485362096,23029380.0,70.2006,398880231367.268,-1.83800757093036,4631.78709016514,1.95,284.95181274,76.621,86117998.0
IQ,Iraq,2024,,ST.INT.ARVL,Iraq,,,,279641257615.385,-1.54525198318304,6073.61032342708,,,,46042015.0
IQ,Iraq,2023,,ST.INT.ARVL,Iraq,103.826155759795,,81.7291,268881051643.549,0.517705525131191,5965.31835077761,,,72.324,45074049.0
IQ,Iraq,2022,,ST.INT.ARVL,Iraq,101.514640775804,,78.7156,287372232137.931,7.95904804992662,6520.73154560584,,254.62432861,72.037,44070551.0
IQ,Iraq,2021,,ST.INT.ARVL,Iraq,99.2127035680556,1620013.0,65.0022,209691945713.103,1.50218070952037,4868.49431080783,1.3,251.59538269,70.704,43071211.0
IQ,Iraq,2020,,ST.INT.ARVL,Iraq,97.0138092276507,764661.0,53.6778,180898797516.874,-12.0367930931152,4295.18945121228,1.2,248.04725647,69.651,42116605.0
IQ,Iraq,2019,,ST.INT.ARVL,Iraq,94.8844148066247,5434292.0,44.3263,233636097800.338,5.51379057542323,5671.8568632942,1.2,241.73873901,71.245,41192171.0
IQ,Iraq,2018,,ST.INT.ARVL,Iraq,92.7505804739616,4812610.0,33.9,227367469034.031,2.63385099105624,5646.68932074742,1.05,232.86825562,71.116,40265624.0
IE,Ireland,2024,,ST.INT.ARVL,Ireland,,,,577389475009.922,1.22133429898928,107316.337306921,,,,5380257.0
IE,Ireland,2023,,ST.INT.ARVL,Ireland,77.0445637973581,,96.4974,551394889339.778,-5.5300073886596,103887.800388081,,,82.8609756097561,5307600.0
IE,Ireland,2022,,ST.INT.ARVL,Ireland,75.6689795325882,,96.6206,548570250341.987,8.61950345618772,105234.511567597,,6448.02197266,82.509756097561,5212836.0
IE,Ireland,2021,,ST.INT.ARVL,Ireland,74.1847147626651,74065210.0,96.4235,531306516907.984,16.2556135233358,103961.976350649,,6764.25878906,82.2536585365854,5110585.0
IE,Ireland,2020,,ST.INT.ARVL,Ireland,73.1564377993903,54582262.0,91.9999,436555518400.451,7.1578988000836,86622.5067251295,2.91,6098.26660156,82.4560975609756,5039747.0
IE,Ireland,2019,10951000.0,ST.INT.ARVL,Ireland,72.237712294963,170161848.0,87.0001,407124824064.995,5.04054996161159,81810.1926481407,2.9,5462.73095703,82.7024390243903,4976456.0
IE,Ireland,2018,10926000.0,ST.INT.ARVL,Ireland,71.0991725939904,167598633.0,87.0001,395461216460.418,7.5443421414267,80738.9628834696,2.99,5187.05761719,82.2048780487805,4898022.0
IM,Isle of Man,2024,,ST.INT.ARVL,Isle of Man,,,,,,,,,,84160.0
IM,Isle of Man,2023,,ST.INT.ARVL,Isle of Man,147.657894736842,,,,,,,,80.999,84165.0
IM,Isle of Man,2022,,ST.INT.ARVL,Isle of Man,147.6,,,7431257410.92713,-4.16539345213232,88328.548125887,,,80.956,84132.0
IM,Isle of Man,2021,,ST.INT.ARVL,Isle of Man,147.554385964912,,,7931193222.06405,3.83783632334639,94299.969348965,,,80.42,84106.0
IM,Isle of Man,2020,,ST.INT.ARVL,Isle of Man,147.480701754386,,,6684225641.02564,-8.83681697473475,79513.5330346598,,,80.591,84064.0
IM,Isle of Man,2019,,ST.INT.ARVL,Isle of Man,147.29298245614,,,7314967866.28289,0.254877847398262,87127.5517977404,,,80.74,83957.0
IM,Isle of Man,2018,,ST.INT.ARVL,Isle of Man,147.026315789474,,,7491649455.92717,2.2133975392251,89393.8244248812,,,80.614,83805.0
IL,Israel,2024,,ST.INT.ARVL,Israel,,,88.1824,540379921261.681,0.871968424377442,54176.6844383302,,,,9974400.0
IL,Israel,2023,,ST.INT.ARVL,Israel,455.129390018484,,87.0384,512184638998.974,1.82652049482384,52003.7200729997,,,83.1951219512195,9849000.0
IL,Israel,2022,,ST.INT.ARVL,Israel,441.658964879852,,91.8508,525181008025.57,6.26326343841286,54949.621556429,,4223.87255859,82.7,9557500.0
IL,Israel,2021,,ST.INT.ARVL,Israel,433.059149722736,2437207.0,90.2969,489851549972.347,9.38837403354628,52270.9040241956,3.06,4190.61328125,82.5,9371400.0
IL,Israel,2020,,ST.INT.ARVL,Israel,425.836414048059,1249361.0,90.1273,410768352657.612,-2.02161548237589,44575.5719045492,3.07,3616.50219727,82.6487804878049,9215100.0
IL,Israel,2019,4905000.0,ST.INT.ARVL,Israel,418.391866913124,7068458.0,86.7879,400645216358.857,3.71049632750405,44250.6313628073,3.12,3335.24511719,82.8048780487805,9054000.0
IL,Israel,2018,4389000.0,ST.INT.ARVL,Israel,410.480591497227,7404373.0,83.7332,376299083108.497,4.00389862187025,42362.6652754196,3.12,3199.41625977,82.8024390243903,8882800.0
IT,Italy,2024,,ST.INT.ARVL,Italy,,,89.2207,2372774547793.12,0.725792380234424,40226.0472416173,,,,58986023.0
IT,Italy,2023,,ST.INT.ARVL,Italy,199.490988096848,,87.0278,2304605139862.79,0.715372500867531,39065.4244365633,,3228.43505859,83.7,58993475.0
IT,Italy,2022,,ST.INT.ARVL,Italy,199.559268903016,,85.0607,2104067630319.46,4.82117669913565,35653.9042103495,,3134.68066406,82.7,59013667.0
IT,Italy,2021,,ST.INT.ARVL,Italy,199.965416259464,2449339.0,74.8623,2179207773596.09,8.93106210800055,36852.5425414951,,3399.85766602,82.6463414634146,59133173.0
IT,Italy,2020,38419000.0,ST.INT.ARVL,Italy,200.999100491348,7801490.0,70.4834,1907481094079.23,-8.86822122185345,32091.4866621366,3.18,3062.09838867,82.1951219512195,59438851.0
IT,Italy,2019,95399000.0,ST.INT.ARVL,Italy,201.980545589195,27760301.0,67.8507,2019606796583.53,0.429162533780342,33812.788724868,3.16,2910.64672852,83.4975609756098,59729081.0
IT,Italy,2018,93228601.5625,ST.INT.ARVL,Italy,203.398704170865,27243741.0,74.3872,2099435266458.67,0.826646712344115,34904.1081923834,3.17,3002.76123047,83.3463414634146,60148658.0
JM,Jamaica,2024,,ST.INT.ARVL,Jamaica,,,,19930288337.028,-0.718806911772319,7019.74634780454,,,,2839175.0
JM,Jamaica,2023,,ST.INT.ARVL,Jamaica,262.214773776547,,89.473,19423355367.2372,2.60466305532201,6839.72502408181,,,71.479,2839786.0
JM,Jamaica,2022,,ST.INT.ARVL,Jamaica,262.155493998153,,82.4453,17097760686.7775,5.22151985159613,6022.15339791763,,468.34671021,71.481,2839144.0
JM,Jamaica,2021,,ST.INT.ARVL,Jamaica,262.020498614958,,82.3607,14657586159.4316,4.60142450033383,5165.33782130331,1.68,371.14056396,69.085,2837682.0
JM,Jamaica,2020,1329699.95117188,ST.INT.ARVL,Jamaica,261.379409048938,,76.384,13812421835.7369,-9.92032245054413,4879.44025773374,1.71,323.30215454,71.452,2830739.0
JM,Jamaica,2019,4233000.0,ST.INT.ARVL,Jamaica,260.689843028624,,70.841,15830766531.1474,0.892291653822227,5607.24299266608,1.73,341.90777588,71.532,2823271.0
JM,Jamaica,2018,4319000.0,ST.INT.ARVL,Jamaica,260.39676823638,180951.272,68.2145,15730792876.2656,1.88992368121086,5578.10347525832,1.7,332.90045166,71.606,2820097.0
JP,Japan,2024,,ST.INT.ARVL,Japan,,,,4026210821146.81,0.0836985643852159,32475.8924992191,,,,123975371.0
JP,Japan,2023,,ST.INT.ARVL,Japan,341.54455749932,,86.9815,4213167237905.83,1.47503481053384,33836.1756271617,,,84.0412195121951,124516650.0
JP,Japan,2022,,ST.INT.ARVL,Japan,343.278433470508,,84.9234,4262463317796.53,0.941998775483285,34065.6438962526,,3889.35717773,83.9963414634146,125124989.0
JP,Japan,2021,,ST.INT.ARVL,Japan,344.80546776406,45410146.0,82.9141,5039148168861.22,2.69657404187188,40094.5599795288,,4482.61816406,84.4456097560976,125681593.0
JP,Japan,2020,4115799.8046875,ST.INT.ARVL,Japan,346.395061728395,51131122.0,90.2195,5054068005376.28,-4.16876457146743,40028.7341726762,12.72,4486.63671875,84.56,126261000.0
JP,Japan,2019,31881000.0,ST.INT.ARVL,Japan,347.415637860082,130233352.0,92.7304,5117993853016.51,-0.402169200894946,40415.9567649547,12.88,4431.29980469,84.3563414634146,126633000.0
JP,Japan,2018,31191000.0,ST.INT.ARVL,Japan,347.903978052126,126387527.0,88.7464,5040880939324.86,0.643391023533141,39751.1330982711,13.0,4265.77929688,84.2109756097561,126811000.0
JO,Jordan,2024,,ST.INT.ARVL,Jordan,,,,53352289577.4648,2.48889409603647,4618.09592498567,,,,11552876.0
JO,Jordan,2023,,ST.INT.ARVL,Jordan,128.828670856139,,92.5344,51088476338.0282,2.88408339281683,4466.08314208575,,,77.814,11439213.0
JO,Jordan,2022,,ST.INT.ARVL,Jordan,126.768283893056,,90.5,48764963380.2817,2.64743514912058,4332.25159897931,,295.13876343,77.088,11256263.0
JO,Jordan,2021,,ST.INT.ARVL,Jordan,124.629547041467,1695302.0,86.0,46296100140.8451,3.65564358999147,4183.49998326866,1.38,301.28631592,74.204,11066356.0
JO,Jordan,2020,1240000.0,ST.INT.ARVL,Jordan,122.364439038674,816253.0,78.4178,43700383098.5916,-1.10275188309046,4022.0401356135,1.37,286.19711304,75.583,10865228.0
JO,Jordan,2019,5361000.0,ST.INT.ARVL,Jordan,120.187073450909,3478444.0,70.0847,44503006338.0282,1.75124077866225,4170.1144003465,1.36,294.92785645,76.865,10671891.0
JO,Jordan,2018,4922000.0,ST.INT.ARVL,Jordan,117.84530299617,3383805.0,65.2,43370860704.2254,1.91907091341564,4145.43989673265,1.41,289.47106934,76.491,10462306.0
KZ,Kazakhstan,2024,,ST.INT.ARVL,Kazakhstan,,,93.3917,288406138230.669,4.80000000000022,14005.3487362345,,,,20592571.0
KZ,Kazakhstan,2023,,ST.INT.ARVL,Kazakhstan,7.53050487091158,,92.8785,261840101059.923,5.09999999999999,12879.4275257974,,,74.402,20330104.0
KZ,Kazakhstan,2022,,ST.INT.ARVL,Kazakhstan,7.42105011667963,,92.2969,225496328925.494,3.19999999970734,11255.3396437881,,420.97982788,73.503,20034609.0
KZ,Kazakhstan,2021,,ST.INT.ARVL,Kazakhstan,7.31325813979331,8765001.0,90.924,197112255360.612,4.29999999729456,9983.60103576902,,391.81536865,70.131,19743603.0
KZ,Kazakhstan,2020,2035000.0,ST.INT.ARVL,Kazakhstan,7.21640071119013,5282205.0,85.9426,171082365861.423,-2.49999999628,8781.50797787648,6.72,329.57086182,71.195,19482117.0
KZ,Kazakhstan,2019,8515000.0,ST.INT.ARVL,Kazakhstan,7.11544060451161,7656866.0,81.8776,181667184854.501,4.50000000091883,9457.12614657136,5.13,263.61331177,73.658,19209555.0
KZ,Kazakhstan,2018,8789000.0,ST.INT.ARVL,Kazakhstan,7.01290032225803,5920110.0,78.9039,179339977690.485,4.09999999309841,9472.48527327758,5.31,266.92147827,73.369,18932727.0
KE,Kenya,2024,,ST.INT.ARVL,Kenya,,,34.9762,124498691699.125,4.49649828461209,2206.1349785176,,,,56432944.0
KE,Kenya,2023,,ST.INT.ARVL,Kenya,95.2681371231706,,35.0,108038588970.595,5.55587301319866,1952.30457929636,,,63.646,55339003.0
KE,Kenya,2022,,ST.INT.ARVL,Kenya,93.3976149483117,,,114448978152.637,4.85998104287999,2109.56288513137,,90.43982697,63.549,54252461.0
KE,Kenya,2021,,ST.INT.ARVL,Kenya,91.6187594501618,2459106.0,,109703658904.994,7.59048947333467,2061.35622089594,,94.1061554,61.225,53219166.0
KE,Kenya,2020,,ST.INT.ARVL,Kenya,89.8940686683206,1865768.0,,100657505750.545,-0.272766327438816,1927.66459027849,,86.59217834,61.596,52217334.0
KE,Kenya,2019,2049000.0,ST.INT.ARVL,Kenya,88.4453894988127,6417534.056,22.6688,100378436207.371,5.11415885767801,1960.40808854893,1.33,85.64528656,62.939,51202827.0
KE,Kenya,2018,2025000.0,ST.INT.ARVL,Kenya,87.019449386981,5905365.1234425,19.5,92202979985.2863,5.64794640709219,1836.45275528993,,75.27681732,62.825,50207107.0
KI,Kiribati,2024,,ST.INT.ARVL,Kiribati,,,,307862546.789627,5.26689926385046,2288.63458265531,,,,134518.0
KI,Kiribati,2023,,ST.INT.ARVL,Kiribati,163.617283950617,,88.0,288610732.190775,2.65201087489879,2177.70114080416,,,66.473,132530.0
KI,Kiribati,2022,,ST.INT.ARVL,Kiribati,161.072839506173,,,270040456.961045,4.56632593100372,2069.76720110559,,217.68276978,66.269,130469.0
KI,Kiribati,2021,,ST.INT.ARVL,Kiribati,158.49012345679,46390.423,,285259893.983064,8.47973787138213,2222.04829512346,,262.54107666,64.148,128377.0
KI,Kiribati,2020,,ST.INT.ARVL,Kiribati,155.677777777778,56299.058,,220897998.732518,-1.46806718078108,1751.7823197053,,239.24353027,65.205,126099.0
KI,Kiribati,2019,12000.0,ST.INT.ARVL,Kiribati,152.988888888889,65846.852,39.5737,216985388.322754,3.26428756458257,1750.9977188915,,177.93025208,65.866,123921.0
KI,Kiribati,2018,9000.0,ST.INT.ARVL,Kiribati,150.720987654321,66567.0,32.9864,233514717.441266,3.47943972105872,1912.73809378187,,208.73831177,65.807,122084.0
KP,"Korea, Dem. People's Rep.",2024,,ST.INT.ARVL,"Korea, Dem. People's Rep.",,,,,,,,,,26498823.0
KP,"Korea, Dem. People's Rep.",2023,,ST.INT.ARVL,"Korea, Dem. People's Rep.",219.402076239515,,,,,,,,73.642,26418204.0
KP,"Korea, Dem. People's Rep.",2022,,ST.INT.ARVL,"Korea, Dem. People's Rep.",218.659953492235,,,,,,,,73.641,26328845.0
KP,"Korea, Dem. People's Rep.",2021,,ST.INT.ARVL,"Korea, Dem. People's Rep.",217.860094676522,523.761,,,,,,,73.437,26232534.0
KP,"Korea, Dem. People's Rep.",2020,,ST.INT.ARVL,"Korea, Dem. People's Rep.",217.060975002076,3563.0,,,,,,,72.783,26136312.0
KP,"Korea, Dem. People's Rep.",2019,,ST.INT.ARVL,"Korea, Dem. People's Rep.",216.241441740719,109095.0,,,,,,,72.928,26037632.0
KP,"Korea, Dem. People's Rep.",2018,,ST.INT.ARVL,"Korea, Dem. People's Rep.",215.357088281704,94245.0,,,,,,,73.02,25931147.0
KR,"Korea, Rep.",2024,,ST.INT.ARVL,"Korea, Rep.",,,97.8956,,,,,,,51751065.0
KR,"Korea, Rep.",2023,,ST.INT.ARVL,"Korea, Rep.",529.842407786885,,97.416,1712792854202.37,1.35673324311098,33121.3712885508,,3269.70385742,83.4292682926829,51712619.0
KR,"Korea, Rep.",2022,,ST.INT.ARVL,"Korea, Rep.",529.43205942623,,97.1686,1673916511799.71,2.61267219187226,32394.6833725203,,3049.67163086,82.6804878048781,51672569.0
KR,"Korea, Rep.",2021,,ST.INT.ARVL,"Korea, Rep.",530.425604508197,34020088.0,97.5713,1818432106880.04,4.30473481906969,35125.5224984723,12.75,3141.52246094,83.5268292682927,51769539.0
KR,"Korea, Rep.",2020,2519000.0,ST.INT.ARVL,"Korea, Rep.",531.109006147541,30033310.0,96.5051,1644312831906.17,-0.709415359397681,31721.2989141857,12.65,2649.33422852,83.4268292682927,51836239.0
KR,"Korea, Rep.",2019,17503000.0,ST.INT.ARVL,"Korea, Rep.",530.377274590164,92434079.0,96.1576,1651422932447.77,2.24397786011012,31902.4169048194,12.42,2592.47851563,83.2268292682927,51764822.0
KR,"Korea, Rep.",2018,15347000.0,ST.INT.ARVL,"Korea, Rep.",528.969011484824,88157579.0,96.0229,1725373496825.43,2.90740377377135,33447.1562836166,12.42,2493.33569336,82.6268292682927,51585058.0
XK,Kosovo,2024,,ST.INT.ARVL,Kosovo,,,,11148602232.663,4.41273828755084,7299.43498083118,,,,1527324.0
XK,Kosovo,2023,,ST.INT.ARVL,Kosovo,,,,10468220306.907,4.06762701436438,6221.20365212094,,,78.033,1682668.0
XK,Kosovo,2022,,ST.INT.ARVL,Kosovo,,,,9354903061.8898,4.27849895827543,5290.94747224687,,,77.623,1768096.0
XK,Kosovo,2021,,ST.INT.ARVL,Kosovo,,,,9413403724.01899,10.7456560819583,5270.42965289833,,,74.981,1786079.0
XK,Kosovo,2020,,ST.INT.ARVL,Kosovo,,,,7717145217.81247,-5.34027547826166,4310.89065548799,,,74.212,1790151.0
XK,Kosovo,2019,,ST.INT.ARVL,Kosovo,,,,7899737577.47286,4.75680057007834,4415.99716107514,,,77.249,1788891.0
XK,Kosovo,2018,,ST.INT.ARVL,Kosovo,,,89.443,7878759714.82322,3.40663227056285,4384.18624084947,,,77.117,1797086.0
KW,Kuwait,2024,,ST.INT.ARVL,Kuwait,,,,160227273001.348,-2.56011113294544,32213.8622292316,,,,4973861.0
KW,Kuwait,2023,,ST.INT.ARVL,Kuwait,272.358024691358,,99.7473,165384407267.056,-1.66720589738431,34075.8490439847,,,83.1878048780488,4853420.0
KW,Kuwait,2022,,ST.INT.ARVL,Kuwait,257.555723905724,,99.7237,183502046669.15,6.75866704650672,39981.7690981957,,1700.31958008,80.5878048780488,4589643.0
KW,Kuwait,2021,,ST.INT.ARVL,Kuwait,244.717452300786,2182888.0,99.7,148350671614.185,1.67263689630211,34018.6342879647,,1788.77563477,78.7365853658537,4360865.0
KW,Kuwait,2020,2161000.0,ST.INT.ARVL,Kuwait,246.928563411897,1823594.0,99.1059,111045470461.207,-4.81778982257279,25236.0755520534,2.35,1523.4276123,78.7609756097561,4400267.0
KW,Kuwait,2019,8565000.0,ST.INT.ARVL,Kuwait,249.288215488215,7385299.0,99.5427,140856394870.02,2.26381690553512,31707.8737464917,2.0,1643.16491699,81.969756097561,4442316.0
KW,Kuwait,2018,8508000.0,ST.INT.ARVL,Kuwait,242.621492704826,6464847.0,99.5988,138646316321.596,2.74333053861294,32067.9623689512,2.01,1658.60375977,80.1063658536585,4323515.0
KG,Kyrgyz Republic,2024,,ST.INT.ARVL,Kyrgyz Republic,,,,17478259659.2625,9.04013556120012,2419.26553574523,,,,7224614.0
KG,Kyrgyz Republic,2023,,ST.INT.ARVL,Kyrgyz Republic,37.0164233576642,,88.4701,15180842369.4894,9.0132928339342,2138.22210211478,,,72.2487804878049,7099750.0
KG,Kyrgyz Republic,2022,,ST.INT.ARVL,Kyrgyz Republic,36.3671532846715,,82.5991,12134931017.9465,8.96750520041391,1739.72018344174,,85.87857056,72.0487804878049,6975220.0
KG,Kyrgyz Republic,2021,,ST.INT.ARVL,Kyrgyz Republic,35.7206673618352,171347.337,77.1177,9249133946.26531,5.50700762671923,1349.99730650542,4.23,72.58777618,71.9,6851224.0
KG,Kyrgyz Republic,2020,,ST.INT.ARVL,Kyrgyz Republic,35.0708863399374,191774.0,72.0,8270468614.24051,-7.14897757727955,1229.51766602907,4.19,61.40720367,71.8,6726596.0
KG,Kyrgyz Republic,2019,8508000.0,ST.INT.ARVL,Kyrgyz Republic,34.3598070907195,867935.0,64.1,9371275264.36735,4.60062565707598,1421.99927504102,4.2,61.39657974,71.6,6590211.0
KG,Kyrgyz Republic,2018,6947000.0,ST.INT.ARVL,Kyrgyz Republic,33.5979092805005,1175000.704,62.8,8271106235.41552,3.75791013557165,1283.5203037417,4.28,65.34625244,71.4,6444079.0
LA,Lao PDR,2024,,ST.INT.ARVL,Lao PDR,,,,16502933121.0806,4.25825724651581,2123.97909411797,,,,7769819.0
LA,Lao PDR,2023,,ST.INT.ARVL,Lao PDR,33.2105415944541,,63.6255,15843155731.2552,3.74568140158232,2066.94979776957,,,68.964,7664993.0
LA,Lao PDR,2022,,ST.INT.ARVL,Lao PDR,32.7513301559792,,62.7001,15468785203.7532,2.70742652643155,2046.40440255621,,41.34779739,68.715,7559007.0
LA,Lao PDR,2021,,ST.INT.ARVL,Lao PDR,32.2928682842288,157293.0,62.0,18827148530.9347,2.52835100486102,2526.05105018529,1.31,68.61697388,67.807,7453194.0
LA,Lao PDR,2020,886400.024414063,ST.INT.ARVL,Lao PDR,31.8307322357019,386950.0,54.0,18981805250.2424,0.503031829018681,2583.77730696131,1.27,51.96581268,68.339,7346533.0
LA,Lao PDR,2019,4791000.0,ST.INT.ARVL,Lao PDR,31.3589081455806,979307.0,47.0323,18740561512.5555,5.4577350924848,2589.32081035237,1.69,67.57865143,67.911,7237636.0
LA,Lao PDR,2018,4186000.0,ST.INT.ARVL,Lao PDR,30.8840771230503,1009414.0,36.3,18141641089.7963,6.24796000755872,2545.1075420815,1.47,57.1708374,67.594,7128045.0
LV,Latvia,2024,,ST.INT.ARVL,Latvia,,,92.7076,43520773851.1219,-0.44249112634327,23367.5986788961,,,,1862441.0
LV,Latvia,2023,,ST.INT.ARVL,Latvia,30.1694520327816,,92.1879,42572151720.138,2.85421800106587,22675.5786295407,,,75.6780487804878,1877445.0
LV,Latvia,2022,,ST.INT.ARVL,Latvia,30.2005945685361,,91.0301,38014713595.7686,1.80677198008065,20227.2307431581,,1642.47131348,74.2780487804878,1879383.0
LV,Latvia,2021,,ST.INT.ARVL,Latvia,30.2826610959344,1598685.0,91.1796,38183326784.9335,6.94254173062592,20261.8887788916,,1897.95275879,72.9804878048781,1884490.0
LV,Latvia,2020,3204000.0,ST.INT.ARVL,Latvia,30.5391129680219,1323070.0,88.898,33379927434.6149,-3.46922750780554,17564.2321549354,5.3,1313.35412598,75.1853658536585,1900449.0
LV,Latvia,2019,8342000.0,ST.INT.ARVL,Latvia,30.755491989008,4976410.0,86.1355,33099503950.847,0.675372771884227,17294.9751600969,5.42,1183.1151123,75.3878048780488,1913822.0
LV,Latvia,2018,7775000.0,ST.INT.ARVL,Latvia,30.9700612274415,4058762.0,83.5772,33247935477.3576,4.30971286294503,17252.1710428626,5.47,1101.49243164,74.7829268292683,1927174.0
LB,Lebanon,2024,,ST.INT.ARVL,Lebanon,,,,,,,,,,5805962.0
LB,Lebanon,2023,,ST.INT.ARVL,Lebanon,564.368817204301,,83.4933,20078620356.9931,-0.760584470257314,3477.72489842684,,,77.817,5773493.0
LB,Lebanon,2022,,ST.INT.ARVL,Lebanon,561.533626588465,,82.798,20992421948.8081,-0.621678970663112,3654.35845534878,,392.38327026,78.003,5744489.0
LB,Lebanon,2021,,ST.INT.ARVL,Lebanon,558.956207233627,1603134.0,82.656,23131941556.7843,-7.00123862514116,4045.37391066234,2.73,311.84085083,73.65,5718122.0
LB,Lebanon,2020,,ST.INT.ARVL,Lebanon,557.419159335288,1077762.0,82.0665,31712128253.7961,-21.3998996914321,5561.19166950397,2.73,518.296875,76.299,5702398.0
LB,Lebanon,2019,1936000.0,ST.INT.ARVL,Lebanon,566.431476050831,3164358.0,81.4812,51605959131.2741,-6.91492472851026,8905.88005497437,2.73,779.60778809,78.208,5794594.0
LB,Lebanon,2018,1964000.0,ST.INT.ARVL,Lebanon,584.957869012708,2981937.0,80.9,54901519155.5556,-1.88470575631651,9174.53666204759,2.73,740.46942139,78.263,5984119.0
LS,Lesotho,2024,,ST.INT.ARVL,Lesotho,,,,2271541845.62002,2.76223818532688,971.814620468788,,,,2337423.0
LS,Lesotho,2023,,ST.INT.ARVL,Lesotho,76.135441370224,,47.991,2117962430.3041,1.82662525852363,916.282970463888,,,57.375,2311472.0
LS,Lesotho,2022,,ST.INT.ARVL,Lesotho,75.3000658761528,,46.5007,2354980884.15271,2.38778020186284,1030.12579628833,,133.70170593,56.812,2286110.0
LS,Lesotho,2021,,ST.INT.ARVL,Lesotho,74.4908432147563,,45.0567,2412130021.64641,2.26671067006538,1066.58643600093,,116.60222626,54.209,2261542.0
LS,Lesotho,2020,,ST.INT.ARVL,Lesotho,73.6405467720685,,43.6575,2053699870.07191,-8.15595879914267,918.582577421982,,97.32032776,55.133,2235727.0
LS,Lesotho,2019,1142000.0,ST.INT.ARVL,Lesotho,72.7735507246377,,42.3017,2390702295.82777,-1.41799383085205,1082.05706777516,,236.44024658,55.249,2209405.0
LS,Lesotho,2018,1173000.0,ST.INT.ARVL,Lesotho,71.9236824769433,,40.8,2556247291.99785,-1.48063315848241,1170.65569702819,,131.43312073,54.638,2183603.0
LR,Liberia,2024,,ST.INT.ARVL,Liberia,,,,4750000000.0,4.79291482156812,846.277368387389,,,,5612817.0
LR,Liberia,2023,,ST.INT.ARVL,Liberia,57.0289763289037,,23.4979,4390000000.0,4.68375688761311,799.194470229642,,,62.163,5493031.0
LR,Liberia,2022,,ST.INT.ARVL,Liberia,55.7858596345515,,21.8966,4001047000.0,4.80810517290655,744.617175237387,,99.65045929,61.934,5373294.0
LR,Liberia,2021,,ST.INT.ARVL,Liberia,54.60260589701,,20.5771,3513049500.0,4.98671283481617,667.96610514319,1.59,92.3295517,61.166,5259323.0
LR,Liberia,2020,,ST.INT.ARVL,Liberia,53.462032807309,,19.4126,3176126300.0,-2.98249127649473,616.787867006715,,76.11009979,61.267,5149463.0
LR,Liberia,2019,,ST.INT.ARVL,Liberia,52.3642130398671,,18.3141,3319596500.0,-2.46729763532686,658.164180770507,,51.1932373,61.232,5043721.0
LR,Liberia,2018,,ST.INT.ARVL,Liberia,51.3364410299003,,17.2777,3422754800.0,1.15757512207355,692.203127129794,1.64,71.17150116,60.999,4944726.0
LY,Libya,2024,,ST.INT.ARVL,Libya,,,,46636278901.9016,-0.605832526910618,6318.40314031017,,,,7381023.0
LY,Libya,2023,,ST.INT.ARVL,Libya,4.15202780272117,,88.4989,45096462972.4014,10.1558181770326,6172.81246940233,,,69.339,7305659.0
LY,Libya,2022,,ST.INT.ARVL,Libya,4.10550768950976,,88.6412,43246297921.8499,-8.25163004105288,5986.63694851258,,278.3821106,74.462,7223805.0
LY,Libya,2021,,ST.INT.ARVL,Libya,4.05513656978528,968476.425,88.5598,35217995647.2862,28.3334624622298,4935.82787349801,3.2,306.70458984,72.062,7135175.0
LY,Libya,2020,,ST.INT.ARVL,Libya,4.00411414346932,715300.42,87.5754,46854285440.642,-29.4552967282824,6650.33810585348,3.2,472.62240601,72.388,7045399.0
LY,Libya,2019,,ST.INT.ARVL,Libya,3.95048308080521,1367458.0,,69254496471.6938,-11.1960828853386,9963.19489084483,3.2,552.73168945,72.941,6951033.0
LY,Libya,2018,,ST.INT.ARVL,Libya,3.89252588744786,1442576.0,,76686029772.1483,7.9413678529104,11196.5854810844,3.2,544.88079834,73.151,6849055.0
LI,Liechtenstein,2024,,ST.INT.ARVL,Liechtenstein,,,,,,,,,,40197.0
LI,Liechtenstein,2023,,ST.INT.ARVL,Liechtenstein,249.0625,,97.3444,8287748667.20832,,207973.617746758,,,84.8414634146342,39850.0
LI,Liechtenstein,2022,,ST.INT.ARVL,Liechtenstein,246.83125,,96.4528,7378156576.2354,,186821.881757157,,,84.1219512195122,39493.0
LI,Liechtenstein,2021,,ST.INT.ARVL,Liechtenstein,244.8875,,95.5694,7912602342.18895,,201944.830335076,,,84.4024390243902,39182.0
LI,Liechtenstein,2020,58400.0015258789,ST.INT.ARVL,Liechtenstein,243.13125,,94.3499,6405870210.32293,,164671.093553454,,,81.6585365853659,38901.0
LI,Liechtenstein,2019,98099.9984741211,ST.INT.ARVL,Liechtenstein,241.01875,,93.1461,6436467007.11932,,166907.839305016,,,84.1609756097561,38563.0
LI,Liechtenstein,2018,85300.0030517578,ST.INT.ARVL,Liechtenstein,239.0375,,,6692620691.84146,,174988.775083446,,,83.0414634146342,38246.0
LT,Lithuania,2024,,ST.INT.ARVL,Lithuania,,,,84869215513.3648,2.77263124530285,29386.2878350187,,,,2888055.0
LT,Lithuania,2023,,ST.INT.ARVL,Lithuania,45.87196485623,,88.5029,79789877416.1681,0.342262716277261,27786.0057829276,,1988.94665527,76.9878048780488,2871585.0
LT,Lithuania,2022,,ST.INT.ARVL,Lithuania,45.2309596830873,,87.7242,71033884499.7824,2.53752574011534,25085.784063499,,1829.66320801,75.6439024390244,2831639.0
LT,Lithuania,2021,,ST.INT.ARVL,Lithuania,44.8551349624661,11289.0,86.9305,67037321008.9679,6.38001606179873,23870.4594851722,,1854.28051758,74.0365853658537,2808380.0
LT,Lithuania,2020,2284000.0,ST.INT.ARVL,Lithuania,44.8797349089748,35027.0,83.0555,57412038533.2718,0.0428158336981426,20428.6478157394,5.96,1520.39221191,75.0292682926829,2810369.0
LT,Lithuania,2019,6150000.0,ST.INT.ARVL,Lithuania,44.8912328329607,40944.0,81.5819,55122066225.796,4.67735183530451,19608.7943945553,6.22,1369.97949219,76.2829268292683,2811089.0
LT,Lithuania,2018,6115000.0,ST.INT.ARVL,Lithuania,45.0135717707169,26031.0,79.7226,54261795148.5372,4.91836780106811,19247.2315367967,6.27,1249.03100586,75.6804878048781,2819200.0
LU,Luxembourg,2024,,ST.INT.ARVL,Luxembourg,,,98.7606,93197329011.7078,1.03161671348924,137516.587324367,,,,677717.0
LU,Luxembourg,2023,,ST.INT.ARVL,Luxembourg,258.862052624628,,99.3479,87574021091.7525,-0.693632727692318,131407.681364513,,7504.58496094,83.3585365853659,666430.0
LU,Luxembourg,2022,,ST.INT.ARVL,Luxembourg,253.685433061691,,98.242,80801680397.0139,-1.09505351160836,123719.658915996,,7022.62695313,82.9463414634147,653103.0
LU,Luxembourg,2021,,ST.INT.ARVL,Luxembourg,248.62068161867,1081478.0,98.6609,86386759695.1653,6.9297342584233,134965.815442152,4.15,7632.57275391,82.5975609756098,640064.0
LU,Luxembourg,2020,525000.0,ST.INT.ARVL,Luxembourg,244.874264894386,753114.0,98.4596,73670782100.3909,-0.510051634039826,116860.02817236,4.19,6785.86230469,82.1439024390244,630419.0
LU,Luxembourg,2019,1041000.0,ST.INT.ARVL,Luxembourg,240.827591028798,2114417.0,97.1206,69872035113.6469,2.74931929072659,112696.649059674,4.26,6221.73876953,82.6390243902439,620001.0
LU,Luxembourg,2018,1018000.0,ST.INT.ARVL,Luxembourg,236.146609386046,2099102.0,97.0613,71085623495.1145,1.61129561338169,116926.759593905,4.51,6227.08398438,82.2951219512195,607950.0
MO,"Macao SAR, China",2024,,ST.INT.ARVL,"Macao SAR, China",,,,50183212761.3484,8.80815968461638,73046.8890267079,,,,687000.0
MO,"Macao SAR, China",2023,,ST.INT.ARVL,"Macao SAR, China",20569.696969697,,89.1806,45803067940.4072,75.0618571360857,67476.5290813306,,,83.1804878048781,678800.0
MO,"Macao SAR, China",2022,,ST.INT.ARVL,"Macao SAR, China",20524.2424242424,,87.9696,24999113475.8368,-19.6093449325728,36909.9564090312,,,83.0804878048781,677300.0
MO,"Macao SAR, China",2021,,ST.INT.ARVL,"Macao SAR, China",20681.8181818182,698047.0,88.4681,30969334705.0515,23.5358913163209,45376.314586156,,,83.7292682926829,682500.0
MO,"Macao SAR, China",2020,5897000.0,ST.INT.ARVL,"Macao SAR, China",20832.8267477204,544411.0,87.4623,25343525935.8358,-54.3361062745857,36976.2561071429,,,84.1292682926829,685400.0
MO,"Macao SAR, China",2019,39406000.0,ST.INT.ARVL,"Macao SAR, China",20425.5319148936,3659911.0,86.4679,55082293844.1008,-2.5634151500998,81967.699172769,,,83.9292682926829,672000.0
MO,"Macao SAR, China",2018,35804000.0,ST.INT.ARVL,"Macao SAR, China",20027.3556231003,3157724.0,83.7941,55190661339.7796,6.40527915704645,83761.8171798142,,,83.6780487804878,658900.0
MG,Madagascar,2024,,ST.INT.ARVL,Madagascar,,,,17420814800.7045,4.19999999998224,544.997302693127,,,,31964956.0
MG,Madagascar,2023,,ST.INT.ARVL,Madagascar,53.6196837401169,,20.3671,15869945477.855,4.20304615803977,508.718427705736,,,63.632,31195932.0
MG,Madagascar,2022,,ST.INT.ARVL,Madagascar,52.3156772086628,,18.5532,15325603272.6073,4.15609778380812,503.514533472879,,16.32154655,63.068,30437261.0
MG,Madagascar,2021,,ST.INT.ARVL,Madagascar,51.0331436919904,109461.4,13.7459,14354731964.331,4.65068343193992,483.469463351371,,17.17938805,62.516,29691083.0
MG,Madagascar,2020,87099.9984741211,ST.INT.ARVL,Madagascar,49.7654795462358,186314.332,11.3547,13051441203.9474,-7.13767162064489,450.771615201509,,16.78295326,62.706,28953556.0
MG,Madagascar,2019,486000.0,ST.INT.ARVL,Madagascar,48.5038741835682,544458.0,9.37944,14104664678.5063,4.41123212909589,499.818837622534,,15.50084877,63.504,28219554.0
MG,Madagascar,2018,360000.0,ST.INT.ARVL,Madagascar,47.2583808869027,541290.0,7.7478,13760033282.2925,3.19435651744398,500.45718552916,,21.12731934,63.491,27494926.0
MW,Malawi,2024,,ST.INT.ARVL,Malawi,,,,11008925322.5134,1.82685000010194,508.371273531708,,,,21655286.0
MW,Malawi,2023,,ST.INT.ARVL,Malawi,223.84898175647,,17.9881,12712150082.0792,1.89245798756383,602.343619809252,,,67.353,21104482.0
MW,Malawi,2022,,ST.INT.ARVL,Malawi,218.166397963513,,17.0457,12429060150.742,0.921115069005936,604.269751184515,,39.65991211,66.037,20568728.0
MW,Malawi,2021,,ST.INT.ARVL,Malawi,212.635320322444,1290.356,17.4703,12378129750.9872,4.55829212016083,617.447520802454,,47.58463669,64.782,20047258.0
MW,Malawi,2020,,ST.INT.ARVL,Malawi,207.190156979211,1792.164,13.8995,11769313597.8545,0.793596429787286,602.507478176106,,43.22896194,65.216,19533888.0
MW,Malawi,2019,,ST.INT.ARVL,Malawi,201.800509121765,7117.0,11.0586,11051865579.8121,5.71682519194337,580.889816066776,,36.91519165,64.995,19025752.0
MW,Malawi,2018,871000.0,ST.INT.ARVL,Malawi,196.521860415783,10545.0,8.79829,9879231591.52434,4.35356471619211,533.203173686705,,36.70302963,64.464,18528081.0
MY,Malaysia,2024,,ST.INT.ARVL,Malaysia,,,98.0206,421972102253.57,5.11415547829091,11867.2586435443,,,,35557673.0
MY,Malaysia,2023,,ST.INT.ARVL,Malaysia,106.913096941105,,97.6927,399705137434.074,3.55548715410509,11379.0851923557,,,76.657,35126298.0
MY,Malaysia,2022,,ST.INT.ARVL,Malaysia,105.601865773855,,97.3986,407605841348.235,8.86182187578046,11748.0919307944,,458.21963501,75.444,34695493.0
MY,Malaysia,2021,,ST.INT.ARVL,Malaysia,104.344541165728,4965360.963,96.7514,373784823672.946,3.31534954399166,10903.1116425938,2.01,476.94366455,73.917,34282399.0
MY,Malaysia,2020,4333000.0,ST.INT.ARVL,Malaysia,103.148860143053,15893988.0,89.555,337456163961.211,-5.45684658426701,9957.52626697613,1.97,406.52005005,76.057,33889558.0
MY,Malaysia,2019,26101000.0,ST.INT.ARVL,Malaysia,101.782364936844,63623130.0,84.1871,365177721021.516,4.41318742129586,10920.191763972,1.94,419.32568359,75.9,33440596.0
MY,Malaysia,2018,25832000.0,ST.INT.ARVL,Malaysia,100.170345457312,60481772.0,81.201,358788845712.53,4.84308697634881,10901.8019954421,1.93,409.84710693,75.734,32910967.0
MV,Maldives,2024,,ST.INT.ARVL,Maldives,,,,6975146349.42592,5.13396223082093,13215.5353637008,,,,527799.0
MV,Maldives,2023,,ST.INT.ARVL,Maldives,1765.08053691275,,84.6851,6590894301.9579,4.72639195043021,12530.3602359683,,,81.041,525994.0
MV,Maldives,2022,,ST.INT.ARVL,Maldives,1747.02,,83.9119,6177118113.94637,13.8260895306814,11786.0091545343,,1150.68554688,80.76,524106.0
MV,Maldives,2021,,ST.INT.ARVL,Maldives,1720.51333333333,277881.434,81.9576,5252457369.55218,37.5078700047075,10176.143882547,,1057.34313965,78.052,516154.0
MV,Maldives,2020,555000.0,ST.INT.ARVL,Maldives,1673.72666666667,292931.0,79.0978,3712604583.36665,-32.9088287284425,7393.8886543933,5.04,845.82440186,78.713,502118.0
MV,Maldives,2019,1703000.0,ST.INT.ARVL,Maldives,1625.77,1221786.67512409,77.4697,5726094799.37709,6.92305980832566,11740.2724029785,6.36,880.79962158,79.707,487731.0
MV,Maldives,2018,1484000.0,ST.INT.ARVL,Maldives,1576.99666666667,1191383.08265957,70.9,5404344162.69888,8.56895559709454,11423.2838427029,4.95,833.21575928,79.433,473099.0
ML,Mali,2024,,ST.INT.ARVL,Mali,,,,26588067731.1692,5.00454593743036,1086.1762176779,,,,24478595.0
ML,Mali,2023,,ST.INT.ARVL,Mali,19.4798572353486,,35.0921,24621545564.8753,4.71716103989503,1035.86242628411,,,60.439,23769127.0
ML,Mali,2022,,ST.INT.ARVL,Mali,18.9090551471492,,34.3797,22374051349.9445,3.5082827896139,969.72220560562,,29.74292755,60.035,23072640.0
ML,Mali,2021,,ST.INT.ARVL,Mali,18.348478515641,,33.9565,22999245262.6719,3.1009412441845,1027.27345365357,,30.61906815,59.116,22388630.0
ML,Mali,2020,,ST.INT.ARVL,Mali,17.7954548062187,,29.113,20698560938.7775,-1.16907500952713,953.242943290974,,28.20211601,58.858,21713836.0
ML,Mali,2019,217000.0,ST.INT.ARVL,Mali,17.2664953818668,,24.9603,20477421884.5414,4.99999911699705,971.949318638092,,31.4089489,59.217,21068405.0
ML,Mali,2018,203000.0,ST.INT.ARVL,Mali,16.7531531974529,,21.4,20368015381.2413,4.86784999935264,996.379292136901,0.25,31.16962624,58.873,20442030.0
MT,Malta,2024,,ST.INT.ARVL,Malta,,,,24322006607.9295,5.96928196125685,42347.3073860173,,,,574346.0
MT,Malta,2023,,ST.INT.ARVL,Malta,1727.334375,,92.0727,22210718401.0207,6.79631311118804,40182.4313854634,,,83.5073170731707,552747.0
MT,Malta,2022,,ST.INT.ARVL,Malta,1659.728125,,91.5406,19239187083.5194,4.26931853012293,36224.2819955817,,3352.77490234,82.4487804878049,531113.0
MT,Malta,2021,,ST.INT.ARVL,Malta,1619.21875,597724.0,87.4698,19723563354.6779,13.2997893209653,38065.354346575,,3641.61938477,82.2585365853659,518150.0
MT,Malta,2020,718000.0,ST.INT.ARVL,Malta,1610.90625,549318.545,86.8588,16409900599.1964,-3.35834253154739,31833.596382464,4.38,3135.40527344,82.0975609756098,515490.0
MT,Malta,2019,3519000.0,ST.INT.ARVL,Malta,1574.725,2382607.8,85.7786,16337793530.7788,4.08470602847339,32421.9179753188,4.11,2943.63208008,82.6585365853659,503912.0
MT,Malta,2018,3232000.0,ST.INT.ARVL,Malta,1512.196875,2576898.0,81.658,16153779511.1559,7.18909653691901,33382.2677502638,4.25,2753.51098633,82.2487804878049,483903.0
MH,Marshall Islands,2024,,ST.INT.ARVL,Marshall Islands,,,,280357844.229802,2.77096802231969,7466.65186507409,,,,37548.0
MH,Marshall Islands,2023,,ST.INT.ARVL,Marshall Islands,215.705555555556,,65.7177,259300000.0,-3.93487109905021,6678.34239060448,,,66.945,38827.0
MH,Marshall Islands,2022,,ST.INT.ARVL,Marshall Islands,222.65,,64.8023,253400000.0,-1.11806797853311,6322.82855503156,,758.44873047,66.725,40077.0
MH,Marshall Islands,2021,,ST.INT.ARVL,Marshall Islands,229.816666666667,30115.0,63.9726,258900000.0,1.22227252150293,6258.61193705127,,782.16351318,65.421,41367.0
MH,Marshall Islands,2020,,ST.INT.ARVL,Marshall Islands,237.255555555556,25563.0,56.4191,241800000.0,-2.77288732394366,5661.96787336674,,687.02435303,65.387,42706.0
MH,Marshall Islands,2019,6099.99990463257,ST.INT.ARVL,Marshall Islands,244.483333333333,21500.0,49.7575,232900000.0,10.4521147301896,5292.33985502306,,793.66851807,66.047,44007.0
MH,Marshall Islands,2018,6800.00019073486,ST.INT.ARVL,Marshall Islands,251.583333333333,24313.0,43.8825,220000000.0,5.48717948717949,4858.12079054875,,702.8359375,65.87,45285.0
MR,Mauritania,2024,,ST.INT.ARVL,Mauritania,,,,10766731873.5407,5.2,2082.78374423714,,,,5169395.0
MR,Mauritania,2023,,ST.INT.ARVL,Mauritania,4.87284466867178,,37.3809,10651709314.1644,6.50718719858594,2120.82318421747,,,68.484,5022441.0
MR,Mauritania,2022,,ST.INT.ARVL,Mauritania,4.73041331134181,,34.3001,9557966698.25369,6.79600510182286,1960.35240077424,,90.41540527,68.281,4875637.0
MR,Mauritania,2021,,ST.INT.ARVL,Mauritania,4.59384301930727,207225.0,29.9707,9222536364.01272,0.742715395138262,1947.78918383313,,73.6309433,66.762,4734874.0
MR,Mauritania,2020,,ST.INT.ARVL,Mauritania,4.46311341806539,100904.0,27.4262,8260752385.23089,-0.360657384151068,1795.76459566714,,53.89974594,66.794,4600131.0
MR,Mauritania,2019,,ST.INT.ARVL,Mauritania,4.33463471427185,386621.0,25.0978,7894764885.82312,3.14100489306969,1767.072710621,,54.63365555,67.64,4467708.0
MR,Mauritania,2018,,ST.INT.ARVL,Mauritania,4.20848452508004,379211.0,22.967,7473550557.07378,4.77217365692621,1722.93528854073,,49.68307495,67.419,4337685.0
MU,Mauritius,2024,,ST.INT.ARVL,Mauritius,,,,14952555414.8553,4.69390318398504,11871.733679438,,,,1259509.0
MU,Mauritius,2023,,ST.INT.ARVL,Mauritius,631.467701552329,,79.5,14101195732.6741,5.00781381755621,11182.186568616,,,73.4121951219512,1261041.0
MU,Mauritius,2022,,ST.INT.ARVL,Mauritius,632.209814722083,,75.5,12907767789.5967,8.69306675264066,10223.7882316574,,590.93572998,73.5146341463415,1262523.0
MU,Mauritius,2021,,ST.INT.ARVL,Mauritius,634.118177265899,153242.0,71.6,11484348857.8529,3.40379866177662,9068.97300226707,3.71,593.77947998,73.680243902439,1266334.0
MU,Mauritius,2020,316000.0,ST.INT.ARVL,Mauritius,633.957936905358,407291.0,67.7329,11408106446.3144,-14.5465381490166,9011.04288445023,3.64,541.95184326,74.1770731707317,1266014.0
MU,Mauritius,2019,1418000.0,ST.INT.ARVL,Mauritius,633.943415122684,1726868.0,61.73,14436346979.6355,2.89128499346516,11403.2527870674,3.63,639.18286133,74.2358536585366,1265985.0
MU,Mauritius,2018,1431000.0,ST.INT.ARVL,Mauritius,633.739108662994,1745291.0,58.5962,14735695930.9727,4.00674057198549,11643.4605962124,3.54,640.62182617,74.4163414634146,1265577.0
MX,Mexico,2024,,ST.INT.ARVL,Mexico,,,,1852722885258.11,1.4540624784799,14157.9445835849,,,,130861007.0
MX,Mexico,2023,,ST.INT.ARVL,Mexico,66.7402757272564,,81.1832,1793798859343.27,3.2953909570288,13826.1306570122,,,75.069,129739759.0
MX,Mexico,2022,,ST.INT.ARVL,Mexico,66.1607124668844,,78.6322,1466464899303.68,3.71098893117183,11402.1410374782,,650.97070313,73.973,128613117.0
MX,Mexico,2021,,ST.INT.ARVL,Mexico,65.664316469045,54217876.0,75.6265,1316569466735.28,6.04848345704632,10314.0506725979,1.02,606.13415527,69.75,127648148.0
MX,Mexico,2020,51128000.0,ST.INT.ARVL,Mexico,65.227528485815,34133108.0,71.4902,1121064767401.51,-8.35403456576364,8841.2707511328,1.0,535.11669922,70.449,126799054.0
MX,Mexico,2019,97406000.0,ST.INT.ARVL,Mexico,64.6945559299365,69937838.0,69.6321,1304106203902.45,-0.392690505099296,10369.5553585271,0.97,549.72601318,74.53,125762982.0
MX,Mexico,2018,96497000.0,ST.INT.ARVL,Mexico,64.0827752771419,64569640.0,56.6596,1256300182775.8,1.97208207701884,10084.7937553679,0.98,528.26306152,74.301,124573711.0
FM,"Micronesia, Fed. Sts.",2024,,ST.INT.ARVL,"Micronesia, Fed. Sts.",,,,471425099.488675,0.719083511742554,4166.00476748564,,,,113160.0
FM,"Micronesia, Fed. Sts.",2023,,ST.INT.ARVL,"Micronesia, Fed. Sts.",160.9,,,443916782.295594,0.482147762457146,3941.37247887414,,,67.198,112630.0
FM,"Micronesia, Fed. Sts.",2022,,ST.INT.ARVL,"Micronesia, Fed. Sts.",160.162857142857,,,415956896.458884,-2.90586580595669,3710.12448453257,,396.7605896,66.961,112114.0
FM,"Micronesia, Fed. Sts.",2021,,ST.INT.ARVL,"Micronesia, Fed. Sts.",159.462857142857,,,391601946.963072,3.09970457292135,3508.22356270221,,398.76144409,66.152,111624.0
FM,"Micronesia, Fed. Sts.",2020,,ST.INT.ARVL,"Micronesia, Fed. Sts.",158.451428571429,,39.3833,372902690.041619,-1.67295417145529,3362.02793142215,,402.98059082,65.878,110916.0
FM,"Micronesia, Fed. Sts.",2019,18000.0,ST.INT.ARVL,"Micronesia, Fed. Sts.",157.545714285714,,38.0,394000000.0,4.08163265306123,3572.65918282222,,424.89938354,66.196,110282.0
FM,"Micronesia, Fed. Sts.",2018,19200.0007629395,ST.INT.ARVL,"Micronesia, Fed. Sts.",157.012857142857,,36.6,392000000.0,0.0,3566.58690371125,,426.75872803,65.943,109909.0
MD,Moldova,2024,,ST.INT.ARVL,Moldova,,,,18200340853.6517,0.103059412450989,7617.51613089815,,,,2389275.0
MD,Moldova,2023,,ST.INT.ARVL,Moldova,85.437584732506,,80.2126,16711906746.2133,1.2,6799.58594644576,,,71.198,2457783.0
MD,Moldova,2022,,ST.INT.ARVL,Moldova,88.05425357802,,76.7412,14525337523.7271,-4.60000000000001,5744.29618434435,,398.14910889,71.546,2528654.0
MD,Moldova,2021,,ST.INT.ARVL,Moldova,90.3612977338393,528581.0,74.495,13691869264.0794,13.9299997889786,5274.60582195352,5.66,410.12298584,68.991,2595809.0
MD,Moldova,2020,29000.0,ST.INT.ARVL,Moldova,91.7473260542588,306631.727,58.2153,11530746234.4492,-8.27597831976949,4375.7788930524,5.57,306.64892578,69.914,2635130.0
MD,Moldova,2019,174000.0,ST.INT.ARVL,Moldova,92.756093569939,1408166.0,57.7605,11736797054.6965,3.5523140853476,4405.33418162155,5.8,284.30029297,70.181,2664224.0
MD,Moldova,2018,160000.0,ST.INT.ARVL,Moldova,94.2543946689506,1423791.0,50.3,11252353420.8798,4.07559546585034,4156.44981956646,5.77,276.47143555,70.236,2707203.0
MC,Monaco,2024,,ST.INT.ARVL,Monaco,,,,,,,,,,38631.0
MC,Monaco,2023,,ST.INT.ARVL,Monaco,18692.8982725528,,99.1497,9995350547.12166,5.04338259195359,256580.515122745,,,86.372,38956.0
MC,Monaco,2022,,ST.INT.ARVL,Monaco,18680.9021113244,,99.1497,8800430486.17137,11.0469394271752,226052.001905201,,7655.94042969,85.746,38931.0
MC,Monaco,2021,,ST.INT.ARVL,Monaco,18487.0441458733,,99.0776,8623242743.29564,22.2322155851208,223823.363960226,,8222.6640625,85.113,38527.0
MC,Monaco,2020,159000.0,ST.INT.ARVL,Monaco,18771.583621115,,98.5709,6730736282.78961,-13.2391048292108,176891.886538492,,7579.64404297,86.089,38050.0
MC,Monaco,2019,363000.0,ST.INT.ARVL,Monaco,18800.6906758757,316.0,83.3397,7383496254.23721,7.12088951975396,193746.785647412,,7512.53173828,86.151,38109.0
MC,Monaco,2018,347000.0,ST.INT.ARVL,Monaco,18822.8909718796,316.0,,7184333936.01355,5.69790121192926,188298.315668437,,7616.03564453,86.084,38154.0
MN,Mongolia,2024,,ST.INT.ARVL,Mongolia,,,,23586055802.4517,4.86400143355705,6691.48209834228,,,,3524788.0
MN,Mongolia,2023,,ST.INT.ARVL,Mongolia,2.23365125312889,,83.0162,20325121393.9074,7.4221127615025,5838.63108083902,,,72.1224390243902,3481145.0
MN,Mongolia,2022,,ST.INT.ARVL,Mongolia,2.2046394565685,,82.1725,17146471713.748,5.0327096366527,4993.51487463495,,448.24212646,71.9007317073171,3433748.0
MN,Mongolia,2021,,ST.INT.ARVL,Mongolia,2.17253662423347,61614.0,81.6068,15286441737.6686,1.63676957736662,4517.61578018785,10.55,330.03753662,71.6451219512195,3383741.0
MN,Mongolia,2020,66900.0015258789,ST.INT.ARVL,Mongolia,2.13623721809195,143860.0,62.5,13312981429.0891,-4.55775197583431,4001.25193077703,8.22,188.77464294,71.3490243902439,3327204.0
MN,Mongolia,2019,637000.0,ST.INT.ARVL,Mongolia,2.09835043390369,744413.0,51.08,14206359017.5143,5.60224422064255,4347.54610314873,7.94,197.57131958,71.0531707317073,3267673.0
MN,Mongolia,2018,598000.0,ST.INT.ARVL,Mongolia,2.06015649331677,670360.0,47.13,13178094720.4986,7.74488062024881,4107.64288528468,7.86,188.64115906,70.8270731707317,3208189.0
ME,Montenegro,2024,,ST.INT.ARVL,Montenegro,,,88.8826,8069536125.80285,3.04031579750065,12935.4522712126,,,,623831.0
ME,Montenegro,2023,,ST.INT.ARVL,Montenegro,46.3590334572491,,89.8052,7530593375.22034,6.33769754243548,12077.3747094687,,,77.5878048780488,623529.0
ME,Montenegro,2022,,ST.INT.ARVL,Montenegro,46.3636431226766,,88.2219,6229801580.79157,6.40668032879275,9990.20444616996,,1107.06445313,76.1878048780488,623591.0
ME,Montenegro,2021,,ST.INT.ARVL,Montenegro,46.4723420074349,1589.285,82.2197,5861427505.12493,13.0434642521552,9377.48879714989,,1024.2565918,73.8243902439024,625053.0
ME,Montenegro,2020,351000.0,ST.INT.ARVL,Montenegro,46.5866171003717,,77.6088,4769996866.00758,-15.3068937570407,7612.62845881291,3.81,896.24884033,75.9317073170732,626590.0
ME,Montenegro,2019,2510000.0,ST.INT.ARVL,Montenegro,46.5987360594796,597380.0,73.4767,5542054181.12616,4.06294499167197,8842.48528706869,3.81,754.77441406,76.6829268292683,626753.0
ME,Montenegro,2018,2077000.0,ST.INT.ARVL,Montenegro,46.5753159851301,565522.0,71.5171,5506942238.35668,5.0778888113381,8790.88152116679,3.86,745.7520752,77.8853658536585,626438.0
MA,Morocco,2024,,ST.INT.ARVL,Morocco,,,,154430996472.752,3.23651373521014,3993.38745117188,,,,38081173.0
MA,Morocco,2023,,ST.INT.ARVL,Morocco,84.5003473000224,,91.0,144417103249.646,3.40334130078834,3771.4462890625,,,75.313,37712505.0
MA,Morocco,2022,,ST.INT.ARVL,Morocco,83.6411920233027,,89.9,130951926351.241,1.52720357976111,3455.39624023438,,199.21412659,75.161,37329064.0
MA,Morocco,2021,,ST.INT.ARVL,Morocco,82.8017969975353,4740714.0,88.1303,142022058447.231,8.15473889823681,3785.93627929688,,211.94190979,73.385,36954442.0
MA,Morocco,2020,2802000.0,ST.INT.ARVL,Morocco,81.9722339233699,3012310.0,84.1204,121353645057.144,-7.17820744246774,3268.0302734375,0.73,185.45245361,73.133,36584208.0
MA,Morocco,2019,13109000.0,ST.INT.ARVL,Morocco,81.1357786242438,9380951.0,84.1204,128920266409.458,2.89097476137077,3508.09765625,0.7,177.84625244,74.245,36210898.0
MA,Morocco,2018,12489000.0,ST.INT.ARVL,Morocco,80.3041900067219,8132917.0,64.8039,127341147581.818,3.06564133025955,3501.69799804688,,175.70518494,73.946,35839760.0
MZ,Mozambique,2024,,ST.INT.ARVL,Mozambique,,,,22416650343.4786,1.85177502474457,647.28579950207,,,,34631766.0
MZ,Mozambique,2023,,ST.INT.ARVL,Mozambique,42.7721457819375,,19.8434,20954220983.5473,5.4368591229252,622.985619320596,,,63.611,33635160.0
MZ,Mozambique,2022,,ST.INT.ARVL,Mozambique,41.5273099519316,,18.7913,18883528581.3734,4.36445074432608,578.251663751351,,49.4729538,63.011,32656246.0
MZ,Mozambique,2021,,ST.INT.ARVL,Mozambique,40.3212187492052,411739.0,16.3576,16168055475.4449,2.37743572761507,509.907829475551,0.73,45.22790909,60.268,31707800.0
MZ,Mozambique,2020,,ST.INT.ARVL,Mozambique,39.1460718736489,327742.0,14.2874,14235420174.1884,-1.21952250011192,462.433876479921,0.7,34.87546539,61.39,30783688.0
MZ,Mozambique,2019,2033000.0,ST.INT.ARVL,Mozambique,38.0024670006867,587364.0,12.4793,15512759046.672,2.31781394821475,519.09255091362,0.71,41.01906586,61.306,29884380.0
MZ,Mozambique,2018,2870000.0,ST.INT.ARVL,Mozambique,36.9015539561026,540124.0,10.9,15017358952.8452,3.48493202422782,517.507260258101,0.76,41.29206467,60.79,29018644.0
MM,Myanmar,2024,,ST.INT.ARVL,Myanmar,,,,74079772652.4286,-0.97204641363362,1359.25961394135,,,,54500091.0
MM,Myanmar,2023,,ST.INT.ARVL,Myanmar,82.9420656687147,,58.5357,66757619000.0,0.958446625126115,1233.19666209269,,,66.889,54133798.0
MM,Myanmar,2022,,ST.INT.ARVL,Myanmar,82.3644215300228,,58.0112,62253049891.6449,4.0374934360085,1158.05005034332,,57.96875763,66.506,53756787.0
MM,Myanmar,2021,,ST.INT.ARVL,Myanmar,81.7980020531049,1132655.764,56.5261,66345291160.1683,-12.0163724829177,1242.72134419599,,71.14800262,65.553,53387102.0
MM,Myanmar,2020,903000.0,ST.INT.ARVL,Myanmar,81.2302112859485,1506581.713,45.4477,79006113643.1906,-9.04834717984643,1490.21683548367,1.06,66.02284241,66.612,53016522.0
MM,Myanmar,2019,4364000.0,ST.INT.ARVL,Myanmar,80.6507017006282,3701663.849,36.5405,75065106227.6892,6.57911006765414,1425.98954211903,1.04,53.72147369,66.457,52640713.0
MM,Myanmar,2018,3551000.0,ST.INT.ARVL,Myanmar,80.0861758847863,3407788.43290303,29.379,67860515989.517,6.26886221471075,1298.21310320785,1.05,60.83261871,66.232,52272247.0
NA,Namibia,2024,,ST.INT.ARVL,Namibia,,,,13372354268.5446,3.71154497416239,4413.1274418646,,,,3030131.0
NA,Namibia,2023,,ST.INT.ARVL,Namibia,3.59909023551847,,64.4061,12408271447.8691,4.44280603819576,4187.60500350786,,,67.385,2963095.0
NA,Namibia,2022,,ST.INT.ARVL,Namibia,3.50989566252475,,61.1485,12569449123.3661,5.39872476224093,4349.79908493314,,405.59393311,64.19,2889662.0
NA,Namibia,2021,,ST.INT.ARVL,Namibia,3.41380072635402,2245.772,60.26,12402486183.6396,3.60382919248703,4412.8355693052,,413.51190186,60.85,2810548.0
NA,Namibia,2020,187100.006103516,ST.INT.ARVL,Namibia,3.31446027523716,62262.67,57.8608,10583748541.5258,-8.10140201443319,3878.58982993966,,344.69924927,64.071,2728762.0
NA,Namibia,2019,1651000.0,ST.INT.ARVL,Namibia,3.21939292351419,212578.0,49.8,12541928303.48,-0.839152163419357,4731.9210318831,,397.42849731,63.546,2650494.0
NA,Namibia,2018,1639000.0,ST.INT.ARVL,Namibia,3.13052144444849,602893.0,42.8,13682019076.4022,1.05993949860752,5308.60813408705,,439.87658691,62.579,2577327.0
NR,Nauru,2024,,ST.INT.ARVL,Nauru,,,,160350639.549467,1.76025162233491,13421.8330584638,,,,11947.0
NR,Nauru,2023,,ST.INT.ARVL,Nauru,593.75,,,151455967.735319,0.64641033466782,12754.1867566585,,,62.109,11875.0
NR,Nauru,2022,,ST.INT.ARVL,Nauru,590.05,,,152190818.868952,2.9515183463878,12896.4341046481,,2264.20239258,61.93,11801.0
NR,Nauru,2021,,ST.INT.ARVL,Nauru,585.45,3344.0,,175513984.500084,7.20659466591439,14989.6647450751,,1809.3338623,61.331,11709.0
NR,Nauru,2020,,ST.INT.ARVL,Nauru,582.15,9356.0,81.6554,124530027.301054,1.98181949377276,10695.6993301601,,1270.52563477,61.527,11643.0
NR,Nauru,2019,,ST.INT.ARVL,Nauru,579.35,50668.0,74.7379,124871111.377973,8.48673659193109,10776.8284610316,,1213.86804199,61.393,11587.0
NR,Nauru,2018,,ST.INT.ARVL,Nauru,573.85,40290.0,,130937589.753517,-1.21912201456978,11408.6947593898,,1221.42358398,61.238,11477.0
NP,Nepal,2024,,ST.INT.ARVL,Nepal,,,,42914268286.7109,3.66537430744968,1447.31004458428,,,,29651054.0
NP,Nepal,2023,,ST.INT.ARVL,Nepal,207.147638646669,,55.7716,41047772331.0994,1.98254843628392,1382.33055769304,,,70.354,29694614.0
NP,Nepal,2022,,ST.INT.ARVL,Nepal,207.292891524241,,53.8878,41182939600.6209,5.6313145568451,1385.91066274851,,88.26616669,70.087,29715436.0
NP,Nepal,2021,,ST.INT.ARVL,Nepal,205.61569584932,2550505.0,45.293,36924841394.2605,4.838149614115,1252.75076731986,0.39,66.54234314,68.385,29475010.0
NP,Nepal,2020,230000.0,ST.INT.ARVL,Nepal,202.068880362749,1989284.0,38.8576,33433659301.2466,-2.3696206292072,1154.21517578318,0.28,59.07941437,69.106,28966574.0
NP,Nepal,2019,1197000.0,ST.INT.ARVL,Nepal,198.214607603767,1659671.0,33.3366,34186180699.0255,6.65705543110468,1203.14294706401,0.29,53.61107254,69.299,28414064.0
NP,Nepal,2018,1173000.0,ST.INT.ARVL,Nepal,195.882029996512,4525805.0,28.6,33111525237.149,7.62237610397933,1179.19843190389,0.25,51.16128922,69.036,28079689.0
NL,Netherlands,2024,,ST.INT.ARVL,Netherlands,,,,1227543925316.41,0.979674921515965,68218.7261019406,,,,17994237.0
NL,Netherlands,2023,,ST.INT.ARVL,Netherlands,530.950905850906,,97.0068,1154361305398.06,0.0745608349011775,64572.0059558854,,,81.9146341463415,17877117.0
NL,Netherlands,2022,,ST.INT.ARVL,Netherlands,525.719691119691,,92.5197,1046540797548.64,5.00723455159611,59123.318556487,,5796.03466797,81.6146341463415,17700982.0
NL,Netherlands,2021,,ST.INT.ARVL,Netherlands,520.731927531928,19349165.526,92.053,1054472123449.6,6.2768306708326,60141.9880911492,,6554.96826172,81.309756097561,17533044.0
NL,Netherlands,2020,7265000.0,ST.INT.ARVL,Netherlands,518.013068013068,14748517.334,91.3333,932560861701.17,-3.86795333823223,53467.9277413737,2.91,5865.90527344,81.3585365853659,17441500.0
NL,Netherlands,2019,20129000.0,ST.INT.ARVL,Netherlands,515.143272943273,46358457.951,93.2886,928903005576.469,2.30009157916757,53554.9007491475,3.02,5340.61279297,82.1121951219512,17344874.0
NL,Netherlands,2018,18780000.0,ST.INT.ARVL,Netherlands,511.779744579745,44417573.579144,91.8919,929733599796.862,2.2587403735731,53955.0770024266,3.17,5330.66015625,81.8121951219512,17231624.0
NC,New Caledonia,2024,,ST.INT.ARVL,New Caledonia,,,,,,,,,,292639.0
NC,New Caledonia,2023,,ST.INT.ARVL,New Caledonia,15.8572210065646,,,,,,,,78.766,289870.0
NC,New Caledonia,2022,,ST.INT.ARVL,New Caledonia,15.7069474835886,,,9623318718.31459,3.49999999631376,33516.363085906,,,77.698,287123.0
NC,New Caledonia,2021,,ST.INT.ARVL,New Caledonia,15.6025164113786,,,10071349663.8484,-2.09999999762849,35311.5543551452,,,77.113,285214.0
NC,New Caledonia,2020,31000.0,ST.INT.ARVL,New Caledonia,15.5457330415755,,,9454629467.91408,-2.40000000064407,33270.330597637,,,77.049,284176.0
NC,New Caledonia,2019,130000.0,ST.INT.ARVL,New Caledonia,15.5145514223195,,,9475655324.59495,-1.40000000198451,33411.3358835672,,,77.262,283606.0
NC,New Caledonia,2018,120000.0,ST.INT.ARVL,New Caledonia,15.5109956236324,,,9896402283.68587,3.99570728203879,34902.8968780031,,,77.557,283541.0
NZ,New Zealand,2024,,ST.INT.ARVL,New Zealand,,,,260235932558.996,-0.126462418567272,48747.0136853042,,,,5338500.0
NZ,New Zealand,2023,,ST.INT.ARVL,New Zealand,19.9194865367817,,96.1638,255194972673.122,1.39425181563566,48654.904227478,,,83.0048780487805,5245000.0
NZ,New Zealand,2022,,ST.INT.ARVL,New Zealand,19.433747294064,,96.1942,249509991440.438,3.49638686458842,48760.0381935936,,4804.37792969,81.9585365853658,5117100.0
NZ,New Zealand,2021,,ST.INT.ARVL,New Zealand,19.4117200258251,8729634.719,96.1151,253977931814.967,4.53540565716095,49689.498134519,2.66,4967.38183594,82.2073170731707,5111300.0
NZ,New Zealand,2020,996000.0,ST.INT.ARVL,New Zealand,19.3315863430937,8516619.501,95.2342,213029554653.687,-0.307246896026541,41850.92032802,2.51,4214.57177734,82.2560975609756,5090200.0
NZ,New Zealand,2019,3888000.0,ST.INT.ARVL,New Zealand,18.9100300026585,17763604.459,89.8637,213006341101.869,2.31747144034802,42779.2298164101,2.55,4059.05639648,82.0560975609756,4979200.0
NZ,New Zealand,2018,3858000.0,ST.INT.ARVL,New Zealand,18.6115225399719,17249049.9541367,89.0,211985631173.205,3.47058203866328,43257.0769238879,2.63,3907.59912109,81.7073170731707,4900600.0
NI,Nicaragua,2024,,ST.INT.ARVL,Nicaragua,,,,19693982967.5926,3.5878302292345,2847.53966339498,,,,6916140.0
NI,Nicaragua,2023,,ST.INT.ARVL,Nicaragua,56.702783779292,,58.2314,17805842283.8725,4.42774384760374,2609.44492072931,,,74.947,6823613.0
NI,Nicaragua,2022,,ST.INT.ARVL,Nicaragua,55.9303141100216,,49.1307,15634572502.2294,3.55029945613975,2322.89053964583,,208.47544861,74.463,6730654.0
NI,Nicaragua,2021,,ST.INT.ARVL,Nicaragua,55.2163952135616,,47.0806,14209020361.8508,10.454389484408,2138.38588469449,0.9,204.21273804,70.478,6644741.0
NI,Nicaragua,2020,474000.0,ST.INT.ARVL,Nicaragua,54.5559830480306,,42.2037,12726422432.4868,-2.23654176262323,1938.44704754382,0.94,165.88038635,70.766,6565267.0
NI,Nicaragua,2019,1455000.0,ST.INT.ARVL,Nicaragua,53.8778211733422,,37.8319,12699023614.245,-2.89686986728901,1958.62051528095,0.96,166.49009705,73.764,6483657.0
NI,Nicaragua,2018,1412000.0,ST.INT.ARVL,Nicaragua,53.1833139438258,,33.913,13025221974.232,-3.3633566598573,2035.16549390507,0.92,172.9760437,73.879,6400080.0
NE,Niger,2024,,ST.INT.ARVL,Niger,,,,19537639288.0633,8.42159789525454,722.748650326257,,,,27032412.0
NE,Niger,2023,,ST.INT.ARVL,Niger,20.6519831057077,,23.1879,16698786973.0228,1.66763406484279,638.336080723299,,,61.183,26159867.0
NE,Niger,2022,,ST.INT.ARVL,Niger,19.9826107207705,,23.2982,15433852714.4935,11.9000000000277,609.745147661683,,26.50681686,60.398,25311973.0
NE,Niger,2021,,ST.INT.ARVL,Niger,19.3432857030078,15019.2,17.474,14915002436.069,1.38359636198477,608.722439593808,,35.39406204,59.542,24502140.0
NE,Niger,2020,85000.0,ST.INT.ARVL,Niger,18.7239385805637,,17.0375,13744653103.058,3.55064109436891,579.512495758236,0.27,35.75509644,59.89,23717613.0
NE,Niger,2019,192000.0,ST.INT.ARVL,Niger,18.1161735217494,,16.6119,12889555561.2299,5.93985257123522,561.691304349698,0.29,31.89424324,60.031,22947757.0
NE,Niger,2018,157000.0,ST.INT.ARVL,Niger,17.5164356201153,,,12837307496.8821,7.21141802762897,578.568035680892,0.24,30.61364555,59.765,22188069.0
NG,Nigeria,2024,,ST.INT.ARVL,Nigeria,,,,187759703099.801,3.42643947135149,806.945695055244,,,,232679478.0
NG,Nigeria,2023,,ST.INT.ARVL,Nigeria,250.20910328623,,39.2136,363846332834.618,2.86021499108364,1596.63696129001,,,54.462,227882945.0
NG,Nigeria,2022,,ST.INT.ARVL,Nigeria,245.013445765671,,37.6975,477403400101.174,3.25168140827093,2139.37478476974,,90.92185211,54.079,223150896.0
NG,Nigeria,2021,,ST.INT.ARVL,Nigeria,239.939047179859,4486313.422,35.5098,440833635873.827,3.64718654072446,2017.27486481527,,81.87322235,53.455,218529286.0
NG,Nigeria,2020,,ST.INT.ARVL,Nigeria,234.961824609945,3435350.518,31.8888,432198898467.795,-1.79425308274458,2019.65706326224,,67.91384888,53.072,213996181.0
NG,Nigeria,2019,,ST.INT.ARVL,Nigeria,230.009377779242,6539048.35309011,29.7,474517490844.461,2.20842927714881,2265.15520863056,,67.6254425,53.009,209485641.0
NG,Nigeria,2018,,ST.INT.ARVL,Nigeria,225.017024056568,7786143.99416227,27.7,421739251509.08,1.92275734200651,2057.87944554011,,63.60244751,52.669,204938755.0
MK,North Macedonia,2024,,ST.INT.ARVL,North Macedonia,,,,16685236492.0675,2.75624917338976,9310.02790015256,,,,1792179.0
MK,North Macedonia,2023,,ST.INT.ARVL,North Macedonia,72.474861221253,,87.1819,15763604287.9867,2.07254208845117,8624.28400232117,,,75.3160975609756,1827816.0
MK,North Macedonia,2022,,ST.INT.ARVL,North Macedonia,72.6293417922284,,85.008,13932436550.0883,2.75888415332967,7606.2375253797,,561.69281006,74.4248780487805,1831712.0
MK,North Macedonia,2021,,ST.INT.ARVL,North Macedonia,72.8435368754956,,81.8737,14000283827.0154,4.51067949038222,7620.80296977508,,636.65447998,73.2463414634146,1837114.0
MK,North Macedonia,2020,118000.0,ST.INT.ARVL,North Macedonia,73.5973037272006,,81.4055,12361036913.8409,-4.68845000956652,6659.59651070776,4.22,510.81011963,74.3951219512195,1856124.0
MK,North Macedonia,2019,758000.0,ST.INT.ARVL,North Macedonia,74.3957969865186,,81.4129,12606338448.547,3.91041953840173,6718.85826635458,4.19,469.47344971,76.6024390243903,1876262.0
MK,North Macedonia,2018,707000.0,ST.INT.ARVL,North Macedonia,74.9028945281523,,79.1678,12683068114.2388,2.88059670964267,6713.98925398989,4.14,426.57290649,76.6487804878049,1889051.0
MP,Northern Mariana Islands,2024,,ST.INT.ARVL,Northern Mariana Islands,,,,,,,,,,44278.0
MP,Northern Mariana Islands,2023,,ST.INT.ARVL,Northern Mariana Islands,98.1369565217391,,,,,,,,78.808,45143.0
MP,Northern Mariana Islands,2022,,ST.INT.ARVL,Northern Mariana Islands,100.169565217391,,,1096000000.0,16.6427546628408,23785.754590043,,,78.531,46078.0
MP,Northern Mariana Islands,2021,,ST.INT.ARVL,Northern Mariana Islands,102.128260869565,,,914000000.0,4.96987951807229,19455.50139424,,,78.16,46979.0
MP,Northern Mariana Islands,2020,,ST.INT.ARVL,Northern Mariana Islands,103.321739130435,,,866000000.0,-29.0598290598291,18220.8382427201,,,78.03,47528.0
MP,Northern Mariana Islands,2019,487000.0,ST.INT.ARVL,Northern Mariana Islands,104.628260869565,,,1179000000.0,-11.4474929044465,24496.6652122421,,,77.844,48129.0
MP,Northern Mariana Islands,2018,518000.0,ST.INT.ARVL,Northern Mariana Islands,106.689130434783,,,1301000000.0,-19.4973343488195,26509.3628379893,,,77.51,49077.0
NO,Norway,2024,,ST.INT.ARVL,Norway,,,,483727398216.364,2.10045327837291,86809.7246897431,,,,5572272.0
NO,Norway,2023,,ST.INT.ARVL,Norway,15.1524803030719,,99.0,482949731776.587,0.0721204806030329,87497.3289297342,,,83.1121951219512,5519594.0
NO,Norway,2022,,ST.INT.ARVL,Norway,14.9809948664452,,99.0,596297651035.798,3.24622860260932,109269.520580298,,8692.57617188,82.509756097561,5457127.0
NO,Norway,2021,,ST.INT.ARVL,Norway,14.8470090866665,,99.0,503367986030.268,3.90868676830634,93072.8925119571,,9163.13867188,83.1634146341463,5408320.0
NO,Norway,2020,1397000.0,ST.INT.ARVL,Norway,14.7672152298338,,94.6076,367633418886.627,-1.27817177234034,68340.0181033702,3.4,7824.57714844,83.209756097561,5379475.0
NO,Norway,2019,5879000.0,ST.INT.ARVL,Norway,14.6479975020132,,98.0,408742840909.091,1.12374694968757,76430.5889473338,3.47,8007.35546875,82.9585365853659,5347896.0
NO,Norway,2018,5688000.0,ST.INT.ARVL,Norway,14.5488896436123,,96.4917,439788625883.8,0.828931500516902,82792.8427113304,3.53,8271.859375,82.7585365853659,5311916.0
OM,Oman,2024,,ST.INT.ARVL,Oman,,,95.2517,106942782834.85,1.67407663008134,20248.4168124608,,,,5281538.0
OM,Oman,2023,,ST.INT.ARVL,Oman,16.3142778675283,,95.2517,105895708712.614,1.18713489558853,20972.4830886637,,,80.031,5049269.0
OM,Oman,2022,,ST.INT.ARVL,Oman,15.2834442649435,,95.2453,109852795838.752,7.98570728354278,23223.5829405935,,706.92224121,77.911,4730226.0
OM,Oman,2021,,ST.INT.ARVL,Oman,14.5409499192246,2075390.0,95.2388,87323797139.1417,2.5821749892893,19403.4600160211,,856.42144775,75.969,4500424.0
OM,Oman,2020,869000.0,ST.INT.ARVL,Oman,14.612268174475,2496069.0,95.2323,75909492847.8544,-3.37972052697999,16784.8630630058,1.16,859.24969482,77.763,4522497.0
OM,Oman,2019,3506000.0,ST.INT.ARVL,Oman,14.8343812600969,11239996.0,90.2594,88060858257.4772,-1.12863801728058,19180.1864152801,1.1,730.08325195,79.946,4591241.0
OM,Oman,2018,3242000.0,ST.INT.ARVL,Oman,14.8558222940226,10438241.0,85.5,91505851755.5267,1.28710391543288,19901.7615642016,1.09,639.78082275,79.864,4597877.0
PK,Pakistan,2024,,ST.INT.ARVL,Pakistan,,,,373071855731.539,3.23478443210148,1484.74985864775,,,,251269164.0
PK,Pakistan,2023,,ST.INT.ARVL,Pakistan,321.067474833956,,27.3759,337885531778.052,-0.0398389716673506,1365.16927410976,,,67.649,247504495.0
PK,Pakistan,2022,,ST.INT.ARVL,Pakistan,316.133077781237,,24.2103,374890295666.694,4.7781068690358,1538.3228133171,,38.76602173,67.417,243700667.0
PK,Pakistan,2021,,ST.INT.ARVL,Pakistan,310.65509677252,4930661.98,21.4107,348516647445.148,6.51388575852702,1455.31922370186,,42.79639816,65.773,239477801.0
PK,Pakistan,2020,,ST.INT.ARVL,Pakistan,304.848674242424,3711456.87,18.9348,300425609817.981,-1.27408744338709,1278.39735206896,,36.9091301,65.701,235001746.0
PK,Pakistan,2019,,ST.INT.ARVL,Pakistan,299.399256693649,7420378.249,17.0709,320909472770.669,2.49763692943365,1390.41690981745,0.51,36.01374817,66.729,230800899.0
PK,Pakistan,2018,,ST.INT.ARVL,Pakistan,294.376416562889,6880637.0,15.34,356128166704.921,6.15170261099519,1569.33814626355,0.51,40.09578323,66.481,226928892.0
PW,Palau,2024,,ST.INT.ARVL,Palau,,,,,,,,,,17695.0
PW,Palau,2023,,ST.INT.ARVL,Palau,38.5369565217391,,,281849100.0,1.87703198392599,15899.4246065324,,,69.269,17727.0
PW,Palau,2022,,ST.INT.ARVL,Palau,38.6065217391304,,,255591100.0,-1.31842716655024,14392.2011374514,,1978.85437012,68.922,17759.0
PW,Palau,2021,,ST.INT.ARVL,Palau,38.6586956521739,,,235752900.0,-13.7938932190606,13257.2063206433,,1916.50598145,68.563,17783.0
PW,Palau,2020,18399.9996185303,ST.INT.ARVL,Palau,38.6782608695652,,,258990800.0,-5.99943392532354,14556.5872302158,,1934.02905273,68.689,17792.0
PW,Palau,2019,94000.0,ST.INT.ARVL,Palau,38.6913043478261,,,281941600.0,0.200015068654793,15841.1956399595,,1924.65795898,68.982,17798.0
PW,Palau,2018,106000.0,ST.INT.ARVL,Palau,38.7260869565217,,,288546300.0,0.110008339571394,16197.7265072415,,1794.765625,68.989,17814.0
PA,Panama,2024,,ST.INT.ARVL,Panama,,,,86260400000.0,2.86166663523247,19102.8521936399,,,,4515577.0
PA,Panama,2023,,ST.INT.ARVL,Panama,60.1072930709086,,68.5485,83318176900.0,7.39930155626219,18686.4050961265,,,79.594,4458759.0
PA,Panama,2022,,ST.INT.ARVL,Panama,59.3255998921542,,77.7041,76276116700.0,10.769665870619,17332.4360742988,,1472.04638672,79.324,4400773.0
PA,Panama,2021,,ST.INT.ARVL,Panama,58.5791992450795,8208378.0,77.031,67396392500.0,16.4671249191559,15509.8069109784,,1417.1541748,77.004,4345405.0
PA,Panama,2020,647000.0,ST.INT.ARVL,Panama,57.87626044756,3074172.0,70.0097,57059846500.0,-17.8212299695008,13290.5608347594,1.92,1358.4498291,76.33,4293261.0
PA,Panama,2019,2494000.0,ST.INT.ARVL,Panama,57.0868158533297,12497758.0,63.6284,69778991200.0,3.10306788630359,16477.9066285687,1.94,1339.45153809,78.514,4234700.0
PA,Panama,2018,2487000.0,ST.INT.ARVL,Panama,56.1857643569695,12631703.0,61.8055,67316471200.0,3.91819807389903,16151.3273478476,1.96,1227.30554199,78.266,4167860.0
PG,Papua New Guinea,2024,,ST.INT.ARVL,Papua New Guinea,,,,32538480023.9998,4.09502900203009,3076.48786186584,,,,10576502.0
PG,Papua New Guinea,2023,,ST.INT.ARVL,Papua New Guinea,22.9422669257607,,24.0667,30816367066.9594,3.81088622906051,2966.06830432055,,,66.134,10389635.0
PG,Papua New Guinea,2022,,ST.INT.ARVL,Papua New Guinea,22.5305149494325,,23.7315,31653185952.609,5.70758404238197,3102.28968594061,,81.11356354,65.274,10203169.0
PG,Papua New Guinea,2021,,ST.INT.ARVL,Papua New Guinea,22.1103564015369,1039010.0,23.2437,26109413521.3117,-0.511353418578196,2607.57861874444,,61.02529907,64.358,10012896.0
PG,Papua New Guinea,2020,39000.0,ST.INT.ARVL,Papua New Guinea,21.6750121450338,932389.0,24.3969,23848447849.6081,-3.16743204434815,2429.61134585269,,55.92817688,65.075,9815746.0
PG,Papua New Guinea,2019,211000.0,ST.INT.ARVL,Papua New Guinea,21.2185001987369,2029701.0,19.9783,24750626029.8777,4.48051456942582,2575.77274140393,0.17,59.89566803,65.331,9609010.0
PG,Papua New Guinea,2018,195000.0,ST.INT.ARVL,Papua New Guinea,20.744850505675,1831903.0,,24109780708.0268,-0.279252284959952,2566.36833735041,,59.04003525,65.114,9394513.0
PY,Paraguay,2024,,ST.INT.ARVL,Paraguay,,,81.5781,44458118399.6669,4.24996010464042,6416.09709002917,,,,6929153.0
PY,Paraguay,2023,,ST.INT.ARVL,Paraguay,17.282671943072,,78.0948,43118053174.5413,4.99922791130152,6299.99026533643,,,73.844,6844146.0
PY,Paraguay,2022,,ST.INT.ARVL,Paraguay,17.0713596633508,,76.2592,41952910858.088,0.176038366124061,6205.6259537937,,480.19396973,72.319,6760464.0
PY,Paraguay,2021,,ST.INT.ARVL,Paraguay,16.8240171155298,111964.0,77.0184,39950899938.7482,4.01673731780312,5976.9317978996,,480.11322021,68.108,6684182.0
PY,Paraguay,2020,1077000.0,ST.INT.ARVL,Paraguay,16.621542914674,131713.0,73.9575,35432178068.1814,-0.819785390971916,5365.47220721191,1.01,411.81765747,72.72,6603739.0
PY,Paraguay,2019,4368000.0,ST.INT.ARVL,Paraguay,16.3983337528316,632389.0,68.5176,37925338329.1494,-0.40185510068001,5821.18199548637,0.9,416.84432983,73.668,6515058.0
PY,Paraguay,2018,4183000.0,ST.INT.ARVL,Paraguay,16.1776541656179,710407.0,64.9935,40225448340.6322,3.20425034076639,6258.44991640954,0.9,422.13101196,73.627,6427382.0
PE,Peru,2024,,ST.INT.ARVL,Peru,,,81.9571,289221969059.853,3.30394098171516,8452.37167047598,,,,34217848.0
PE,Peru,2023,,ST.INT.ARVL,Peru,26.44188828125,,79.4848,266958720837.988,-0.403242151494268,7887.54185920108,,,77.74,33845617.0
PE,Peru,2022,,ST.INT.ARVL,Peru,26.1526859375,,74.675,246065570308.155,2.8090335533015,7350.63034300417,,445.85757446,76.834,33475438.0
PE,Peru,2021,,ST.INT.ARVL,Peru,25.9030328125,9053965.0,71.1078,226328766459.634,13.3626240903125,6826.20255614477,1.6,455.69836426,71.596,33155882.0
PE,Peru,2020,1119000.0,ST.INT.ARVL,Peru,25.65513984375,5705074.0,65.2518,201409694755.934,-10.9333065010382,6133.32552410183,1.64,399.59625244,73.832,32838579.0
PE,Peru,2019,5275000.0,ST.INT.ARVL,Peru,25.35101796875,18820572.0,59.9505,228346006003.648,2.24063176875049,7037.00803692604,1.58,367.98739624,76.275,32449303.0
PE,Peru,2018,5384000.0,ST.INT.ARVL,Peru,24.9199875,17758527.272,55.0543,222597009739.235,3.969351341365,6978.49121548627,1.59,362.75994873,76.018,31897584.0
PH,Philippines,2024,,ST.INT.ARVL,Philippines,,,,461617509782.355,5.69201612823412,3984.8315387656,,,,115843670.0
PH,Philippines,2023,,ST.INT.ARVL,Philippines,385.321122178623,,83.7661,437055627244.424,5.51894967862863,3804.08274131097,,194.05615234,69.833,114891199.0
PH,Philippines,2022,,ST.INT.ARVL,Philippines,382.21262367106,,75.2111,404353369604.631,7.58098212785563,3548.06930572116,,182.93429565,69.472,113964338.0
PH,Philippines,2021,,ST.INT.ARVL,Philippines,379.317000368917,6886922.0,66.9078,394087359848.11,5.71473313185116,3484.38593882819,0.96,208.192276,66.675,113100950.0
PH,Philippines,2020,1483000.0,ST.INT.ARVL,Philippines,375.897186168964,10613531.0,53.7649,361751145451.597,-9.51829474045297,3227.57910235199,0.99,166.61218262,70.097,112081264.0
PH,Philippines,2019,8261000.0,ST.INT.ARVL,Philippines,371.615799711574,47776892.0,43.0266,376823402239.136,6.11852566221303,3400.78949767074,0.98,141.6925354,69.68,110804683.0
PH,Philippines,2018,7168000.0,ST.INT.ARVL,Philippines,367.123744843546,43080118.0,44.1,346841896587.313,6.34148557153473,3168.51036609727,0.95,125.27716827,69.761,109465287.0
PL,Poland,2024,,ST.INT.ARVL,Poland,,,88.585,914696430325.391,2.9233880806669,25022.6716445953,,,,36554707.0
PL,Poland,2023,,ST.INT.ARVL,Poland,119.787615502661,,86.4147,812451128978.58,0.249610834017872,22145.2643088909,,1543.71240234,78.5073170731707,36687353.0
PL,Poland,2022,,ST.INT.ARVL,Poland,120.297131562612,,86.9411,695607522884.822,5.25545697386036,18891.213529396,,1193.13061523,77.1560975609756,36821749.0
PL,Poland,2021,,ST.INT.ARVL,Poland,120.815285854296,3676185.0,85.3749,689170171187.004,6.92718266052501,18635.5088812509,,1183.30236816,75.3512195121951,36981559.0
PL,Poland,2020,,ST.INT.ARVL,Poland,122.548420605625,2686258.0,83.1849,605914186117.953,-2.03556882399977,16150.9291009726,6.11,1025.98486328,76.4,37515748.0
PL,Poland,2019,88515000.0,ST.INT.ARVL,Poland,124.025595374212,10225516.0,80.4359,602683770144.88,4.58045817256199,15874.5220531254,6.09,1014.03820801,77.9048780487805,37965475.0
PL,Poland,2018,85946000.0,ST.INT.ARVL,Poland,124.031583760656,9277538.0,77.5417,594616632477.019,6.2458584723942,15658.210586693,6.44,978.73565674,77.6024390243903,37974750.0
PT,Portugal,2024,,ST.INT.ARVL,Portugal,,,88.487,308683317392.68,1.92844406043977,28844.4979246799,,,,10701636.0
PT,Portugal,2023,,ST.INT.ARVL,Portugal,115.475189289738,,85.7901,289696962620.235,2.61312854351023,27386.2920595024,,2743.57739258,82.2804878048781,10578174.0
PT,Portugal,2022,,ST.INT.ARVL,Portugal,113.904957775507,,84.4969,256898675068.927,6.9858417811997,24620.519556875,,2580.75634766,81.6317073170732,10434332.0
PT,Portugal,2021,,ST.INT.ARVL,Portugal,113.113510527741,8056494.578,82.309,256055879091.139,5.55875771556673,24711.4510062111,,2760.16503906,81.3780487804878,10361831.0
PT,Portugal,2020,4208000.0,ST.INT.ARVL,Portugal,112.406676011074,6219531.061,78.2617,229618773422.577,-8.20463201239903,22299.4044062173,3.53,2346.33081055,81.3292682926829,10297081.0
PT,Portugal,2019,17283000.0,ST.INT.ARVL,Portugal,112.288582794065,22047878.978,75.3464,240115970063.019,2.74568479564236,23343.3628970034,3.51,2221.73120117,81.6756097560976,10286263.0
PT,Portugal,2018,16186000.0,ST.INT.ARVL,Portugal,112.261935951514,17367956.0,74.661,242092894542.888,2.946282440074,23541.1401075289,3.44,2216.30664063,81.3243902439024,10283822.0
PR,Puerto Rico (US),2024,,ST.INT.ARVL,Puerto Rico (US),,,,125841500000.0,3.22670542229149,39285.0174585856,,,,3203295.0
PR,Puerto Rico (US),2023,,ST.INT.ARVL,Puerto Rico (US),361.194137542277,,,118375000000.0,0.498101252480708,36948.4036416846,,,81.69,3203792.0
PR,Puerto Rico (US),2022,,ST.INT.ARVL,Puerto Rico (US),363.03686583991,,87.2918,113843700000.0,2.95709565499587,35353.6821570014,,,79.427,3220137.0
PR,Puerto Rico (US),2021,,ST.INT.ARVL,Puerto Rico (US),367.836640360767,,84.7867,106426600000.0,0.385222719529239,32619.0704601174,,,79.77,3262711.0
PR,Puerto Rico (US),2020,3882000.0,ST.INT.ARVL,Puerto Rico (US),369.965050732807,,,103130900000.0,-4.1808743093346,31427.1130762831,,,80.009,3281590.0
PR,Puerto Rico (US),2019,4931000.0,ST.INT.ARVL,Puerto Rico (US),372.34396843292,,77.7364,105126400000.0,1.67546379498209,31830.5284993358,,,81.438,3302691.0
PR,Puerto Rico (US),2018,4260000.0,ST.INT.ARVL,Puerto Rico (US),370.990980834273,,70.8564,100958100000.0,-4.36142703162535,30679.9181934488,,,81.086,3290690.0
QA,Qatar,2024,,ST.INT.ARVL,Qatar,,,,217982967032.967,2.76841433597697,76275.9076782833,,,,2857822.0
QA,Qatar,2023,,ST.INT.ARVL,Qatar,231.160313315927,,99.6528,213002809340.659,1.18715991623776,80195.8746508549,,,82.368,2656032.0
QA,Qatar,2022,,ST.INT.ARVL,Qatar,231.273542210618,,99.6528,235709325714.286,4.18500970982862,88701.463352273,,1781.56030273,81.857,2657333.0
QA,Qatar,2021,,ST.INT.ARVL,Qatar,218.007832898172,14832936.0,99.6528,179732009560.44,1.62684671918775,71751.8831257169,,1847.00231934,81.083,2504910.0
QA,Qatar,2020,582000.0,ST.INT.ARVL,Qatar,243.180852915579,10640789.0,99.6528,144411363351.648,-3.5576039896784,51683.5054376677,,1967.15197754,80.409,2794148.0
QA,Qatar,2019,2136500.0,ST.INT.ARVL,Qatar,229.648128807659,32953297.0,99.6528,176371267692.308,0.688240954592672,66841.3013484919,1.12,2007.51525879,82.945,2638657.0
QA,Qatar,2018,1819000.0,ST.INT.ARVL,Qatar,224.606962576153,29178923.0,99.6528,183334953818.681,1.23487220191065,71039.8490579352,1.03,1966.55712891,82.714,2580734.0
RO,Romania,2024,,ST.INT.ARVL,Romania,,,91.2905,382767571329.158,0.81368720348209,20072.4079244042,,,,19069340.0
RO,Romania,2023,,ST.INT.ARVL,Romania,82.8384866133519,,89.2034,350775856415.189,2.40427177912809,18404.2730871704,,,76.6073170731707,19059479.0
RO,Romania,2022,,ST.INT.ARVL,Romania,82.7907771210014,,85.5031,296354358293.475,3.96530766311717,15557.8826247584,,902.2677002,75.1536585365854,19048502.0
RO,Romania,2021,,ST.INT.ARVL,Romania,83.1104789638387,2719206.0,83.5904,286578196368.297,5.5457096259051,14986.7854904274,,963.01287842,72.809756097561,19122059.0
RO,Romania,2020,5023000.0,ST.INT.ARVL,Romania,83.7328320584145,1786407.0,78.4553,252033792712.145,-3.67438440910189,13082.3006559554,7.06,809.58880615,74.2536585365854,19265250.0
RO,Romania,2019,12815000.0,ST.INT.ARVL,Romania,84.1952712100139,5630289.0,73.6575,251677082534.495,3.92326384963494,12992.0326104674,7.0,738.5581665,75.6073170731707,19371648.0
RO,Romania,2018,11720000.0,ST.INT.ARVL,Romania,84.6399947844228,4908235.0,70.6813,243468683030.34,6.120930007146,12502.2624061935,6.92,687.15411377,75.3585365853659,19473970.0
RU,Russian Federation,2024,,ST.INT.ARVL,Russian Federation,,,94.365,2173835806671.66,4.34437475491529,14889.0185546875,,,,143533851.0
RU,Russian Federation,2023,,ST.INT.ARVL,Russian Federation,8.78227219242749,,92.245,2071505725030.58,4.08252481259281,14159.3876953125,,,73.2546341463415,143826130.0
RU,Russian Federation,2022,,ST.INT.ARVL,Russian Federation,8.80735653394086,,90.418,2291612121334.64,-1.43588213859842,15619.6142578125,,1078.23486328,72.5456097560976,144236933.0
RU,Russian Federation,2021,,ST.INT.ARVL,Russian Federation,8.83848757424343,96851769.0,88.2138,1829186719575.1,5.86649177292595,12425.029296875,7.03,881.75720215,69.900243902439,144746762.0
RU,Russian Federation,2020,6359000.0,ST.INT.ARVL,Russian Federation,8.86891988517952,62447448.0,84.9947,1493075894362.14,-2.65365450102773,10108.3271484375,7.08,814.94451904,71.3387804878049,145245148.0
RU,Russian Federation,2019,24419000.0,ST.INT.ARVL,Russian Federation,8.88162945666663,108857906.0,82.6422,1693115002708.32,2.19807571335009,11447.701171875,7.07,650.47058105,73.0839024390244,145453291.0
RU,Russian Federation,2018,24551000.0,ST.INT.ARVL,Russian Federation,8.87825976514438,99327311.0,80.8647,1657328773461.31,2.80724541059601,11211.8876953125,7.17,606.11401367,72.6621951219512,145398106.0
RW,Rwanda,2024,,ST.INT.ARVL,Rwanda,,,,14251642231.4932,8.89065529573114,999.654561402699,,,,14256567.0
RW,Rwanda,2023,,ST.INT.ARVL,Rwanda,565.645358735306,,34.2005,14331722700.3249,8.24990302014558,1027.03446804432,,,67.785,13954471.0
RW,Rwanda,2022,,ST.INT.ARVL,Rwanda,553.345358735306,,31.2252,13316161005.7244,8.16120720872912,975.469323979541,,76.83828735,67.528,13651030.0
RW,Rwanda,2021,,ST.INT.ARVL,Rwanda,541.35630320227,715763.609,24.4416,11078787095.1791,10.8584320184896,829.544845639777,,60.46223831,66.85,13355260.0
RW,Rwanda,2020,,ST.INT.ARVL,Rwanda,529.624523713012,661287.648,23.8,10174386854.812,-3.37368746369782,778.701498787411,0.74,58.29339218,66.953,13065837.0
RW,Rwanda,2019,1634000.0,ST.INT.ARVL,Rwanda,517.880137819214,1561562.21422701,21.358,10349300276.7623,9.44738518613097,810.051412137354,0.72,50.75216675,66.691,12776103.0
RW,Rwanda,2018,1711000.0,ST.INT.ARVL,Rwanda,506.201702472639,1502478.0,19.2,9637904518.99702,8.51646722592409,771.773511057901,0.72,51.35319138,66.354,12487996.0
WS,Samoa,2024,,ST.INT.ARVL,Samoa,,,,1068025243.63929,9.42235044158694,4898.77140817676,,,,218019.0
WS,Samoa,2023,,ST.INT.ARVL,Samoa,77.9363309352518,,58.1386,938189443.830393,9.20864923964689,4330.17840531329,,,71.698,216663.0
WS,Samoa,2022,,ST.INT.ARVL,Samoa,77.4320143884892,,57.3288,832945205.637185,-5.30629089966979,3869.46639492144,,236.22660828,71.55,215261.0
WS,Samoa,2021,,ST.INT.ARVL,Samoa,76.8989208633094,7212.0,56.5947,843923638.733018,-7.07883094291508,3947.64517905415,,270.41333008,71.096,213779.0
WS,Samoa,2020,23899.9996185303,ST.INT.ARVL,Samoa,76.2388489208633,11957.0,51.6959,868898358.266437,-3.10844401053139,4099.6600907147,,256.74545288,70.727,211944.0
WS,Samoa,2019,181000.0,ST.INT.ARVL,Samoa,75.4604316546763,74867.0,47.2211,912950466.064906,4.45185891688691,4351.94234943706,,242.9050293,70.269,209780.0
WS,Samoa,2018,172000.0,ST.INT.ARVL,Samoa,74.6697841726619,77811.0,43.1336,878448433.404342,-0.609647103380141,4231.81409469194,,200.42073059,71.052,207582.0
SM,San Marino,2024,,ST.INT.ARVL,San Marino,,,,,,,,,,33977.0
SM,San Marino,2023,,ST.INT.ARVL,San Marino,564.333333333333,,87.0278,,,,,,85.706,33860.0
SM,San Marino,2022,,ST.INT.ARVL,San Marino,562.583333333333,,85.0607,1831700577.08904,7.89844145767604,54264.570495898,,3874.98535156,85.708,33755.0
SM,San Marino,2021,,ST.INT.ARVL,San Marino,570.866666666667,,81.67,1855395999.76534,13.8977895076234,54168.9828262684,,4033.1027832,83.539,34252.0
SM,San Marino,2020,,ST.INT.ARVL,San Marino,579.5,,77.95,1544714493.24409,-6.64791081780602,44426.6463400658,,3758.609375,82.65,34770.0
SM,San Marino,2019,1904000.0,ST.INT.ARVL,San Marino,577.716666666667,,67.8507,1616232125.12587,2.06568514732741,46627.0122356944,,3801.21044922,85.257,34663.0
SM,San Marino,2018,1874000.0,ST.INT.ARVL,San Marino,575.366666666667,,,1655353653.05934,1.4939053181737,47950.6880557136,,3969.36474609,85.095,34522.0
ST,Sao Tome and Principe,2024,,ST.INT.ARVL,Sao Tome and Principe,,,,764274042.735043,0.900000598992492,3244.82899741459,,,,235536.0
ST,Sao Tome and Principe,2023,,ST.INT.ARVL,Sao Tome and Principe,240.490625,,61.4607,678976264.835436,0.372252775001456,2940.93352926715,,,69.718,230871.0
ST,Sao Tome and Principe,2022,,ST.INT.ARVL,Sao Tome and Principe,235.734375,,61.5535,540809499.189348,0.168698492216564,2389.73729784737,,180.3336792,69.237,226305.0
ST,Sao Tome and Principe,2021,,ST.INT.ARVL,Sao Tome and Principe,231.209375,28019.0,61.5241,524402455.54816,1.89929891337832,2362.58827248102,,187.06524658,68.026,221961.0
ST,Sao Tome and Principe,2020,,ST.INT.ARVL,Sao Tome and Principe,226.494791666667,20703.0,51.5547,471229484.607144,2.62485949543812,2167.22001796925,,159.84396362,67.979,217435.0
ST,Sao Tome and Principe,2019,,ST.INT.ARVL,Sao Tome and Principe,222.283333333333,41933.0,44.3,412976082.620705,2.01431672129407,1935.2931816596,2.89,106.86884308,68.043,213392.0
ST,Sao Tome and Principe,2018,33400.0015258789,ST.INT.ARVL,Sao Tome and Principe,218.944791666667,36660.0,38.0,383717327.830508,4.37812808264972,1825.59971753966,,108.87628937,67.602,210187.0
SA,Saudi Arabia,2024,,ST.INT.ARVL,Saudi Arabia,,,100.0,1237529866666.67,1.80795515147298,35057.2252306969,,,,35300280.0
SA,Saudi Arabia,2023,,ST.INT.ARVL,Saudi Arabia,15.6779493787476,,100.0,1218584533333.33,0.542592439393161,36156.848337701,,,78.732,33702731.0
SA,Saudi Arabia,2022,,ST.INT.ARVL,Saudi Arabia,14.9673785522564,,100.0,1239075200000.0,12.0005874752929,38510.2276211037,,1593.37145996,77.31,32175224.0
SA,Saudi Arabia,2021,,ST.INT.ARVL,Saudi Arabia,14.320382473752,29403732.0,100.0,982661066666.667,6.51959698325419,31920.7653655643,2.15,1654.74353027,77.089,30784383.0
SA,Saudi Arabia,2020,,ST.INT.ARVL,Saudi Arabia,14.6777023663877,20968865.89,97.8623,767951200000.0,-3.80476473038999,24338.8307301067,2.18,1574.70068359,77.596,31552510.0
SA,Saudi Arabia,2019,20292000.0,ST.INT.ARVL,Saudi Arabia,13.9851787932213,46181487.0,95.7247,888890133333.333,1.65156358885577,29566.7933827436,2.15,1504.55249023,78.313,30063799.0
SA,Saudi Arabia,2018,17570000.0,ST.INT.ARVL,Saudi Arabia,14.0468072140634,39767648.0,93.31,886564800000.0,3.2269508901591,29360.0658968566,2.15,1488.9753418,78.75,30196281.0
SN,Senegal,2024,,ST.INT.ARVL,Senegal,,,,32267254425.052,6.89200740291385,1743.98888384359,,,,18501984.0
SN,Senegal,2023,,ST.INT.ARVL,Senegal,93.8948371682335,,60.6122,30696331295.7826,4.2574308328029,1698.03387300843,,,68.683,18077573.0
SN,Senegal,2022,,ST.INT.ARVL,Senegal,91.6797538046019,,59.2246,27783332222.6759,3.85043193735768,1574.0281059306,,63.73388672,67.788,17651103.0
SN,Senegal,2021,,ST.INT.ARVL,Senegal,89.4451098530099,359705.738,57.2554,27520784129.7508,6.54400109964304,1598.10676952274,,71.12162781,66.868,17220867.0
SN,Senegal,2020,,ST.INT.ARVL,Senegal,87.2031319794318,271331.0,53.3088,24530513037.7518,1.3420737726679,1461.08720350553,,75.16521454,67.496,16789219.0
SN,Senegal,2019,,ST.INT.ARVL,Senegal,84.9370072196541,457722.0,43.4,23403995992.1354,4.61362809749708,1431.18128932159,0.73,64.33670807,67.668,16352922.0
SN,Senegal,2018,,ST.INT.ARVL,Senegal,82.6598348309354,278438.288559913,35.3,23116701556.1381,6.20924103389086,1452.55612562445,,64.37467957,67.379,15914498.0
RS,Serbia,2024,,ST.INT.ARVL,Serbia,,,87.6907,89083506277.2344,3.87801279597191,13523.7246826854,,,,6587202.0
RS,Serbia,2023,,ST.INT.ARVL,Serbia,78.7630277084077,,85.3575,81342660752.3732,3.84747112784942,12281.5058488303,,,76.2209756097561,6623183.0
RS,Serbia,2022,,ST.INT.ARVL,Serbia,79.2537638244738,,83.5383,66797564758.339,2.63098644408841,10022.9688543402,,903.11828613,75.2365853658537,6664449.0
RS,Serbia,2021,,ST.INT.ARVL,Serbia,81.2739445831847,1276465.0,81.1659,66159884072.5308,7.94905650472278,9680.52798074468,,919.16790771,72.780487804878,6834326.0
RS,Serbia,2020,446000.0,ST.INT.ARVL,Serbia,82.0445475086217,795228.0,78.368,55874017668.998,-0.950023991851594,8098.70955668849,5.35,670.19439697,74.4780487804878,6899126.0
RS,Serbia,2019,1847000.0,ST.INT.ARVL,Serbia,79.4104161902584,2469081.0,77.4168,53864693664.5568,4.75020793899014,7755.632986437,5.34,641.02966309,75.9365853658537,6945235.0
RS,Serbia,2018,1711000.0,ST.INT.ARVL,Serbia,79.8376857992225,2262703.0,73.3607,52787520248.9242,4.64935035491007,7559.86165747394,5.3,617.08679199,75.890243902439,6982604.0
SC,Seychelles,2024,,ST.INT.ARVL,Seychelles,,,,2167239562.46013,3.46568066415341,17858.8226383978,,,,121354.0
SC,Seychelles,2023,,ST.INT.ARVL,Seychelles,260.376086956522,,87.4009,2187379754.66167,2.25925322283285,18262.7115849287,,,74.9585365853659,119773.0
SC,Seychelles,2022,,ST.INT.ARVL,Seychelles,260.604347826087,,87.0353,2018346588.73752,12.7104688902836,16836.6721895387,,694.75085449,73.7024390243903,119878.0
SC,Seychelles,2021,,ST.INT.ARVL,Seychelles,215.778260869565,137565.0,87.3383,1487173794.80528,0.552281631207279,14982.9111487767,,629.11602783,73.3975609756097,99258.0
SC,Seychelles,2020,124500.0,ST.INT.ARVL,Seychelles,214.047826086957,149489.0,84.8223,1382551751.56908,-11.7398608281732,14041.4754074575,3.19,693.1987915,77.2365853658537,98462.0
SC,Seychelles,2019,428000.0,ST.INT.ARVL,Seychelles,212.228260869565,414088.0,76.6,1868690096.73454,5.5142920737342,19141.5118743615,3.25,692.09197998,74.0463414634146,97625.0
SC,Seychelles,2018,405000.0,ST.INT.ARVL,Seychelles,210.352173913043,455201.0,69.2,1784313926.76807,4.93947272254312,18440.2340460932,3.24,708.699646,72.8414634146341,96762.0
SL,Sierra Leone,2024,,ST.INT.ARVL,Sierra Leone,,,,7547843281.27425,4.00000002570113,873.388575182318,,,,8642022.0
SL,Sierra Leone,2023,,ST.INT.ARVL,Sierra Leone,117.214075921308,,20.635,6411787856.06581,5.7100218981806,757.848680560444,,,61.786,8460512.0
SL,Sierra Leone,2022,,ST.INT.ARVL,Sierra Leone,114.66898032696,,19.2287,7124465159.65304,5.3135546141915,860.774590932595,,39.31665802,61.275,8276807.0
SL,Sierra Leone,2021,,ST.INT.ARVL,Sierra Leone,112.144666112497,,18.6539,7173379137.26091,5.8968527047094,886.192939104469,,44.90049362,60.26,8094602.0
SL,Sierra Leone,2020,,ST.INT.ARVL,Sierra Leone,109.622582432807,,17.1208,6693888876.28565,-1.2533490322766,845.982914284565,,47.8861618,59.694,7912558.0
SL,Sierra Leone,2019,71000.0,ST.INT.ARVL,Sierra Leone,107.120961485176,,15.7137,6526183564.19893,5.50270937378153,844.049555179116,,48.13619995,59.593,7731991.0
SL,Sierra Leone,2018,66000.0,ST.INT.ARVL,Sierra Leone,104.662829038515,,14.4223,6390514688.52816,2.8938564123677,845.914540460932,,44.82733536,59.059,7554563.0
SG,Singapore,2024,,ST.INT.ARVL,Singapore,,,94.3776,547386645891.847,4.38802362461865,90674.066632628,,,,6036860.0
SG,Singapore,2023,,ST.INT.ARVL,Singapore,8241.8495821727,,94.2852,505439514078.019,1.82140694115385,85412.230345235,,,82.8951219512195,5917648.0
SG,Singapore,2022,,ST.INT.ARVL,Singapore,7851.00557103064,,95.9539,509017841146.557,4.10800021897151,90299.0694637269,,4320.51611328,82.8951219512195,5637022.0
SG,Singapore,2021,,ST.INT.ARVL,Singapore,7595.49582172702,2311712.0,96.9247,436591382250.464,9.7568044629903,80056.1288247844,2.65,4044.17333984,83.0926829268293,5453566.0
SG,Singapore,2020,2742000.0,ST.INT.ARVL,Singapore,7918.95125348189,7884373.0,92.0043,349165858544.568,-3.81470885510713,61410.0792630788,2.63,3492.35986328,83.5439024390244,5685807.0
SG,Singapore,2019,19116000.0,ST.INT.ARVL,Singapore,7965.87849162011,43050722.0,88.9493,376161998830.048,1.30804118153127,65952.0378959293,2.6,2893.78222656,83.5951219512195,5703569.0
SG,Singapore,2018,18508000.0,ST.INT.ARVL,Singapore,7897.30532212885,40401515.0,88.1656,377123710560.614,3.4519759658687,66881.6067035265,2.5,2688.27270508,83.2975609756098,5638676.0
SX,Sint Maarten (Dutch part),2024,,ST.INT.ARVL,Sint Maarten (Dutch part),,,,1735210227.92581,3.49999999999999,40027.9175992113,,,,43350.0
SX,Sint Maarten (Dutch part),2023,,ST.INT.ARVL,Sint Maarten (Dutch part),1257.32352941176,,,1627776949.27374,3.8,38077.5444869761,,,76.371,42749.0
SX,Sint Maarten (Dutch part),2022,,ST.INT.ARVL,Sint Maarten (Dutch part),1239.38235294118,,,1537088715.0838,9.80000111145777,36476.6300833859,,,76.18,42139.0
SX,Sint Maarten (Dutch part),2021,,ST.INT.ARVL,Sint Maarten (Dutch part),1222.67647058824,,,1353071061.45251,4.57759677933345,32548.4366854902,,,74.505,41571.0
SX,Sint Maarten (Dutch part),2020,,ST.INT.ARVL,Sint Maarten (Dutch part),1206.11764705882,,,1236428100.55866,-13.3167887221567,30150.8998380477,,,75.002,41008.0
SX,Sint Maarten (Dutch part),2019,1952000.0,ST.INT.ARVL,Sint Maarten (Dutch part),1187.79411764706,,,1407880446.92737,10.9650009352392,34861.469528968,,,75.68,40385.0
SX,Sint Maarten (Dutch part),2018,1775000.0,ST.INT.ARVL,Sint Maarten (Dutch part),1168.0,,,1259200446.92737,-6.85698299227944,31708.3110124742,,,75.693,39712.0
SK,Slovak Republic,2024,,ST.INT.ARVL,Slovak Republic,,,89.8251,141775733420.114,2.06167771773576,26147.9028430133,,,,5422069.0
SK,Slovak Republic,2023,,ST.INT.ARVL,Slovak Republic,112.868968386023,,87.2131,133896931490.224,2.16814911569574,24673.5482979144,,,78.0170731707317,5426740.0
SK,Slovak Republic,2022,,ST.INT.ARVL,Slovak Republic,112.973211314476,,89.0677,115884262197.697,0.437359508569173,21334.6011006572,,1642.39208984,76.9658536585366,5431752.0
SK,Slovak Republic,2021,,ST.INT.ARVL,Slovak Republic,113.295486688852,8900.0,88.9256,120560912620.599,5.6995926329251,22132.4483028948,,1684.51550293,74.6146341463415,5447247.0
SK,Slovak Republic,2020,,ST.INT.ARVL,Slovak Republic,113.536335274542,2669.0,89.9209,107732602896.441,-2.58551241733207,19735.4858280801,5.68,1393.62438965,76.8658536585366,5458827.0
SK,Slovak Republic,2019,,ST.INT.ARVL,Slovak Republic,113.43899750416,,82.8537,105843498304.094,2.27589910019393,19406.0589683582,5.76,1342.07580566,77.6658536585366,5454147.0
SK,Slovak Republic,2018,15299000.0,ST.INT.ARVL,Slovak Republic,113.285586522463,,80.4489,106611673364.837,4.06211981896483,19573.3717031314,5.7,1299.91125488,77.2658536585366,5446771.0
SI,Slovenia,2024,,ST.INT.ARVL,Slovenia,,,90.7636,72485008929.2766,1.59101479921402,34089.3527652778,,,,2126324.0
SI,Slovenia,2023,,ST.INT.ARVL,Slovenia,105.31480791676,,90.3779,69148468417.3208,2.11259098460627,32610.110922729,,3033.32104492,81.9780487804878,2120461.0
SI,Slovenia,2022,,ST.INT.ARVL,Slovenia,104.888460698039,,88.9125,59927702746.2843,2.69923874523828,28373.8382265999,,2737.84936523,81.2829268292683,2112076.0
SI,Slovenia,2021,,ST.INT.ARVL,Slovenia,104.689964442502,21037.0,89.004,61529280461.092,8.38965158187224,29187.369382785,,2779.56591797,80.6756097560976,2108079.0
SI,Slovenia,2020,1216000.0,ST.INT.ARVL,Slovenia,104.408881428657,78565.0,86.6013,53384760135.1581,-4.08500094942896,25392.0651093612,4.25,2417.20874023,80.5317073170732,2102419.0
SI,Slovenia,2019,4702000.0,ST.INT.ARVL,Slovenia,103.711934605987,869640.1,83.1084,53909922735.545,3.50525332381912,25814.1687167572,4.38,2219.09790039,81.5292682926829,2088385.0
SI,Slovenia,2018,4425000.0,ST.INT.ARVL,Slovenia,102.992292564709,1094762.0,79.75,53689067639.9176,4.37908347331195,25888.0481065655,4.36,2169.57885742,81.3780487804878,2073894.0
SB,Solomon Islands,2024,,ST.INT.ARVL,Solomon Islands,,,,1760767447.17461,2.53934191702432,2149.37957267304,,,,819198.0
SB,Solomon Islands,2023,,ST.INT.ARVL,Solomon Islands,28.581814933905,,42.4597,1660896530.71894,2.65636186734713,2076.10768772563,,,70.528,800005.0
SB,Solomon Islands,2022,,ST.INT.ARVL,Solomon Islands,27.9051804215791,,42.094,1566360686.10632,2.40248143622522,2005.4139933198,,96.73880768,70.409,781066.0
SB,Solomon Islands,2021,,ST.INT.ARVL,Solomon Islands,27.2451232583065,100593.419,41.8392,1522794913.0914,2.56434975416948,1996.86976779348,,98.7951355,68.89,762591.0
SB,Solomon Islands,2020,4400.00009536743,ST.INT.ARVL,Solomon Islands,26.5987138263666,138660.862,33.1974,1536145814.17007,-3.3811475409836,2063.33101522108,,100.99560547,69.258,744498.0
SB,Solomon Islands,2019,28899.9996185303,ST.INT.ARVL,Solomon Islands,26.014540907467,229670.648,26.3406,1619155017.3924,1.74856655451832,2223.66502559565,,98.67025757,69.981,728147.0
SB,Solomon Islands,2018,27899.9996185303,ST.INT.ARVL,Solomon Islands,25.3340836012862,427806.0,20.9,1615478393.28614,2.74599542334096,2278.20633913383,,88.03850555,69.806,709101.0
SO,"Somalia, Fed. Rep.",2024,,ST.INT.ARVL,"Somalia, Fed. Rep.",,,,12108515109.9996,3.97232080866033,636.983477589273,,,,19009151.0
SO,"Somalia, Fed. Rep.",2023,,ST.INT.ARVL,"Somalia, Fed. Rep.",29.2642187649441,,,10968517089.9982,4.21638432610854,597.458854603043,,,58.816,18358615.0
SO,"Somalia, Fed. Rep.",2022,,ST.INT.ARVL,"Somalia, Fed. Rep.",28.3767924889215,,27.6,10202767269.9992,2.72711429582147,573.128092472349,,15.34639168,53.931,17801897.0
SO,"Somalia, Fed. Rep.",2021,,ST.INT.ARVL,"Somalia, Fed. Rep.",27.5312127395033,,,9483997390.00062,3.45822792939046,549.114742721701,,14.63377476,55.703,17271431.0
SO,"Somalia, Fed. Rep.",2020,,ST.INT.ARVL,"Somalia, Fed. Rep.",26.5425303663085,,15.0237,8628393720.00185,-2.75248103928239,518.184778494334,,12.42313194,57.095,16651191.0
SO,"Somalia, Fed. Rep.",2019,,ST.INT.ARVL,"Somalia, Fed. Rep.",25.5538798737527,34065.5568461863,,8655023960.00102,2.8243133654528,539.893931565407,0.87,12.87221336,57.249,16030971.0
SO,"Somalia, Fed. Rep.",2018,,ST.INT.ARVL,"Somalia, Fed. Rep.",24.6317578984283,33728.9686579889,,7873440830.00128,2.05431507259436,509.525801898508,0.87,12.70534706,54.767,15452487.0
ZA,South Africa,2024,,ST.INT.ARVL,South Africa,,,,400260724226.067,0.579853692303914,6253.37158194543,,,,64007187.0
ZA,South Africa,2023,,ST.INT.ARVL,South Africa,52.1085690262058,,75.6592,380699271816.395,0.698485193724835,6022.54254192335,,,66.139,63212384.0
ZA,South Africa,2022,,ST.INT.ARVL,South Africa,51.4210899438624,,75.4556,406920004594.074,1.91147996033504,6523.41097815853,,569.84075928,65.454,62378410.0
ZA,South Africa,2021,,ST.INT.ARVL,South Africa,50.6991261983859,9321575.836,74.9686,420886877628.703,4.95503259440756,6843.39941886204,,592.53417969,62.01,61502603.0
ZA,South Africa,2020,3886600.09765625,ST.INT.ARVL,South Africa,49.9240625180325,8304771.044,72.1128,337974655408.055,-6.1689177146757,5580.60383075189,,503.46759033,65.15,60562381.0
ZA,South Africa,2019,14797000.0,ST.INT.ARVL,South Africa,49.1207453692636,26211258.0,69.6969,389330032224.269,0.25993557687633,6533.71121032856,,538.80426025,66.071,59587885.0
ZA,South Africa,2018,15004000.0,ST.INT.ARVL,South Africa,48.3171083761304,24660386.0,62.4,405260723892.517,1.55678384721676,6914.1780318076,,558.8013916,65.726,58613001.0
SS,South Sudan,2024,,ST.INT.ARVL,South Sudan,,,,,,,,,,11943408.0
SS,South Sudan,2023,,ST.INT.ARVL,South Sudan,18.1719082809805,,,,,,,,57.617,11483374.0
SS,South Sudan,2022,,ST.INT.ARVL,South Sudan,17.4405029038026,,,,,,,49.41268158,57.203,11021177.0
SS,South Sudan,2021,,ST.INT.ARVL,South Sudan,17.1945943379805,,,,,,,34.53858948,57.047,10865780.0
SS,South Sudan,2020,,ST.INT.ARVL,South Sudan,16.9298292532401,,9.27123,,,,,47.23431778,57.648,10698467.0
SS,South Sudan,2019,,ST.INT.ARVL,South Sudan,16.4945231275616,,6.7,,,,,35.07043839,58.129,10423384.0
SS,South Sudan,2018,,ST.INT.ARVL,South Sudan,16.0191429430475,,4.8,,,,,31.05302238,51.905,10122977.0
ES,Spain,2024,,ST.INT.ARVL,Spain,,,95.7575,1722745978335.16,3.15019564517223,35297.0094995565,,,,48807137.0
ES,Spain,2023,,ST.INT.ARVL,Spain,96.7543757482028,,95.4456,1620090734956.89,2.6756634629066,33509.0127982139,,,83.8829268292683,48347910.0
ES,Spain,2022,,ST.INT.ARVL,Spain,95.626963633201,,94.4855,1446498147749.03,6.17931219966114,30270.2687017458,,2910.83764648,83.1341463414634,47786102.0
ES,Spain,2021,,ST.INT.ARVL,Spain,94.9382927184248,43440479.727,93.8975,1461244901852.69,6.68314420473001,30799.4775937775,2.94,3144.11181641,83.1780487804878,47443821.0
ES,Spain,2020,36410000.0,ST.INT.ARVL,Spain,94.802910688937,26557077.999,93.2056,1289783836971.21,-10.9400706350371,27233.9426461608,2.95,2898.00537109,82.2317073170732,47359424.0
ES,Spain,2019,126170000.0,ST.INT.ARVL,Spain,94.3181087826492,88237165.272,90.7187,1403496387686.27,1.96117850841711,29786.5245689007,2.95,2713.62255859,83.8317073170732,47118501.0
ES,Spain,2018,124456000.0,ST.INT.ARVL,Spain,93.638281089712,80706703.0,86.1072,1431642809327.06,2.39541124478878,30602.4212881113,2.97,2741.90600586,83.4317073170732,46782011.0
LK,Sri Lanka,2024,,ST.INT.ARVL,Sri Lanka,,,,98963185509.6499,5.00871930957159,4515.56787322732,,,,21916000.0
LK,Sri Lanka,2023,,ST.INT.ARVL,Sri Lanka,356.239896540576,,51.2,83716142582.1945,-2.3298481898334,3798.89016573011,,,77.483,22037000.0
LK,Sri Lanka,2022,,ST.INT.ARVL,Sri Lanka,358.567733591982,,48.3,74143020262.8076,-7.34919301306745,3342.63650253855,,145.55810547,77.3,22181000.0
LK,Sri Lanka,2021,,ST.INT.ARVL,Sri Lanka,358.163595215002,871685.0,44.4531,88556698937.7033,4.2074764951157,3996.96240014909,,157.13322449,76.278,22156000.0
LK,Sri Lanka,2020,540000.0,ST.INT.ARVL,Sri Lanka,354.332363401229,1240391.0,36.1847,84335574581.5072,-4.62451503749502,3847.60137695639,4.02,152.001297,76.928,21919000.0
LK,Sri Lanka,2019,2027000.0,ST.INT.ARVL,Sri Lanka,352.431694638296,5582446.0,32.0,88998706296.5783,-0.220483886831275,4081.94772722003,4.0,154.87071228,76.698,21803000.0
LK,Sri Lanka,2018,2521000.0,ST.INT.ARVL,Sri Lanka,350.284495021337,5882376.0,28.3,94450015982.8405,2.31008425545845,4358.56095906047,3.93,154.64622498,76.485,21670000.0
KN,St. Kitts and Nevis,2024,,ST.INT.ARVL,St. Kitts and Nevis,,,,1066681481.48148,1.1664402290746,22771.4168922033,,,,46843.0
KN,St. Kitts and Nevis,2023,,ST.INT.ARVL,St. Kitts and Nevis,179.838461538462,,76.4208,1056751851.85185,4.32855771559805,22600.4502299468,,,72.145,46758.0
KN,St. Kitts and Nevis,2022,,ST.INT.ARVL,St. Kitts and Nevis,179.65,,75.5566,980188888.888889,10.3424040546025,20985.0112160159,,1160.26428223,70.313,46709.0
KN,St. Kitts and Nevis,2021,,ST.INT.ARVL,St. Kitts and Nevis,179.857692307692,,74.3716,858622222.222222,0.367606879216311,18361.1449697886,4.33,1134.47509766,69.271,46763.0
KN,St. Kitts and Nevis,2020,301399.993896484,ST.INT.ARVL,St. Kitts and Nevis,180.269230769231,,70.2753,883922222.222222,-15.3018891740649,18859.0190361046,4.32,1067.96020508,71.181,46870.0
KN,St. Kitts and Nevis,2019,1107000.0,ST.INT.ARVL,St. Kitts and Nevis,180.584615384615,,69.4,1107855555.55556,2.93824658056356,23595.4923231291,4.32,1223.83544922,71.54,46952.0
KN,St. Kitts and Nevis,2018,1278000.0,ST.INT.ARVL,St. Kitts and Nevis,180.8,,68.6,1076548148.14815,2.00352549800972,22901.3816403197,5.0,1120.83300781,71.336,47008.0
LC,St. Lucia,2024,,ST.INT.ARVL,St. Lucia,,,,2549062962.96296,3.89175024218898,14181.6303351598,,,,179744.0
LC,St. Lucia,2023,,ST.INT.ARVL,St. Lucia,293.909836065574,,70.0834,2430166666.66667,2.20988276526516,13554.7684784933,,,72.697,179285.0
LC,St. Lucia,2022,,ST.INT.ARVL,St. Lucia,293.083606557377,,65.3544,2342714814.81481,20.3884431828414,13103.8243147472,,644.80279541,72.67,178781.0
LC,St. Lucia,2021,,ST.INT.ARVL,St. Lucia,292.659016393443,,63.0633,1867185185.18518,11.598783583643,10459.1321248092,1.96,588.36962891,69.119,178522.0
LC,St. Lucia,2020,432500.0,ST.INT.ARVL,St. Lucia,292.213114754098,,62.064,1499274074.07407,-24.3614732129122,8411.07474936367,1.74,577.55700684,72.308,178250.0
LC,St. Lucia,2019,1220000.0,ST.INT.ARVL,St. Lucia,291.247540983607,,61.0805,2095344444.44444,-0.700322396299441,11794.0597229805,,493.95703125,72.249,177661.0
LC,St. Lucia,2018,1165000.0,ST.INT.ARVL,St. Lucia,290.191803278688,,60.1126,2060955555.55556,2.88677902171601,11642.6984727769,,486.53726196,72.655,177017.0
MF,St. Martin (French part),2024,,ST.INT.ARVL,St. Martin (French part),,,,,,,,,,26129.0
MF,St. Martin (French part),2023,,ST.INT.ARVL,St. Martin (French part),550.3,,,,,,,,80.224,27515.0
MF,St. Martin (French part),2022,,ST.INT.ARVL,St. Martin (French part),577.4,,,,,,,,80.236,28870.0
MF,St. Martin (French part),2021,,ST.INT.ARVL,St. Martin (French part),599.22,,,649206156.194207,4.89999967133534,21668.3740927942,,,80.206,29961.0
MF,St. Martin (French part),2020,,ST.INT.ARVL,St. Martin (French part),635.72,,,,-12.500002246731,,,,80.085,31786.0
MF,St. Martin (French part),2019,,ST.INT.ARVL,St. Martin (French part),685.34,,,652205849.387956,6.50000363700821,19033.0594854512,,,80.078,34267.0
MF,St. Martin (French part),2018,,ST.INT.ARVL,St. Martin (French part),720.24,,,,-7.99999506898229,,,,80.029,36012.0
VC,St. Vincent and the Grenadines,2024,,ST.INT.ARVL,St. Vincent and the Grenadines,,,,1157207407.40741,4.06183490050209,11501.2265187188,,,,100616.0
VC,St. Vincent and the Grenadines,2023,,ST.INT.ARVL,St. Vincent and the Grenadines,259.802564102564,,75.9927,1072237037.03704,5.32636472098717,10582.3656725229,,,71.23,101323.0
VC,St. Vincent and the Grenadines,2022,,ST.INT.ARVL,St. Vincent and the Grenadines,261.65641025641,,71.7226,989188888.888889,3.1108330034352,9693.55867833025,,434.86938477,71.191,102046.0
VC,St. Vincent and the Grenadines,2021,,ST.INT.ARVL,St. Vincent and the Grenadines,263.694871794872,,67.4287,888677777.777778,2.09340124465459,8641.27904024443,4.2,454.80987549,69.132,102841.0
VC,St. Vincent and the Grenadines,2020,,ST.INT.ARVL,St. Vincent and the Grenadines,265.451282051282,,63.381,864566666.666667,-4.26892434422649,8351.20324040982,3.98,406.3571167,69.605,103526.0
VC,St. Vincent and the Grenadines,2019,392000.0,ST.INT.ARVL,St. Vincent and the Grenadines,267.094871794872,,59.5763,910481481.481481,0.668428481084234,8740.59425232061,3.96,372.05615234,70.994,104167.0
VC,St. Vincent and the Grenadines,2018,356000.0,ST.INT.ARVL,St. Vincent and the Grenadines,269.041025641026,,56.0,884329629.62963,3.1756114423991,8428.12677153069,,358.53372192,71.017,104926.0
SD,Sudan,2024,,ST.INT.ARVL,Sudan,,,,49909807029.6996,-13.4932920592869,989.312866210938,,,,50448963.0
SD,Sudan,2023,,ST.INT.ARVL,Sudan,26.7895026766595,,,39898289820.7951,-29.4332718325149,797.283447265625,,,66.331,50042791.0
SD,Sudan,2022,,ST.INT.ARVL,Sudan,26.4364807280514,,,51666875363.0963,-0.957816591119183,1046.24084472656,,31.57727051,65.695,49383346.0
SD,Sudan,2021,,ST.INT.ARVL,Sudan,25.7317580299786,1386967.0,,34229513774.9936,-1.8685204827207,712.122009277344,,20.4981575,64.46,48066924.0
SD,Sudan,2020,,ST.INT.ARVL,Sudan,25.0477682012848,386838.0,26.4383,27034593750.0,-3.62980082410752,577.795227050781,0.66,22.17246819,65.124,46789231.0
SD,Sudan,2019,,ST.INT.ARVL,Sudan,24.3833913276231,530001.0,25.9,32338079165.2893,-2.17825104530091,709.975280761719,0.66,33.70681,65.803,45548175.0
SD,Sudan,2018,836000.0,ST.INT.ARVL,Sudan,23.6780492505353,561520.0,24.6,32333780383.2924,-2.6809305497999,731.027465820313,0.66,33.73799133,65.501,44230596.0
SR,Suriname,2024,,ST.INT.ARVL,Suriname,,,,4714267822.2233,2.83958602846054,7430.70219176443,,,,634431.0
SR,Suriname,2023,,ST.INT.ARVL,Suriname,3.91810706046897,,78.3958,3455146280.83975,2.53956675446825,5494.07409425517,,,73.631,628886.0
SR,Suriname,2022,,ST.INT.ARVL,Suriname,3.88245766041872,,77.6494,3791603200.0259,2.40622235601218,6084.43876736445,,343.85302734,73.254,623164.0
SR,Suriname,2021,,ST.INT.ARVL,Suriname,3.84963678669192,20181.0,76.572,3107923197.96954,-2.43538583612838,5029.84838543953,,294.25476074,68.943,617896.0
SR,Suriname,2020,,ST.INT.ARVL,Suriname,3.81487831013121,221654.0,69.8369,2911807496.20227,-15.9751917148622,4755.39221710693,2.89,453.44619751,72.321,612317.0
SR,Suriname,2019,,ST.INT.ARVL,Suriname,3.77407650640365,236601.0,62.0,4016040575.08796,1.16758977233877,6629.66775248603,2.72,599.07025146,71.773,605768.0
SR,Suriname,2018,,ST.INT.ARVL,Suriname,3.73510639152873,272347.0,55.1,3996198866.57453,4.94827108468886,6665.74180472239,2.88,445.90789795,71.468,599513.0
SE,Sweden,2024,,ST.INT.ARVL,Sweden,,,95.5293,610117791237.089,0.973832212948594,57723.2345031532,,,,10569709.0
SE,Sweden,2023,,ST.INT.ARVL,Sweden,25.8713678886243,,95.7033,585489968189.064,-0.114161935397789,55567.0890080496,,6152.33300781,83.309756097561,10536632.0
SE,Sweden,2022,,ST.INT.ARVL,Sweden,25.7487256923983,,95.0097,579895717343.956,1.45928849980044,55296.9371472535,,5943.36132813,83.0585365853659,10486941.0
SE,Sweden,2021,,ST.INT.ARVL,Sweden,25.5740792575133,20067143.633,94.6703,637186904843.636,5.93750858896414,61174.9680215622,,6842.46044922,83.0560975609756,10415811.0
SE,Sweden,2020,1957000.0,ST.INT.ARVL,Sweden,25.4209438224317,14105839.7975,94.5394,545147614972.141,-2.0053375219518,52653.7565934247,2.05,6003.09375,82.3560975609756,10353442.0
SE,Sweden,2019,7616000.0,ST.INT.ARVL,Sweden,25.2378879395011,50957868.602,94.4934,532169294165.94,2.54964787203104,51773.0464558993,2.07,5652.98974609,83.109756097561,10278887.0
SE,Sweden,2018,7440000.0,ST.INT.ARVL,Sweden,24.9814588688378,51473905.0,89.247,551312498430.164,1.90296457254834,54181.9069780904,2.14,6005.06591797,82.5585365853659,10175214.0
CH,Switzerland,2024,,ST.INT.ARVL,Switzerland,,,,936564198048.516,1.30233332541106,103669.872008144,,,,9034102.0
CH,Switzerland,2023,,ST.INT.ARVL,Switzerland,224.960167938804,,97.3444,894424821645.205,0.683328174376044,100631.802755125,,,84.0560975609756,8888093.0
CH,Switzerland,2022,,ST.INT.ARVL,Switzerland,222.150599739861,,96.4528,828508926958.393,3.04406102969423,94394.5106803525,,10963.43066406,83.6048780487805,8777088.0
CH,Switzerland,2021,,ST.INT.ARVL,Switzerland,220.31454103721,10988881.272,95.5694,815309330986.719,5.55962020605844,93664.7736696111,4.44,11262.23046875,83.7512195121951,8704546.0
CH,Switzerland,2020,,ST.INT.ARVL,Switzerland,218.63446962171,9009607.2,94.3499,741999406005.627,-2.14173712008038,85897.7843338323,4.48,10348.34667969,83.0,8638167.0
CH,Switzerland,2019,11818000.0,ST.INT.ARVL,Switzerland,217.042781721823,30339654.0,93.1461,721369112726.724,1.14198218965691,84121.9310304414,4.59,9646.91308594,83.9048780487805,8575280.0
CH,Switzerland,2018,11715000.0,ST.INT.ARVL,Switzerland,215.500094533915,28857994.0,91.8,725568717468.001,2.86044579439036,85217.3691512274,4.63,9577.30273438,83.7536585365854,8514329.0
SY,Syrian Arab Republic,2024,,ST.INT.ARVL,Syrian Arab Republic,,,,,,,,,,24672760.0
SY,Syrian Arab Republic,2023,,ST.INT.ARVL,Syrian Arab Republic,128.490023416653,,,19993439949.5435,-1.20726420279644,847.372723418531,,,72.12,23594623.0
SY,Syrian Arab Republic,2022,,ST.INT.ARVL,Syrian Arab Republic,122.323002777324,,,23622827079.5047,0.732781301861365,1051.67149587463,,34.36484528,72.79,22462173.0
SY,Syrian Arab Republic,2021,,ST.INT.ARVL,Syrian Arab Republic,117.784888090181,672219.0,,14353205678.4991,1.85421590064124,663.614245706815,1.43,25.79880524,72.418,21628839.0
SY,Syrian Arab Republic,2020,,ST.INT.ARVL,Syrian Arab Republic,114.629575777378,299469.0,,12047752036.091,-0.697154504235129,572.355289831901,1.39,30.63546944,71.944,21049429.0
SY,Syrian Arab Republic,2019,2424000.0,ST.INT.ARVL,Syrian Arab Republic,110.839917224854,18456.6450466215,34.65,22583045060.0821,1.22070522070523,1109.53926036049,1.26,50.25953293,70.97,20353534.0
SY,Syrian Arab Republic,2018,1802000.0,ST.INT.ARVL,Syrian Arab Republic,106.615721831945,17896.9211653632,33.77,21497782867.6426,1.39317607830837,1098.0668642357,1.26,43.59334946,67.371,19577845.0
TJ,Tajikistan,2024,,ST.INT.ARVL,Tajikistan,,,,14204575548.5536,8.39999980983981,1341.20229027672,,,,10590927.0
TJ,Tajikistan,2023,,ST.INT.ARVL,Tajikistan,74.8598530153469,,56.791,12244169292.7998,8.29999921651935,1178.47990060249,,,71.79,10389799.0
TJ,Tajikistan,2022,,ST.INT.ARVL,Tajikistan,73.3642337344189,,53.1078,10713525200.3998,8.00000033846364,1052.17949484894,,78.61326599,71.562,10182222.0
TJ,Tajikistan,2021,,ST.INT.ARVL,Tajikistan,71.8128683622739,125163.504,49.8409,8937805347.13963,9.39999955037523,896.748053372182,4.32,75.10315704,69.594,9966908.0
TJ,Tajikistan,2020,,ST.INT.ARVL,Tajikistan,70.2450464730888,260316.0,27.5441,8133963550.65742,4.40000111553493,834.311715460625,4.36,74.17329407,68.605,9749310.0
TJ,Tajikistan,2019,,ST.INT.ARVL,Tajikistan,68.6646444268319,539094.616,,8300813599.3084,7.40000016310556,871.022372934846,4.35,60.51568222,70.962,9529966.0
TJ,Tajikistan,2018,1035000.0,ST.INT.ARVL,Tajikistan,67.060544707832,492320.0,,7764999999.45362,7.5999988895536,834.288404578801,4.43,58.51539993,70.737,9307333.0
TZ,Tanzania,2024,,ST.INT.ARVL,Tanzania,,,,78779864877.3018,5.5263138305945,1185.74548339844,,,,68560157.0
TZ,Tanzania,2023,,ST.INT.ARVL,Tanzania,75.2061481146986,,29.0638,79062403836.8432,5.06952353203394,1224.48962402344,,,66.995,66617606.0
TZ,Tanzania,2022,,ST.INT.ARVL,Tanzania,73.0546635809438,,22.101,75769974505.0106,4.56600576430955,1207.85302734375,,35.64775848,66.879,64711821.0
TZ,Tanzania,2021,,ST.INT.ARVL,Tanzania,70.9306976744186,1146973.0,19.0314,70655628147.8986,4.32138429480482,1159.85656738281,,37.56311798,66.131,62830412.0
TZ,Tanzania,2020,,ST.INT.ARVL,Tanzania,68.8335944908557,823670.0,17.7693,66068737786.0639,1.99196460647855,1117.41528320313,0.63,31.72098923,66.771,60972798.0
TZ,Tanzania,2019,1527000.0,ST.INT.ARVL,Tanzania,66.8038959132987,1498093.0,16.5909,61026731925.9213,5.79999999996723,1063.32250976563,0.61,39.98176956,66.007,59174891.0
TZ,Tanzania,2018,1506000.0,ST.INT.ARVL,Tanzania,64.842114472793,1698386.0,15.4907,57003712892.0858,5.46808181528009,1023.10626220703,0.43,41.28152084,65.488,57437145.0
TH,Thailand,2024,,ST.INT.ARVL,Thailand,,,90.8672,526411265427.683,2.52596175771495,7345.13569000377,,,,71668011.0
TH,Thailand,2023,,ST.INT.ARVL,Thailand,140.348088629646,,89.5353,515906283940.933,2.01775095328327,7195.10130919449,,,76.412,71702435.0
TH,Thailand,2022,,ST.INT.ARVL,Thailand,140.412474309538,,87.9772,495644697587.661,2.58037874709827,6909.35281815827,,369.97647095,75.291,71735329.0
TH,Thailand,2021,,ST.INT.ARVL,Thailand,140.396821233534,12734583.0,85.2696,506194668789.937,1.55216608426647,7057.20754802279,2.34,363.72845459,77.606,71727332.0
TH,Thailand,2020,,ST.INT.ARVL,Thailand,140.228785061364,28179302.666,77.8437,500461898480.246,-6.05003846851622,6985.64393892574,2.33,304.3817749,77.331,71641484.0
TH,Thailand,2019,39916000.0,ST.INT.ARVL,Thailand,139.995441288731,76344410.0,66.6524,543976691793.886,2.11455779628278,7605.69657797759,2.22,288.31097412,77.197,71522271.0
TH,Thailand,2018,38178000.0,ST.INT.ARVL,Thailand,139.709289670966,76053042.754,56.8175,506754208404.485,4.22287028746071,7099.77650081458,2.1,274.71221924,77.19,71376079.0
TL,Timor-Leste,2024,,ST.INT.ARVL,Timor-Leste,,,,1881265333.4187,-2.18912155633342,1343.14886031844,,,,1400638.0
TL,Timor-Leste,2023,,ST.INT.ARVL,Timor-Leste,93.0925353059852,,34.0207,2079916909.49485,-18.1247909563732,1502.51964514186,,,67.689,1384286.0
TL,Timor-Leste,2022,,ST.INT.ARVL,Timor-Leste,92.0843981170141,,34.5102,3208593982.01071,-20.5415847471733,2343.24523350389,,174.91215515,67.368,1369295.0
TL,Timor-Leste,2021,,ST.INT.ARVL,Timor-Leste,90.7961667787492,,35.042,3624889673.07263,5.31553853667641,2684.82702378987,,132.07870483,66.199,1350139.0
TL,Timor-Leste,2020,,ST.INT.ARVL,Timor-Leste,89.1763954270343,,32.0127,2162619240.86927,31.961918565387,1630.86938521256,,118.49451447,66.919,1326053.0
TL,Timor-Leste,2019,74800.0030517578,ST.INT.ARVL,Timor-Leste,87.4878950907868,,28.0046,2032550389.41316,23.4120135843883,1562.36458068032,,78.01346588,66.496,1300945.0
TL,Timor-Leste,2018,74599.9984741211,ST.INT.ARVL,Timor-Leste,85.8075991930061,,27.6,1555988614.43594,0.000114754914861237,1219.46599728983,,78.07413483,66.204,1275959.0
TG,Togo,2024,,ST.INT.ARVL,Togo,,,,9925732119.72034,5.30000531416641,1043.14092889765,,,,9515236.0
TG,Togo,2023,,ST.INT.ARVL,Togo,171.067052767053,,37.0223,9171261837.57103,6.40792215636242,985.697512629974,,,62.739,9304337.0
TG,Togo,2022,,ST.INT.ARVL,Togo,167.121492921493,,35.5105,8169476148.95692,5.75954251521733,898.758154410712,,54.01099014,62.29,9089738.0
TG,Togo,2021,,ST.INT.ARVL,Togo,163.235502849789,672184.0,30.3384,8342243645.94438,5.99087610392314,939.613373786407,,52.72237015,61.328,8878379.0
TG,Togo,2020,482000.0,ST.INT.ARVL,Togo,159.399154256297,320806.0,29.0237,7400284167.78479,1.99215501870344,853.578220263722,,52.75213242,61.123,8669720.0
TG,Togo,2019,876000.0,ST.INT.ARVL,Togo,155.599705828277,633629.0,20.7273,6992700101.37188,4.92292591685973,826.260654099894,0.58,48.85387421,61.055,8463068.0
TG,Togo,2018,573000.0,ST.INT.ARVL,Togo,151.843684500827,566295.0,15.5,7029300383.08031,4.7950602703237,851.130806891807,0.65,52.43610382,60.601,8258778.0
TO,Tonga,2024,,ST.INT.ARVL,Tonga,,,,,,,,,,104175.0
TO,Tonga,2023,,ST.INT.ARVL,Tonga,145.273611111111,,58.5334,508735107.033734,2.08415583636545,4863.76384632192,,,72.895,104597.0
TO,Tonga,2022,,ST.INT.ARVL,Tonga,145.891666666667,,57.7181,518180029.413435,-2.3098644452046,4933.07466930785,,378.30541992,72.635,105042.0
TO,Tonga,2021,,ST.INT.ARVL,Tonga,146.513888888889,,57.5486,518228028.701685,0.362604273010447,4912.57966349119,,341.50390625,72.13,105490.0
TO,Tonga,2020,,ST.INT.ARVL,Tonga,146.811111111111,,,496856303.949489,1.78339589901164,4700.44940541029,,256.30737305,72.379,105704.0
TO,Tonga,2019,94000.0,ST.INT.ARVL,Tonga,146.7625,,,494197853.971842,-0.208433391421963,4676.84802517145,,260.73986816,72.292,105669.0
TO,Tonga,2018,77300.0030517578,ST.INT.ARVL,Tonga,146.620833333333,,,489714529.780507,0.687546506680718,4638.8978542585,,272.08758545,72.169,105567.0
TT,Trinidad and Tobago,2024,,ST.INT.ARVL,Trinidad and Tobago,,,,26428963758.1307,1.65060334585279,19314.7163432664,,,,1368333.0
TT,Trinidad and Tobago,2023,,ST.INT.ARVL,Trinidad and Tobago,266.571150097466,,84.6994,25489373405.0619,1.42711339770401,18639.259241294,,,73.49,1367510.0
TT,Trinidad and Tobago,2022,,ST.INT.ARVL,Trinidad and Tobago,266.238791423002,,84.4957,28510328245.1372,1.08222233950819,20874.37682915,,1292.01806641,73.331,1365805.0
TT,Trinidad and Tobago,2021,,ST.INT.ARVL,Trinidad and Tobago,266.580506822612,652148.0,84.3658,24177305760.2763,-0.911992866865646,17679.1812561341,1.61,1173.39306641,71.111,1367558.0
TT,Trinidad and Tobago,2020,141000.0,ST.INT.ARVL,Trinidad and Tobago,266.418128654971,677670.0,77.2813,20991339706.5613,-8.90279446006656,15358.8612973066,1.92,1051.83642578,72.645,1366725.0
TT,Trinidad and Tobago,2019,480000.0,ST.INT.ARVL,Trinidad and Tobago,265.884015594542,2583595.0,75.0,23588037786.7403,0.471813384187158,17293.4730123427,1.9,1097.20556641,72.836,1363985.0
TT,Trinidad and Tobago,2018,501000.0,ST.INT.ARVL,Trinidad and Tobago,264.949902534113,2458183.0,72.8,23888910151.9167,-0.985525082864029,17575.8042838042,2.38,1080.45397949,72.658,1359193.0
TN,Tunisia,2024,,ST.INT.ARVL,Tunisia,,,,53409988744.5968,1.35065253490181,4350.3717971875,,,,12277109.0
TN,Tunisia,2023,,ST.INT.ARVL,Tunisia,78.530065653965,,72.3542,48196281783.9479,0.0391565674939329,3950.3753419816,,,76.508,12200431.0
TN,Tunisia,2022,,ST.INT.ARVL,Tunisia,78.0080715756952,,70.5532,44948769171.285,2.67331821840567,3708.8481241036,,265.85464478,76.05,12119334.0
TN,Tunisia,2021,,ST.INT.ARVL,Tunisia,77.5529222451081,1675777.0,68.3155,47073234359.1819,4.7363207484732,3906.93926319391,2.42,270.34024048,72.893,12048622.0
TN,Tunisia,2020,2012000.0,ST.INT.ARVL,Tunisia,77.0729724510814,1381745.0,68.5564,42491780918.361,-9.01193412390238,3548.65363663803,2.38,250.46203613,75.004,11974057.0
TN,Tunisia,2019,9429000.0,ST.INT.ARVL,Tunisia,76.4358972708548,4335325.0,66.7,41905642418.825,1.58784665466504,3528.87213306798,1.79,212.60031128,75.599,11875081.0
TN,Tunisia,2018,8299000.0,ST.INT.ARVL,Tunisia,75.7306513903193,4274199.0,64.1908,42686504459.801,2.62493010870395,3628.10366464236,1.79,215.418396,75.37,11765514.0
TR,Turkiye,2024,,ST.INT.ARVL,Turkiye,,,87.3079,1323254808058.74,3.18402435479221,15473.2872636856,,,,85518661.0
TR,Turkiye,2023,,ST.INT.ARVL,Turkiye,110.866214934449,,85.9607,1118252958513.72,5.11116818488702,13105.6585004778,,,77.156,85325965.0
TR,Turkiye,2022,,ST.INT.ARVL,Turkiye,110.416580694619,,83.4372,907118434653.505,5.53342787492781,10674.504157865,,385.87997437,77.591,84979913.0
TR,Turkiye,2021,,ST.INT.ARVL,Turkiye,109.334768655068,69065868.0,81.4084,819865223976.115,11.4393956926566,9743.21277804855,,431.33978271,75.722,84147318.0
TR,Turkiye,2020,15971000.0,ST.INT.ARVL,Turkiye,108.343853540013,44722690.061,77.6696,720338490327.248,1.85987303976462,8638.73903848102,2.99,386.2593689,76.525,83384680.0
TR,Turkiye,2019,51747000.0,ST.INT.ARVL,Turkiye,107.297584553617,111131475.0,73.9767,761005915750.925,0.818514526726673,9215.44049888114,2.84,388.67486572,77.737,82579440.0
TR,Turkiye,2018,46113000.0,ST.INT.ARVL,Turkiye,105.774468250978,115595495.817,71.0428,778972108040.602,3.0131703931215,9568.83506330228,2.8,380.27835083,77.454,81407204.0
TM,Turkmenistan,2024,,ST.INT.ARVL,Turkmenistan,,,,64239891739.3311,2.26411722659043,8571.60702949432,,,,7494498.0
TM,Turkmenistan,2023,,ST.INT.ARVL,Turkmenistan,15.6713510522844,,,60628857142.8571,6.30015758549871,8232.65225980002,,,70.073,7364438.0
TM,Turkmenistan,2022,,ST.INT.ARVL,Turkmenistan,15.3856808460835,,,58972000000.0,6.19999993621698,8156.35211950774,,579.15454102,69.913,7230193.0
TM,Turkmenistan,2021,,ST.INT.ARVL,Turkmenistan,15.0917008916222,648370.136,,50007428571.4286,6.20000001747076,7051.20211079213,4.03,471.86325073,69.353,7092043.0
TM,Turkmenistan,2020,,ST.INT.ARVL,Turkmenistan,14.7892494626859,1084543.419,,45818000000.0,5.900000048526,6592.60146027748,4.09,420.0083313,68.846,6949912.0
TM,Turkmenistan,2019,,ST.INT.ARVL,Turkmenistan,14.4786329878918,2081424.32,,45232857142.8571,6.30000004226711,6648.0348960628,4.13,432.78118896,69.405,6803944.0
TM,Turkmenistan,2018,,ST.INT.ARVL,Turkmenistan,14.1627987147022,2457474.0,,40765428571.4286,6.19999994137119,6125.05169712085,4.19,411.32562256,69.272,6655524.0
TC,Turks and Caicos Islands,2024,,ST.INT.ARVL,Turks and Caicos Islands,,,,1745378000.0,5.63682517443362,37506.7798431288,,,,46535.0
TC,Turks and Caicos Islands,2023,,ST.INT.ARVL,Turks and Caicos Islands,48.6294736842105,,,1638653000.0,13.7311481139228,35470.2151608295,,,78.008,46198.0
TC,Turks and Caicos Islands,2022,,ST.INT.ARVL,Turks and Caicos Islands,48.26,,,1434119000.0,14.0871234168153,31280.5418020808,,,77.918,45847.0
TC,Turks and Caicos Islands,2021,,ST.INT.ARVL,Turks and Caicos Islands,47.6242105263158,,,1236459000.0,29.6293781722414,27329.2885087196,,,77.234,45243.0
TC,Turks and Caicos Islands,2020,370399.993896484,ST.INT.ARVL,Turks and Caicos Islands,46.7221052631579,,,918387000.0,-33.8170973434652,20690.9160546118,,,77.499,44386.0
TC,Turks and Caicos Islands,2019,1599000.0,ST.INT.ARVL,Turks and Caicos Islands,45.4378947368421,,,1371838000.0,4.98170549382992,31780.5217068989,,,77.691,43166.0
TC,Turks and Caicos Islands,2018,1463000.0,ST.INT.ARVL,Turks and Caicos Islands,43.7463157894737,,,1314329000.0,91.1370388737081,31625.616593277,,,77.596,41559.0
TV,Tuvalu,2024,,ST.INT.ARVL,Tuvalu,,,,,,,,,,9646.0
TV,Tuvalu,2023,,ST.INT.ARVL,Tuvalu,327.2,,74.3146,62280311.5852172,3.85280919517032,6344.7750188689,,,67.105,9816.0
TV,Tuvalu,2022,,ST.INT.ARVL,Tuvalu,333.066666666667,,73.5846,59065982.0873657,0.677309361438304,5911.32727055301,,1084.66955566,66.852,9992.0
TV,Tuvalu,2021,,ST.INT.ARVL,Tuvalu,339.8,,73.3124,60196405.7138393,1.8041359113616,5905.08198095343,,1152.32275391,65.824,10194.0
TV,Tuvalu,2020,,ST.INT.ARVL,Tuvalu,346.633333333333,,61.0265,51746594.3148543,-4.27493206901397,4976.11254109571,,923.06542969,66.357,10399.0
TV,Tuvalu,2019,3599.99990463257,ST.INT.ARVL,Tuvalu,352.7,,50.7996,54123198.5662913,13.8220984406966,5115.13075950206,,1128.93554688,66.109,10581.0
TV,Tuvalu,2018,3200.00004768372,ST.INT.ARVL,Tuvalu,358.366666666667,,42.2865,48015259.8751356,1.38728384151602,4466.12034928245,,816.8225708,65.871,10751.0
UG,Uganda,2024,,ST.INT.ARVL,Uganda,,,8.94983,53651874313.9836,6.13645201846398,1072.71369837695,,,,50015092.0
UG,Uganda,2023,,ST.INT.ARVL,Uganda,242.65210951526,,15.2524,48768955859.2834,5.33697295511469,1002.30913908852,,,68.252,48656601.0
UG,Uganda,2022,,ST.INT.ARVL,Uganda,235.950124675843,,11.1246,45565333216.4142,4.58802192181773,963.067314233497,,44.14502716,67.675,47312719.0
UG,Uganda,2021,,ST.INT.ARVL,Uganda,228.959355675244,16490.0,10.0,40529788744.0595,3.53658034070898,882.791717442001,,51.03484726,66.45,45910930.0
UG,Uganda,2020,473000.0,ST.INT.ARVL,Uganda,221.709315778975,4946.0,7.4,37600368239.8824,2.95130642218098,845.76646385001,,44.73381805,66.41,44457152.0
UG,Uganda,2019,1543000.0,ST.INT.ARVL,Uganda,214.440639337722,19822.5,,35353061007.9635,6.43874503276439,822.171150141651,,33.36559677,66.354,42999637.0
UG,Uganda,2018,1506000.0,ST.INT.ARVL,Uganda,207.290200478755,21212.0,,32927025619.6795,6.30392378262997,792.16570022814,,32.9515686,65.775,41565831.0
UA,Ukraine,2024,,ST.INT.ARVL,Ukraine,,,,190741263731.535,2.91382221470535,5389.47314453125,,,,37860221.0
UA,Ukraine,2023,,ST.INT.ARVL,Ukraine,65.1239834311357,,82.3755,181221517868.744,5.53473354745886,5139.59814453125,,,73.422,37732836.0
UA,Ukraine,2022,,ST.INT.ARVL,Ukraine,70.8470245081118,,82.6753,161989520721.19,-28.7585842155085,4199.6708984375,,,72.658,41048766.0
UA,Ukraine,2021,,ST.INT.ARVL,Ukraine,76.4560579910252,3282709.0,79.2183,199765859570.935,3.44562065945944,4775.94580078125,,369.90487671,71.631,44298640.0
UA,Ukraine,2020,3382000.0,ST.INT.ARVL,Ukraine,77.1142802899551,1801014.0,75.0379,156617722013.342,-3.75281793983162,3709.76928710938,6.26,265.07846069,73.283,44680014.0
UA,Ukraine,2019,13710000.0,ST.INT.ARVL,Ukraine,77.5931273731446,7604522.332,70.1248,153883047509.577,3.19950386354134,3619.86157226563,6.67,242.81388855,73.92,44957458.0
UA,Ukraine,2018,14342000.0,ST.INT.ARVL,Ukraine,78.0271090783569,7854842.0,62.5532,130891088293.55,3.48836234022659,3059.0517578125,6.79,217.73760986,73.569,45208907.0
AE,United Arab Emirates,2024,,ST.INT.ARVL,United Arab Emirates,,,100.0,537078829135.466,3.76161544553149,49377.5643384379,,,,10876981.0
AE,United Arab Emirates,2023,,ST.INT.ARVL,United Arab Emirates,147.616882568291,,100.0,514130432648.06,3.61870653118159,49040.6947521035,,,82.909,10483751.0
AE,United Arab Emirates,2022,,ST.INT.ARVL,United Arab Emirates,141.861123627147,,100.0,502731935194.01,7.50969703496445,49899.0652975197,,2314.74511719,80.487,10074977.0
AE,United Arab Emirates,2021,,ST.INT.ARVL,United Arab Emirates,134.823317375387,28422616.0,100.0,415178792756.978,4.35475529659919,43360.0211001327,1.98,2249.96313477,79.083,9575152.0
AE,United Arab Emirates,2020,8084000.0,ST.INT.ARVL,United Arab Emirates,132.371698113208,26116897.0,100.0,349473015330.157,-4.95705243303316,37173.8754093066,1.94,2154.41113281,81.936,9401038.0
AE,United Arab Emirates,2019,25282000.0,ST.INT.ARVL,United Arab Emirates,133.001760067587,93995208.09,99.15,417989721742.682,1.10834813453296,44251.4541398817,1.87,1962.46728516,82.596,9445785.0
AE,United Arab Emirates,2018,23092000.0,ST.INT.ARVL,United Arab Emirates,131.606603773585,95758342.0,98.45,427049432157.931,1.31391388153578,45689.8570049401,1.63,1872.58422852,82.449,9346701.0
GB,United Kingdom,2024,,ST.INT.ARVL,United Kingdom,,,,3643834188782.91,1.10066786639271,52636.7865943853,,,,69226000.0
GB,United Kingdom,2023,,ST.INT.ARVL,United Kingdom,283.106683751498,,96.2988,3369861888972.88,0.39708234553963,49200.8101526146,,5366.77685547,81.2380975609756,68492000.0
GB,United Kingdom,2022,,ST.INT.ARVL,United Kingdom,279.436200553879,,96.2989,3114042471144.39,4.83908517877134,46062.9914079698,,5035.6171875,81.0112195121951,67604000.0
GB,United Kingdom,2021,,ST.INT.ARVL,United Kingdom,276.873475798785,26631932.0,96.1965,3143323050707.26,8.57595087393024,46926.475736105,2.35,5612.04931641,80.6473170731707,66984000.0
GB,United Kingdom,2020,11101000.0,ST.INT.ARVL,United Kingdom,275.881453312942,30237827.0,94.8182,2696778386607.65,-10.296918859171,40404.8062238951,2.43,4816.15283203,80.331756097561,66744000.0
GB,United Kingdom,2019,40857000.0,ST.INT.ARVL,United Kingdom,275.414376059191,142392528.0,92.5166,2851407164907.81,1.62447518038404,42794.0022648288,2.45,4258.63476563,81.3691219512195,66631000.0
GB,United Kingdom,2018,40283000.0,ST.INT.ARVL,United Kingdom,274.000744016864,165388610.0,90.692,2871340347581.79,1.40519025981538,43315.4874501318,2.5,4219.48632813,81.2560975609756,66289000.0
US,United States,2024,,ST.INT.ARVL,United States,,,,29184890000000.0,2.79619035621393,85809.9003846356,,,,340110988.0
US,United States,2023,,ST.INT.ARVL,United States,36.8198061311277,,93.1444,27720709000000.0,2.88755600905984,82304.6204272866,,,78.3853658536585,336806231.0
US,United States,2022,,ST.INT.ARVL,United States,36.5149212564854,,92.2016,26006893000000.0,2.5123753198332,77860.9112908848,,12434.43359375,77.4341463414634,334017321.0
US,United States,2021,,ST.INT.ARVL,United States,36.3052926398919,666153000.0,91.2684,23681171000000.0,6.05505293304556,71307.4017277218,,11999.09082031,76.3292682926829,332099760.0
US,United States,2020,45037000.0,ST.INT.ARVL,United States,36.248222996211,369501000.0,90.3447,21354105000000.0,-2.16302913866512,64401.5074354212,2.74,11672.77050781,76.9804878048781,331577720.0
US,United States,2019,165478000.0,ST.INT.ARVL,United States,36.1004771837305,926737000.0,89.4303,21539982000000.0,2.58382533018889,65227.9565911038,2.75,10546.01367188,78.7878048780488,330226227.0
US,United States,2018,169324921.875,ST.INT.ARVL,United States,35.9149986553586,889024000.0,88.4989,20656516000000.0,2.96650506916596,62875.6661382728,2.78,10182.25585938,78.6390243902439,328529577.0
UY,Uruguay,2024,,ST.INT.ARVL,Uruguay,,,91.9911,80961511073.5797,3.10825478066172,23906.5133029408,,,,3386588.0
UY,Uruguay,2023,,ST.INT.ARVL,Uruguay,19.3582504856588,,89.896,77991666837.7382,0.742128785315927,23019.4221560046,,,78.138,3388081.0
UY,Uruguay,2022,,ST.INT.ARVL,Uruguay,19.3744314935436,,89.873,70594110920.0358,4.48622703072073,20818.6146091144,,1850.80737305,76.468,3390913.0
UY,Uruguay,2021,,ST.INT.ARVL,Uruguay,19.4074677179751,,87.6444,60739084240.8633,5.84427312558179,17881.818721099,2.48,1594.98059082,75.434,3396695.0
UY,Uruguay,2020,,ST.INT.ARVL,Uruguay,19.4204548051651,,85.471,53559359261.826,-7.35732706484723,15757.5355995779,2.49,1432.00463867,78.381,3398968.0
UY,Uruguay,2019,3480000.0,ST.INT.ARVL,Uruguay,19.4103873842989,,83.3515,62222313618.8454,0.928351141267498,18315.7316980028,2.47,1692.50195313,77.503,3397206.0
UY,Uruguay,2018,3954000.0,ST.INT.ARVL,Uruguay,19.3951205576506,,80.7268,65344577415.7535,0.164777608940113,19249.9404677501,2.49,1713.26611328,77.527,3394534.0
UZ,Uzbekistan,2024,,ST.INT.ARVL,Uzbekistan,,,,114965293466.611,6.49999999997677,3161.70010632875,,,,36361859.0
UZ,Uzbekistan,2023,,ST.INT.ARVL,Uzbekistan,80.9084466129581,,89.0136,102641879248.764,6.29141635082311,2878.96879292451,,,72.388,35652307.0
UZ,Uzbekistan,2022,,ST.INT.ARVL,Uzbekistan,79.2892236957962,,83.9,90095926567.4359,6.00134232203442,2578.66689394219,,169.43212891,72.147,34938955.0
UZ,Uzbekistan,2021,,ST.INT.ARVL,Uzbekistan,77.7112512566577,2010914.0,76.5904,77340060003.0347,8.03468312640049,2258.51964119278,4.86,156.44789124,71.681,34243696.0
UZ,Uzbekistan,2020,,ST.INT.ARVL,Uzbekistan,76.2200658118688,933769.0,71.1,66443265418.3086,1.56334277260515,1978.28051860763,4.78,120.29019165,71.461,33586372.0
UZ,Uzbekistan,2019,6749000.0,ST.INT.ARVL,Uzbekistan,74.8253929702307,3685192.0,70.4,67293639798.3996,6.77992399655236,2041.38480729431,4.65,98.6240387,72.093,32964701.0
UZ,Uzbekistan,2018,5346000.0,ST.INT.ARVL,Uzbekistan,73.4780871882284,3056558.0,55.2,58695899092.1083,5.55919572919288,1813.08530813664,4.73,82.53038788,71.999,32373490.0
VU,Vanuatu,2024,,ST.INT.ARVL,Vanuatu,,,,1161251868.03498,3.96725830607052,3542.81071592874,,,,327777.0
VU,Vanuatu,2023,,ST.INT.ARVL,Vanuatu,26.2845775225595,,45.7313,1126313359.21923,-0.964792281661744,3515.23633611798,,,71.477,320409.0
VU,Vanuatu,2022,,ST.INT.ARVL,Vanuatu,25.6805578342904,,45.6747,1030654208.30053,5.18622862422562,3292.34108821237,,135.42979431,71.302,313046.0
VU,Vanuatu,2021,,ST.INT.ARVL,Vanuatu,25.0917145200984,128164.0,45.6772,982362211.918412,-1.55229489129462,3211.71947349318,,141.28567505,69.952,305868.0
VU,Vanuatu,2020,82400.0015258789,ST.INT.ARVL,Vanuatu,24.5166529942576,136360.0,41.3916,909421043.508407,-4.99249142889525,3042.98711598286,,125.41011047,70.385,298858.0
VU,Vanuatu,2019,256000.0,ST.INT.ARVL,Vanuatu,23.9528301886792,466865.053133403,37.5081,936526267.622513,3.24118765540442,3207.44650452083,,112.13746643,70.783,291985.0
VU,Vanuatu,2018,350200.012207031,ST.INT.ARVL,Vanuatu,23.4010664479081,374603.0,33.989,914727908.137793,2.90023027256446,3206.65748718811,,110.32492065,70.626,285259.0
VE,"Venezuela, RB",2024,,ST.INT.ARVL,"Venezuela, RB",,,,,,,,,,28405543.0
VE,"Venezuela, RB",2023,,ST.INT.ARVL,"Venezuela, RB",32.0853171588912,,,,,,,,72.514,28300854.0
VE,"Venezuela, RB",2022,,ST.INT.ARVL,"Venezuela, RB",31.9857343688,,,,,,,208.56968689,72.566,28213017.0
VE,"Venezuela, RB",2021,,ST.INT.ARVL,"Venezuela, RB",32.0138608922397,265276.0,,,,,,162.50117493,71.536,28237826.0
VE,"Venezuela, RB",2020,,ST.INT.ARVL,"Venezuela, RB",32.2476923076923,283524.0,,,,,0.99,153.24269104,72.369,28444077.0
VE,"Venezuela, RB",2019,,ST.INT.ARVL,"Venezuela, RB",32.8077750694405,1516839.0,,,,,0.93,112.7611084,72.766,28938098.0
VE,"Venezuela, RB",2018,,ST.INT.ARVL,"Venezuela, RB",33.7935400487501,2217407.0,,,,,1.09,164.68154907,72.641,29807592.0
VN,Viet Nam,2024,,ST.INT.ARVL,Viet Nam,,,84.15,476388230307.175,7.09118746633975,4717.29028732449,,,,100987686.0
VN,Viet Nam,2023,,ST.INT.ARVL,Viet Nam,320.175197572656,,78.08,433857681378.291,5.06502391455075,4323.35031982451,,,74.588,100352192.0
VN,Viet Nam,2022,,ST.INT.ARVL,Viet Nam,318.032648542413,,78.59,413445230668.578,8.53750046755788,4147.69777213621,,188.89749146,74.502,99680655.0
VN,Viet Nam,2021,,ST.INT.ARVL,Viet Nam,315.653937574379,14754847.0,74.21,366474752771.009,2.55372852648131,3704.1935590038,,168.08033752,74.145,98935098.0
VN,Viet Nam,2020,3837000.0,ST.INT.ARVL,Viet Nam,312.923153250018,31771202.0,70.3,346615738537.796,2.86541320912272,3534.03953482647,,153.10160828,75.383,98079191.0
VN,Viet Nam,2019,18009000.0,ST.INT.ARVL,Viet Nam,310.034412897339,53227026.0,68.6616,334365270496.667,7.35926270105006,3440.90025375434,,171.15296936,74.211,97173776.0
VN,Viet Nam,2018,15498000.0,ST.INT.ARVL,Viet Nam,307.046632570694,47049671.0,69.8479,310106478394.659,7.46500685572751,3222.31003125366,,161.97871399,74.1,96237319.0
VI,Virgin Islands (U.S.),2024,,ST.INT.ARVL,Virgin Islands (U.S.),,,,,,,,,,104377.0
VI,Virgin Islands (U.S.),2023,,ST.INT.ARVL,Virgin Islands (U.S.),299.762857142857,,,,,,,,80.519512195122,104917.0
VI,Virgin Islands (U.S.),2022,,ST.INT.ARVL,Virgin Islands (U.S.),301.18,,,4672000000.0,-1.31123206333498,44320.909185774,,,80.319512195122,105413.0
VI,Virgin Islands (U.S.),2021,,ST.INT.ARVL,Virgin Islands (U.S.),302.485714285714,,,4507000000.0,3.66760707873814,42571.0777368471,,,80.0682926829268,105870.0
VI,Virgin Islands (U.S.),2020,8612000.0,ST.INT.ARVL,Virgin Islands (U.S.),303.685714285714,,,4229000000.0,-1.61493817814787,39787.3741650202,,,79.819512195122,106290.0
VI,Virgin Islands (U.S.),2019,2074000.0,ST.INT.ARVL,Virgin Islands (U.S.),304.768571428571,,,4121000000.0,2.90833549727343,38633.5298915336,,,79.6682926829268,106669.0
VI,Virgin Islands (U.S.),2018,1922000.0,ST.INT.ARVL,Virgin Islands (U.S.),305.717142857143,,,3923000000.0,1.87830687830687,36663.2087550584,,,79.5195121951219,107001.0
PS,West Bank and Gaza,2024,,ST.INT.ARVL,West Bank and Gaza,,,,13711100000.0,-26.5575264529877,2592.30591217647,,,,5289152.0
PS,West Bank and Gaza,2023,,ST.INT.ARVL,West Bank and Gaza,857.390041493776,,86.6377,17847900000.0,-4.55580428525744,3455.02852911712,,,65.17,5165775.0
PS,West Bank and Gaza,2022,,ST.INT.ARVL,West Bank and Gaza,837.114024896266,,88.6469,19165500000.0,4.08276027347105,3799.95527015163,,350.63812256,76.662,5043612.0
PS,West Bank and Gaza,2021,,ST.INT.ARVL,West Bank and Gaza,817.05377593361,,82.1783,18109000000.0,7.01198227592003,3678.63565662194,,364.4173584,73.89,4922749.0
PS,West Bank and Gaza,2020,93000.0,ST.INT.ARVL,West Bank and Gaza,797.885215946844,,76.01,15531700000.0,-11.3184661065134,3233.56863835858,,314.82254028,74.998,4803269.0
PS,West Bank and Gaza,2019,688000.0,ST.INT.ARVL,West Bank and Gaza,778.290033222591,,70.6226,17133500000.0,1.36268746558062,3656.85827137011,,317.45007324,75.811,4685306.0
PS,West Bank and Gaza,2018,606000.0,ST.INT.ARVL,West Bank and Gaza,758.984551495017,,64.4,16276600000.0,1.22707737782703,3562.33094270256,,324.02166748,75.38,4569087.0
YE,"Yemen, Rep.",2024,,ST.INT.ARVL,"Yemen, Rep.",,,,,,,,,,40583164.0
YE,"Yemen, Rep.",2023,,ST.INT.ARVL,"Yemen, Rep.",74.6080250771824,,,,,,,,69.295,39390799.0
YE,"Yemen, Rep.",2022,,ST.INT.ARVL,"Yemen, Rep.",72.395924010834,,,,,,,38.11569214,67.952,38222876.0
YE,"Yemen, Rep.",2021,,ST.INT.ARVL,"Yemen, Rep.",70.3453415913783,52034.893,,,,,,32.01807785,66.019,37140230.0
YE,"Yemen, Rep.",2020,,ST.INT.ARVL,"Yemen, Rep.",68.4411292308275,52034.893,13.8152,,,,,32.30203629,66.435,36134863.0
YE,"Yemen, Rep.",2019,,ST.INT.ARVL,"Yemen, Rep.",66.5026573479554,,,,,,,43.06481552,66.567,35111408.0
YE,"Yemen, Rep.",2018,,ST.INT.ARVL,"Yemen, Rep.",64.5589370608179,336310.0,,21606160663.0131,0.752447591972881,633.887202450998,,83.34048462,65.915,34085182.0
ZM,Zambia,2024,,ST.INT.ARVL,Zambia,,,,26325775287.0226,4.0431482994443,1235.08466482514,,,,21314956.0
ZM,Zambia,2023,,ST.INT.ARVL,Zambia,27.8776483407095,,33.0,27577956471.244,5.36794285493059,1330.72780576709,,,66.349,20723965.0
ZM,Zambia,2022,,ST.INT.ARVL,Zambia,27.1095091405588,,15.0,29163782140.4858,5.21122360356247,1447.12310138035,,76.05962372,65.279,20152938.0
ZM,Zambia,2021,,ST.INT.ARVL,Zambia,26.3705551594721,136609.957,32.5,22096416932.0089,6.23492204726448,1127.16077872857,,74.83802795,62.363,19603607.0
ZM,Zambia,2020,502000.0,ST.INT.ARVL,Zambia,25.6384872005273,8717.833,24.5,18137764930.651,-2.78505506545167,951.644316655957,,60.01779938,63.361,19059395.0
ZM,Zambia,2019,1266000.0,ST.INT.ARVL,Zambia,24.9046113076582,17505.6896363636,18.7,23308667781.2258,1.44130602603785,1258.98619844462,,85.02349854,62.914,18513839.0
ZM,Zambia,2018,1072000.0,ST.INT.ARVL,Zambia,24.1778460834824,16633.1389415488,14.3,26311507273.6735,4.03449389667165,1463.89997855593,,69.82767487,62.138,17973569.0
ZW,Zimbabwe,2024,,ST.INT.ARVL,Zimbabwe,,,,44187704410.1191,2.02948414337123,2656.40937654332,,,,16634373.0
ZW,Zimbabwe,2023,,ST.INT.ARVL,Zimbabwe,42.24071862479,,38.4266,35231369343.4002,5.33677037339527,2156.03409322984,,,62.775,16340822.0
ZW,Zimbabwe,2022,,ST.INT.ARVL,Zimbabwe,41.5382086079876,,37.8861,32789657377.9788,6.1391761744749,2040.54658705395,,70.66313934,62.36,16069056.0
ZW,Zimbabwe,2021,,ST.INT.ARVL,Zimbabwe,40.8354917926845,75638.12,37.0967,27240507841.6729,8.46803916934418,1724.38727102272,,63.51144791,60.135,15797210.0
ZW,Zimbabwe,2020,639000.0,ST.INT.ARVL,Zimbabwe,40.13671448882,324226.537,29.2986,26868564055.12,-7.81693284075131,1730.45391034701,,51.14250565,61.53,15526888.0
ZW,Zimbabwe,2019,2294000.0,ST.INT.ARVL,Zimbabwe,39.4762000775494,,26.5883,25715657177.4682,-6.33244975108572,1683.91313584141,,55.10725403,61.06,15271368.0
ZW,Zimbabwe,2018,2580000.0,ST.INT.ARVL,Zimbabwe,38.8637766576192,282539.0,25.0,34156057417.3285,5.00992138188113,2271.85250365817,,114.76815033,60.906,15034452.0
